Cur.,Imp.,Event,Actual,Forecast,Previous,datetime
USD,3.0,S&P Global US Manufacturing PMI (Dec),46.2,46.2,47.7,2023-01-03 14:45:00
USD,2.0,Construction Spending (MoM) (Nov),0.20%,-0.40%,-0.20%,2023-01-03 15:00:00
USD,1.0,3-Month Bill Auction,4.41%,,4.35%,2023-01-03 16:30:00
USD,1.0,6-Month Bill Auction,4.64%,,4.60%,2023-01-03 16:30:00
USD,,Mortgage Market Index,184.5,,212.5,2023-01-04 12:00:00
USD,,MBA 30-Year Mortgage Rate,6.58%,,6.34%,2023-01-04 12:00:00
USD,,MBA Mortgage Applications (WoW),-10.30%,,0.90%,2023-01-04 12:00:00
USD,,MBA Purchase Index,160.2,,182.5,2023-01-04 12:00:00
USD,,Mortgage Refinance Index,310.9,,371.4,2023-01-04 12:00:00
USD,,Redbook (YoY),10.20%,,9.60%,2023-01-04 13:55:00
USD,,JOLTs Job Openings (Nov),10.458M,10.000M,10.512M,2023-01-04 15:00:00
USD,,ISM Manufacturing Prices (Dec),39.4,42.6,43,2023-01-04 15:00:00
USD,,ISM Manufacturing PMI (Dec),48.4,48.5,49,2023-01-04 15:00:00
USD,,ISM Manufacturing New Orders Index (Dec),45.2,,47.2,2023-01-04 15:00:00
USD,,ISM Manufacturing Employment (Dec),51.4,48.3,48.4,2023-01-04 15:00:00
USD,,FOMC Meeting Minutes,,,,2023-01-04 19:00:00
USD,,Fed's Balance Sheet,"8,507.43B",,"8,551.17B",2023-01-04 20:30:00
USD,,API Weekly Crude Oil Stock,3.298M,,-1.300M,2023-01-04 21:30:00
USD,,Total Vehicle Sales,13.30M,,14.10M,2023-01-04 23:00:00
USD,,Challenger Job Cuts (Dec),43.651K,,76.835K,2023-01-05 12:30:00
USD,,Challenger Job Cuts (YoY),129.10%,,416.50%,2023-01-05 12:30:00
USD,,ADP Nonfarm Employment Change (Dec),235K,150K,182K,2023-01-05 13:15:00
USD,,Trade Balance (Nov),-61.50B,-73.00B,-77.80B,2023-01-05 13:30:00
USD,,Jobless Claims 4-Week Avg.,213.75K,,220.50K,2023-01-05 13:30:00
USD,,Initial Jobless Claims,204K,225K,223K,2023-01-05 13:30:00
USD,,Imports,313.40B,,334.80B,2023-01-05 13:30:00
USD,,Exports,251.90B,,256.90B,2023-01-05 13:30:00
USD,,Continuing Jobless Claims,"1,694K","1,708K","1,718K",2023-01-05 13:30:00
USD,,FOMC Member Bostic Speaks,,,,2023-01-05 14:20:00
USD,,All Car Sales (Dec),2.78M,,3.16M,2023-01-05 14:30:00
USD,,All Truck Sales (Dec),10.53M,,11.06M,2023-01-05 14:30:00
USD,,S&P Global Composite PMI (Dec),45,44.6,46.4,2023-01-05 14:45:00
USD,,S&P Global Services PMI (Dec),44.7,44.4,46.2,2023-01-05 14:45:00
USD,,Natural Gas Storage,-221B,-228B,-213B,2023-01-05 15:30:00
USD,,EIA Weekly Distillates Stocks,-1.427M,-0.396M,0.282M,2023-01-05 16:00:00
USD,,Heating Oil Stockpiles,-0.476M,,0.011M,2023-01-05 16:00:00
USD,,Gasoline Production,-1.678M,,0.592M,2023-01-05 16:00:00
USD,,EIA Weekly Refinery Utilization Rates (WoW),-12.40%,-2.90%,1.10%,2023-01-05 16:00:00
USD,,Distillate Fuel Production,-1.050M,,-0.017M,2023-01-05 16:00:00
USD,,Gasoline Inventories,-0.346M,-0.486M,-3.105M,2023-01-05 16:00:00
USD,,Crude Oil Imports,-1.282M,,1.328M,2023-01-05 16:00:00
USD,,EIA Refinery Crude Runs (WoW),-2.329M,,0.173M,2023-01-05 16:00:00
USD,,Crude Oil Inventories,1.694M,1.154M,0.718M,2023-01-05 16:00:00
USD,,Cushing Crude Oil Inventories,0.244M,,-0.195M,2023-01-05 16:00:00
USD,,4-Week Bill Auction,4.10%,,3.83%,2023-01-05 16:30:00
USD,,8-Week Bill Auction,4.43%,,4.25%,2023-01-05 16:30:00
USD,,FOMC Member Bullard Speaks,,,,2023-01-05 18:20:00
USD,2.0,Participation Rate (Dec),62.30%,,62.20%,2023-01-06 13:30:00
USD,3.0,Unemployment Rate (Dec),3.50%,3.70%,3.60%,2023-01-06 13:30:00
USD,2.0,U6 Unemployment Rate (Dec),6.50%,,6.70%,2023-01-06 13:30:00
USD,2.0,Private Nonfarm Payrolls (Dec),220K,180K,202K,2023-01-06 13:30:00
USD,1.0,Manufacturing Payrolls (Dec),8K,10K,8K,2023-01-06 13:30:00
USD,3.0,Nonfarm Payrolls (Dec),223K,200K,256K,2023-01-06 13:30:00
USD,1.0,Average Weekly Hours (Dec),34.3,34.4,34.4,2023-01-06 13:30:00
USD,2.0,Average Hourly Earnings (YoY) (YoY) (Dec),4.60%,5.00%,4.80%,2023-01-06 13:30:00
USD,3.0,Average Hourly Earnings (MoM) (Dec),0.30%,0.40%,0.40%,2023-01-06 13:30:00
USD,1.0,Government Payrolls (Dec),3.0K,,54.0K,2023-01-06 13:30:00
USD,1.0,Factory orders ex transportation (MoM) (Nov),-0.80%,,0.10%,2023-01-06 15:00:00
USD,1.0,Durables Excluding Defense (MoM) (Nov),-2.70%,,-2.60%,2023-01-06 15:00:00
USD,1.0,Durables Excluding Transport (MoM) (Nov),0.10%,,0.20%,2023-01-06 15:00:00
USD,2.0,Factory Orders (MoM) (Nov),-1.80%,-0.80%,0.40%,2023-01-06 15:00:00
USD,1.0,ISM Non-Manufacturing Business Activity (Dec),54.7,59.5,64.7,2023-01-06 15:00:00
USD,2.0,ISM Non-Manufacturing Employment (Dec),49.8,,51.5,2023-01-06 15:00:00
USD,1.0,ISM Non-Manufacturing New Orders (Dec),45.2,,56,2023-01-06 15:00:00
USD,3.0,ISM Non-Manufacturing PMI (Dec),49.6,55,56.5,2023-01-06 15:00:00
USD,3.0,ISM Non-Manufacturing Prices (Dec),67.6,,70,2023-01-06 15:00:00
USD,2.0,FOMC Member Bostic Speaks,,,,2023-01-06 16:15:00
USD,1.0,Fed Governor Cook Speaks,,,,2023-01-06 16:15:00
USD,1.0,FOMC Member Barkin Speaks,,,,2023-01-06 17:15:00
USD,2.0,U.S. Baker Hughes Total Rig Count,772,,779,2023-01-06 18:00:00
USD,2.0,U.S. Baker Hughes Oil Rig Count,618,,621,2023-01-06 18:00:00
USD,2.0,CFTC S&P 500 speculative net positions,-167.3K,,-174.3K,2023-01-06 20:30:00
USD,1.0,CFTC Aluminium speculative net positions,5.3K,,5.0K,2023-01-06 20:30:00
USD,1.0,CFTC Copper speculative net positions,-4.7K,,0.7K,2023-01-06 20:30:00
USD,1.0,CFTC Corn speculative net positions,267.5K,,235.1K,2023-01-06 20:30:00
USD,2.0,CFTC Crude Oil speculative net positions,227.6K,,247.6K,2023-01-06 20:30:00
USD,2.0,CFTC Gold speculative net positions,141.7K,,136.9K,2023-01-06 20:30:00
USD,2.0,CFTC Nasdaq 100 speculative net positions,1.4K,,1.2K,2023-01-06 20:30:00
USD,1.0,CFTC Natural Gas speculative net positions,-169.8K,,-160.6K,2023-01-06 20:30:00
USD,1.0,CFTC Silver speculative net positions,30.9K,,31.0K,2023-01-06 20:30:00
USD,1.0,CFTC Soybeans speculative net positions,148.6K,,133.5K,2023-01-06 20:30:00
USD,1.0,CFTC Wheat speculative net positions,-32.3K,,-36.3K,2023-01-06 20:30:00
USD,2.0,FOMC Member Bostic Speaks,,,,2023-01-06 20:30:00
USD,1.0,CB Employment Trends Index (Dec),116.31,,117.14,2023-01-09 15:00:00
USD,2.0,NY Fed 1-Year Consumer Inflation Expectations,5.00%,,5.20%,2023-01-09 16:00:00
USD,1.0,6-Month Bill Auction,4.71%,,4.64%,2023-01-09 16:30:00
USD,1.0,3-Month Bill Auction,4.56%,,4.41%,2023-01-09 16:30:00
USD,2.0,Consumer Credit (Nov),27.96B,25.00B,29.12B,2023-01-09 20:00:00
USD,1.0,NFIB Small Business Optimism (Dec),89.8,91.5,91.9,2023-01-10 11:00:00
USD,1.0,Redbook (YoY),5.30%,,10.20%,2023-01-10 13:55:00
USD,3.0,Fed Chair Powell Speaks,,,,2023-01-10 14:00:00
USD,1.0,IBD/TIPP Economic Optimism,42.3,41.7,42.9,2023-01-10 15:00:00
USD,1.0,Wholesale Inventories (MoM),1.00%,1.00%,1.00%,2023-01-10 15:00:00
USD,1.0,Wholesale Trade Sales (MoM) (Nov),-0.60%,0.50%,0.40%,2023-01-10 15:00:00
USD,2.0,EIA Short-Term Energy Outlook,,,,2023-01-10 17:00:00
USD,2.0,3-Year Note Auction,3.98%,,4.09%,2023-01-10 18:00:00
USD,2.0,API Weekly Crude Oil Stock,14.865M,-2.375M,3.298,2023-01-10 21:30:00
USD,1.0,MBA 30-Year Mortgage Rate,6.42%,,6.58%,2023-01-11 12:00:00
USD,1.0,MBA Mortgage Applications (WoW),1.20%,,-10.30%,2023-01-11 12:00:00
USD,1.0,MBA Purchase Index,159.4,,160.2,2023-01-11 12:00:00
USD,1.0,Mortgage Market Index,186.7,,184.5,2023-01-11 12:00:00
USD,1.0,Mortgage Refinance Index,326.7,,310.9,2023-01-11 12:00:00
USD,1.0,Thomson Reuters IPSOS PCSI (Jan),50.23,,49.76,2023-01-11 15:30:00
USD,1.0,Gasoline Inventories,4.114M,1.186M,-0.346M,2023-01-11 15:30:00
USD,1.0,Heating Oil Stockpiles,0.405M,,-0.476M,2023-01-11 15:30:00
USD,1.0,Gasoline Production,0.067M,,-1.678M,2023-01-11 15:30:00
USD,1.0,EIA Weekly Distillates Stocks,-1.069M,-0.472M,-1.427M,2023-01-11 15:30:00
USD,1.0,EIA Weekly Refinery Utilization Rates (WoW),4.50%,6.10%,-12.40%,2023-01-11 15:30:00
USD,2.0,Cushing Crude Oil Inventories,2.511M,,0.244M,2023-01-11 15:30:00
USD,3.0,Crude Oil Inventories,18.962M,-2.243M,1.694M,2023-01-11 15:30:00
USD,1.0,Distillate Fuel Production,0.509M,,-1.050M,2023-01-11 15:30:00
USD,1.0,Crude Oil Imports,2.708M,,-1.282M,2023-01-11 15:30:00
USD,1.0,EIA Refinery Crude Runs (WoW),0.831M,,-2.329M,2023-01-11 15:30:00
USD,3.0,10-Year Note Auction,3.58%,,3.63%,2023-01-11 18:00:00
USD,2.0,Fed's Balance Sheet,"8,508.59B",,"8,507.43B",2023-01-11 20:30:00
USD,2.0,FOMC Member Harker Speaks,,,,2023-01-12 12:30:00
USD,1.0,Jobless Claims 4-Week Avg.,212.50K,,214.25K,2023-01-12 13:30:00
USD,1.0,Real Earnings (MoM) (Dec),0.10%,,0.20%,2023-01-12 13:30:00
USD,3.0,Initial Jobless Claims,205K,215K,206K,2023-01-12 13:30:00
USD,1.0,"CPI Index, s.a (Dec)",298.11,,298.35,2023-01-12 13:30:00
USD,1.0,"CPI Index, n.s.a. (Dec)",296.8,296.7,297.71,2023-01-12 13:30:00
USD,3.0,CPI (MoM) (Dec),-0.10%,0.00%,0.20%,2023-01-12 13:30:00
USD,1.0,"CPI, n.s.a (MoM) (Dec)",-0.31%,,-0.10%,2023-01-12 13:30:00
USD,1.0,Core CPI Index (Dec),300.97,,300.07,2023-01-12 13:30:00
USD,2.0,Core CPI (YoY) (Dec),5.70%,5.70%,6.00%,2023-01-12 13:30:00
USD,3.0,CPI (YoY) (Dec),6.50%,6.50%,7.10%,2023-01-12 13:30:00
USD,3.0,Core CPI (MoM) (Dec),0.30%,0.30%,0.30%,2023-01-12 13:30:00
USD,2.0,Continuing Jobless Claims,"1,634K","1,705K","1,697K",2023-01-12 13:30:00
USD,1.0,Natural Gas Storage,11B,-15B,-221B,2023-01-12 15:30:00
USD,1.0,Cleveland CPI (MoM) (Dec),0.40%,,0.50%,2023-01-12 16:00:00
USD,1.0,8-Week Bill Auction,4.47%,,4.43%,2023-01-12 16:30:00
USD,1.0,4-Week Bill Auction,4.37%,,4.10%,2023-01-12 16:30:00
USD,2.0,WASDE Report,,,,2023-01-12 17:00:00
USD,3.0,30-Year Bond Auction,3.59%,,3.51%,2023-01-12 18:00:00
USD,2.0,Federal Budget Balance (Dec),-85.0B,-70.0B,-249.0B,2023-01-12 19:00:00
USD,1.0,Reserve Balances with Federal Reserve Banks,3.117T,,3.050T,2023-01-12 21:30:00
USD,2.0,FOMC Member Harker Speaks,,,,2023-01-13 12:30:00
USD,1.0,Import Price Index ex Petroleum (MoM),0.80%,,-0.30%,2023-01-13 12:30:00
USD,2.0,Import Price Index (MoM) (Dec),0.40%,-0.90%,-0.70%,2023-01-13 13:30:00
USD,1.0,Export Price Index (YoY),5.00%,,6.30%,2023-01-13 13:30:00
USD,2.0,Export Price Index (MoM) (Dec),-2.60%,-0.50%,-0.40%,2023-01-13 13:30:00
USD,1.0,Import Price Index (YoY),3.50%,,2.70%,2023-01-13 13:30:00
USD,2.0,Michigan Consumer Sentiment (Jan),64.6,60.5,59.7,2023-01-13 15:00:00
USD,1.0,Michigan Current Conditions (Jan),68.6,60,59.4,2023-01-13 15:00:00
USD,2.0,Michigan Consumer Expectations (Jan),62,59.5,59.9,2023-01-13 15:00:00
USD,2.0,Michigan 1-Year Inflation Expectations (Jan),4.00%,,4.40%,2023-01-13 15:00:00
USD,2.0,Michigan 5-Year Inflation Expectations (Jan),3.00%,,2.90%,2023-01-13 15:00:00
USD,2.0,U.S. Baker Hughes Oil Rig Count,623,,618,2023-01-13 18:00:00
USD,2.0,U.S. Baker Hughes Total Rig Count,725,,772,2023-01-13 18:00:00
USD,1.0,CFTC Wheat speculative net positions,-39.7K,,-32.3K,2023-01-13 20:30:00
USD,1.0,CFTC Soybeans speculative net positions,140.3K,,148.6K,2023-01-13 20:30:00
USD,1.0,CFTC Silver speculative net positions,29.0K,,30.9K,2023-01-13 20:30:00
USD,2.0,CFTC S&P 500 speculative net positions,-213.2K,,-167.3K,2023-01-13 20:30:00
USD,1.0,CFTC Natural Gas speculative net positions,-172.5K,,-169.8K,2023-01-13 20:30:00
USD,2.0,CFTC Nasdaq 100 speculative net positions,-8.2K,,1.4K,2023-01-13 20:30:00
USD,2.0,CFTC Crude Oil speculative net positions,205.2K,,227.6K,2023-01-13 20:30:00
USD,1.0,CFTC Corn speculative net positions,233.8K,,267.5K,2023-01-13 20:30:00
USD,1.0,CFTC Copper speculative net positions,10.2K,,-4.7K,2023-01-13 20:30:00
USD,1.0,CFTC Aluminium speculative net positions,5.2K,,5.3K,2023-01-13 20:30:00
USD,2.0,CFTC Gold speculative net positions,150.5K,,141.7K,2023-01-13 20:30:00
USD,2.0,OPEC Monthly Report,,,,2023-01-17 12:00:00
USD,2.0,NY Empire State Manufacturing Index (Jan),-32.9,-8.7,-11.2,2023-01-17 13:30:00
USD,1.0,6-Month Bill Auction,4.69%,,4.71%,2023-01-17 16:30:00
USD,1.0,3-Month Bill Auction,4.56%,,4.56%,2023-01-17 16:30:00
USD,2.0,FOMC Member Williams Speaks,,,,2023-01-17 20:00:00
USD,2.0,IEA Monthly Report,,,,2023-01-18 09:00:00
USD,1.0,MBA 30-Year Mortgage Rate,6.23%,,6.42%,2023-01-18 12:00:00
USD,1.0,MBA Mortgage Applications (WoW),27.90%,,1.20%,2023-01-18 12:00:00
USD,1.0,MBA Purchase Index,198.7,,159.4,2023-01-18 12:00:00
USD,1.0,Mortgage Market Index,238.7,,186.7,2023-01-18 12:00:00
USD,1.0,Mortgage Refinance Index,438.3,,326.7,2023-01-18 12:00:00
USD,1.0,Retail Sales (YoY) (Dec),6.02%,,6.01%,2023-01-18 13:30:00
USD,3.0,Retail Sales (MoM) (Dec),-1.10%,-0.80%,-1.00%,2023-01-18 13:30:00
USD,2.0,Retail Control (MoM) (Dec),-0.70%,-0.30%,-0.20%,2023-01-18 13:30:00
USD,1.0,PPI (YoY) (Dec),6.20%,6.80%,7.30%,2023-01-18 13:30:00
USD,3.0,PPI (MoM) (Dec),-0.50%,-0.10%,0.20%,2023-01-18 13:30:00
USD,1.0,PPI ex. Food/Energy/Transport (YoY) (Dec),4.60%,,4.90%,2023-01-18 13:30:00
USD,1.0,Core PPI (YoY) (Dec),5.50%,5.70%,6.20%,2023-01-18 13:30:00
USD,2.0,Core PPI (MoM) (Dec),0.10%,0.10%,0.20%,2023-01-18 13:30:00
USD,1.0,PPI ex. Food/Energy/Transport (MoM) (Dec),0.10%,,0.30%,2023-01-18 13:30:00
USD,3.0,Core Retail Sales (MoM) (Dec),-1.10%,-0.40%,-0.60%,2023-01-18 13:30:00
USD,1.0,Retail Sales Ex Gas/Autos (MoM) (Dec),-0.70%,,-0.50%,2023-01-18 13:30:00
USD,1.0,Redbook (YoY),5.00%,,5.30%,2023-01-18 13:55:00
USD,2.0,FOMC Member Bostic Speaks,,,,2023-01-18 14:00:00
USD,1.0,Capacity Utilization Rate (Dec),78.80%,79.60%,79.40%,2023-01-18 14:15:00
USD,2.0,Industrial Production (YoY) (Dec),1.65%,,2.18%,2023-01-18 14:15:00
USD,2.0,Industrial Production (MoM) (Dec),-0.70%,-0.10%,-0.60%,2023-01-18 14:15:00
USD,1.0,Manufacturing Production (MoM) (Dec),-1.30%,-0.30%,-1.10%,2023-01-18 14:15:00
USD,2.0,FOMC Member Bullard Speaks,,,,2023-01-18 14:30:00
USD,2.0,Retail Inventories Ex Auto (Nov),-0.30%,,-0.60%,2023-01-18 15:00:00
USD,2.0,Business Inventories (MoM) (Nov),0.40%,0.40%,0.20%,2023-01-18 15:00:00
USD,1.0,NAHB Housing Market Index (Jan),35,31,31,2023-01-18 15:00:00
USD,2.0,20-Year Bond Auction,3.68%,,3.94%,2023-01-18 18:00:00
USD,2.0,FOMC Member George Speaks,,,,2023-01-18 18:00:00
USD,2.0,Beige Book,,,,2023-01-18 19:00:00
USD,2.0,FOMC Member Harker Speaks,,,,2023-01-18 19:00:00
USD,2.0,Fed's Balance Sheet,"8,489.04B",,"8,508.59B",2023-01-18 20:30:00
USD,1.0,Overall Net Capital Flow (Nov),213.10B,,179.30B,2023-01-18 21:00:00
USD,1.0,TIC Net Long-Term Transactions including Swaps (Nov),165.20B,,50.80B,2023-01-18 21:00:00
USD,2.0,TIC Net Long-Term Transactions (Nov),171.5B,92.7B,67.8B,2023-01-18 21:00:00
USD,1.0,"US Foreign Buying, T-bonds (Nov)",54.20B,,61.90B,2023-01-18 21:00:00
USD,2.0,API Weekly Crude Oil Stock,7.615M,-1.750M,14.865M,2023-01-18 21:30:00
USD,1.0,Fed Logan Speaks,,,,2023-01-18 23:00:00
USD,1.0,Building Permits (MoM) (Dec),-1.60%,,-10.60%,2023-01-19 13:30:00
USD,2.0,Building Permits (Dec),1.330M,1.370M,1.351M,2023-01-19 13:30:00
USD,2.0,Continuing Jobless Claims,"1,647K","1,660K","1,630K",2023-01-19 13:30:00
USD,2.0,Housing Starts (Dec),1.382M,1.359M,1.401M,2023-01-19 13:30:00
USD,2.0,Housing Starts (MoM) (Dec),-1.40%,,-1.80%,2023-01-19 13:30:00
USD,3.0,Initial Jobless Claims,190K,214K,205K,2023-01-19 13:30:00
USD,1.0,Jobless Claims 4-Week Avg.,206.00K,,212.50K,2023-01-19 13:30:00
USD,3.0,Philadelphia Fed Manufacturing Index (Jan),-8.9,-11,-13.7,2023-01-19 13:30:00
USD,1.0,Philly Fed Business Conditions (Jan),4.9,,-0.9,2023-01-19 13:30:00
USD,2.0,Philly Fed CAPEX Index (Jan),10.5,,16.2,2023-01-19 13:30:00
USD,1.0,Philly Fed Employment (Jan),10.9,,-0.9,2023-01-19 13:30:00
USD,1.0,Philly Fed New Orders (Jan),-10.9,,-22.3,2023-01-19 13:30:00
USD,1.0,Philly Fed Prices Paid (Jan),24.5,,36.3,2023-01-19 13:30:00
USD,1.0,Fed Collins Speaks,,,,2023-01-19 14:00:00
USD,3.0,Natural Gas Storage,-82B,-71B,11B,2023-01-19 15:30:00
USD,1.0,Heating Oil Stockpiles,-0.260M,,0.405M,2023-01-19 16:00:00
USD,1.0,Gasoline Inventories,3.483M,2.529M,4.114M,2023-01-19 16:00:00
USD,1.0,Gasoline Production,0.332M,,0.067M,2023-01-19 16:00:00
USD,1.0,EIA Weekly Refinery Utilization Rates (WoW),1.20%,3.80%,4.50%,2023-01-19 16:00:00
USD,1.0,EIA Weekly Distillates Stocks,-1.939M,0.122M,-1.069M,2023-01-19 16:00:00
USD,1.0,Cushing Crude Oil Inventories,3.646M,,2.511M,2023-01-19 16:00:00
USD,2.0,Crude Oil Imports,-1.224M,,2.708M,2023-01-19 16:00:00
USD,1.0,EIA Refinery Crude Runs (WoW),0.202M,,0.831M,2023-01-19 16:00:00
USD,1.0,Crude Oil Inventories,8.408M,-0.593M,18.962M,2023-01-19 16:00:00
USD,1.0,Distillate Fuel Production,0.057M,,0.509M,2023-01-19 16:00:00
USD,1.0,8-Week Bill Auction,4.52%,,4.47%,2023-01-19 16:30:00
USD,1.0,4-Week Bill Auction,4.48%,,4.37%,2023-01-19 16:36:00
USD,2.0,10-Year TIPS Auction,1.22%,,1.49%,2023-01-19 18:00:00
USD,1.0,Fed Vice Chair Brainard Speaks,,,,2023-01-19 18:15:00
USD,1.0,Reserve Balances with Federal Reserve Banks,3.118T,,3.117T,2023-01-19 21:30:00
USD,2.0,FOMC Member Williams Speaks,,,,2023-01-19 23:35:00
USD,2.0,FOMC Member Harker Speaks,,,,2023-01-20 14:00:00
USD,3.0,Existing Home Sales (Dec),4.02M,3.96M,4.08M,2023-01-20 15:00:00
USD,2.0,Existing Home Sales (MoM) (Dec),-1.50%,-5.40%,-7.90%,2023-01-20 15:00:00
USD,2.0,Fed Waller Speaks,,,,2023-01-20 18:00:00
USD,2.0,U.S. Baker Hughes Total Rig Count,771,,775,2023-01-20 18:00:00
USD,2.0,U.S. Baker Hughes Oil Rig Count,613,,623,2023-01-20 18:00:00
USD,2.0,CFTC S&P 500 speculative net positions,-226.8K,,-213.2K,2023-01-20 20:30:00
USD,1.0,CFTC Aluminium speculative net positions,5.5K,,5.2K,2023-01-20 20:30:00
USD,1.0,CFTC Copper speculative net positions,16.2K,,10.2K,2023-01-20 20:30:00
USD,1.0,CFTC Corn speculative net positions,271.9K,,233.8K,2023-01-20 20:30:00
USD,2.0,CFTC Crude Oil speculative net positions,239.2K,,205.2K,2023-01-20 20:30:00
USD,2.0,CFTC Gold speculative net positions,153.2K,,150.5K,2023-01-20 20:30:00
USD,2.0,CFTC Nasdaq 100 speculative net positions,-20.6K,,-8.2K,2023-01-20 20:30:00
USD,1.0,CFTC Natural Gas speculative net positions,-177.2K,,-172.5K,2023-01-20 20:30:00
USD,1.0,CFTC Silver speculative net positions,31.5K,,29.0K,2023-01-20 20:30:00
USD,1.0,CFTC Soybeans speculative net positions,169.1K,,140.3K,2023-01-20 20:30:00
USD,1.0,CFTC Wheat speculative net positions,-42.0K,,-39.7K,2023-01-20 20:30:00
USD,2.0,US Leading Index (MoM) (Dec),-1.00%,-0.70%,-1.10%,2023-01-23 15:00:00
USD,1.0,3-Month Bill Auction,4.58%,,4.56%,2023-01-23 16:30:00
USD,1.0,6-Month Bill Auction,4.69%,,4.69%,2023-01-23 16:30:00
USD,1.0,Redbook (YoY),4.60%,,5.00%,2023-01-24 13:55:00
USD,2.0,S&P Global Composite PMI (Jan),46.6,,45,2023-01-24 14:45:00
USD,3.0,S&P Global Services PMI (Jan),46.6,45,44.7,2023-01-24 14:45:00
USD,3.0,S&P Global US Manufacturing PMI (Jan),46.8,46,46.2,2023-01-24 14:45:00
USD,1.0,Richmond Manufacturing Index (Jan),-11,-5,1,2023-01-24 15:00:00
USD,1.0,Richmond Manufacturing Shipments (Jan),-3,,5,2023-01-24 15:00:00
USD,1.0,Richmond Services Index (Jan),-6,,-12,2023-01-24 15:00:00
USD,1.0,52-Week Bill Auction,4.47%,,4.52%,2023-01-24 16:30:00
USD,2.0,2-Year Note Auction,4.14%,,4.37%,2023-01-24 18:00:00
USD,1.0,M2 Money Supply (MoM) (Dec),21.38T,,21.42T,2023-01-24 18:00:00
USD,2.0,API Weekly Crude Oil Stock,3.378M,1.600M,7.615M,2023-01-24 21:30:00
USD,1.0,Mortgage Refinance Index,502.3,,438.3,2023-01-25 12:00:00
USD,1.0,Mortgage Market Index,255.3,,238.7,2023-01-25 12:00:00
USD,1.0,MBA 30-Year Mortgage Rate,6.20%,,6.23%,2023-01-25 12:00:00
USD,1.0,MBA Mortgage Applications (WoW),7.00%,,27.90%,2023-01-25 12:00:00
USD,1.0,MBA Purchase Index,205.4,,198.7,2023-01-25 12:00:00
USD,1.0,Gasoline Production,-0.034M,,0.332M,2023-01-25 15:30:00
USD,1.0,Gasoline Inventories,1.763M,1.767M,3.483M,2023-01-25 15:30:00
USD,1.0,EIA Weekly Refinery Utilization Rates (WoW),0.80%,1.20%,1.20%,2023-01-25 15:30:00
USD,1.0,Heating Oil Stockpiles,-0.234M,,-0.260M,2023-01-25 15:30:00
USD,1.0,Distillate Fuel Production,-0.009M,,0.057M,2023-01-25 15:30:00
USD,1.0,EIA Refinery Crude Runs (WoW),0.128M,,0.202M,2023-01-25 15:30:00
USD,2.0,Cushing Crude Oil Inventories,4.267M,,3.646M,2023-01-25 15:30:00
USD,1.0,Crude Oil Imports,-1.791M,,-1.224M,2023-01-25 15:30:00
USD,3.0,Crude Oil Inventories,0.533M,0.971M,8.408M,2023-01-25 15:30:00
USD,1.0,EIA Weekly Distillates Stocks,-0.507M,-1.121M,-1.939M,2023-01-25 15:30:00
USD,2.0,5-Year Note Auction,3.53%,,3.97%,2023-01-25 18:00:00
USD,2.0,Fed's Balance Sheet,"8,471B",,"8,489B",2023-01-25 20:30:00
USD,2.0,Building Permits (Dec),1.337M,,1.351M,2023-01-26 13:00:00
USD,1.0,Building Permits (MoM) (Dec),-1.00%,,-10.60%,2023-01-26 13:00:00
USD,3.0,Initial Jobless Claims,186K,205K,192K,2023-01-26 13:30:00
USD,2.0,Goods Trade Balance (Dec),-90.27B,,-82.93B,2023-01-26 13:30:00
USD,1.0,Wholesale Inventories (MoM),0.10%,0.50%,1.00%,2023-01-26 13:30:00
USD,1.0,Goods Orders Non Defense Ex Air (MoM) (Dec),-0.20%,-0.20%,0.10%,2023-01-26 13:30:00
USD,1.0,Real Consumer Spending (Q4),2.10%,,2.30%,2023-01-26 13:30:00
USD,2.0,Retail Inventories Ex Auto (Dec),0.30%,,-0.40%,2023-01-26 13:30:00
USD,1.0,PCE Prices (Q4),3.20%,,4.30%,2023-01-26 13:30:00
USD,1.0,GDP Sales (Q4),1.40%,,4.50%,2023-01-26 13:30:00
USD,1.0,Jobless Claims 4-Week Avg.,197.50K,,206.75K,2023-01-26 13:30:00
USD,3.0,GDP (QoQ) (Q4),2.90%,2.60%,3.20%,2023-01-26 13:30:00
USD,1.0,Durables Excluding Defense (MoM) (Dec),6.30%,,-2.30%,2023-01-26 13:30:00
USD,3.0,Durable Goods Orders (MoM) (Dec),5.60%,2.50%,-1.70%,2023-01-26 13:30:00
USD,2.0,Core PCE Prices (Q4),3.90%,4.00%,4.70%,2023-01-26 13:30:00
USD,2.0,Core Durable Goods Orders (MoM) (Dec),-0.10%,-0.20%,0.10%,2023-01-26 13:30:00
USD,2.0,Continuing Jobless Claims,"1,675K","1,659K","1,655K",2023-01-26 13:30:00
USD,1.0,Chicago Fed National Activity (Nov),-0.49,,-0.05,2023-01-26 13:30:00
USD,2.0,GDP Price Index (QoQ) (Q4),3.50%,3.30%,4.40%,2023-01-26 13:30:00
USD,3.0,New Home Sales (Dec),616K,617K,602K,2023-01-26 15:00:00
USD,2.0,New Home Sales (MoM) (Dec),2.30%,-4.70%,0.70%,2023-01-26 15:00:00
USD,1.0,Natural Gas Storage,-91B,-82B,-82B,2023-01-26 15:30:00
USD,1.0,KC Fed Composite Index (Jan),-1,,-4,2023-01-26 16:00:00
USD,1.0,KC Fed Manufacturing Index (Jan),-4,,-6,2023-01-26 16:00:00
USD,1.0,4-Week Bill Auction,4.50%,,4.48%,2023-01-26 16:30:00
USD,1.0,8-Week Bill Auction,4.53%,,4.52%,2023-01-26 16:30:00
USD,2.0,7-Year Note Auction,3.52%,,3.92%,2023-01-26 18:00:00
USD,3.0,U.S. President Biden Speaks,,,,2023-01-26 19:45:00
USD,1.0,Reserve Balances with Federal Reserve Banks,3.000T,,3.118T,2023-01-26 21:30:00
USD,1.0,Real Personal Consumption (MoM) (Dec),-0.30%,,-0.20%,2023-01-27 13:30:00
USD,2.0,Personal Spending (MoM) (Dec),-0.20%,-0.10%,-0.10%,2023-01-27 13:30:00
USD,1.0,Personal Income (MoM) (Dec),0.20%,0.20%,0.30%,2023-01-27 13:30:00
USD,3.0,Core PCE Price Index (YoY) (Dec),4.40%,4.40%,4.70%,2023-01-27 13:30:00
USD,2.0,PCE Price index (YoY) (Dec),5.00%,5.50%,5.50%,2023-01-27 13:30:00
USD,3.0,Core PCE Price Index (MoM) (Dec),0.30%,0.30%,0.20%,2023-01-27 13:30:00
USD,2.0,PCE price index (MoM) (Dec),0.10%,0.20%,0.10%,2023-01-27 13:30:00
USD,1.0,Pending Home Sales Index (Dec),76.9,,75,2023-01-27 15:00:00
USD,1.0,Michigan Current Conditions (Jan),68.4,68.6,59.4,2023-01-27 15:00:00
USD,2.0,Michigan Consumer Sentiment (Jan),64.9,64.6,59.7,2023-01-27 15:00:00
USD,2.0,Pending Home Sales (MoM) (Dec),2.50%,-0.90%,-2.60%,2023-01-27 15:00:00
USD,2.0,Michigan 5-Year Inflation Expectations (Jan),2.90%,3.00%,2.90%,2023-01-27 15:00:00
USD,2.0,Michigan 1-Year Inflation Expectations (Jan),3.90%,4.40%,4.00%,2023-01-27 15:00:00
USD,2.0,Michigan Consumer Expectations (Jan),62.7,62,59.9,2023-01-27 15:00:00
USD,2.0,U.S. Baker Hughes Oil Rig Count,609,,613,2023-01-27 18:00:00
USD,2.0,U.S. Baker Hughes Total Rig Count,771,,771,2023-01-27 18:00:00
USD,1.0,Dallas Fed PCE (Dec),2.30%,,3.00%,2023-01-27 18:14:00
USD,2.0,CFTC S&P 500 speculative net positions,-209.0K,,-226.8K,2023-01-27 20:30:00
USD,1.0,CFTC Soybeans speculative net positions,155.2K,,169.1K,2023-01-27 20:30:00
USD,1.0,CFTC Silver speculative net positions,25.7K,,31.5K,2023-01-27 20:30:00
USD,1.0,CFTC Wheat speculative net positions,-48.3K,,-42.0K,2023-01-27 20:30:00
USD,1.0,CFTC Natural Gas speculative net positions,-171.0K,,-177.2K,2023-01-27 20:30:00
USD,1.0,CFTC Corn speculative net positions,277.4K,,271.9K,2023-01-27 20:30:00
USD,2.0,CFTC Gold speculative net positions,157.7K,,153.2K,2023-01-27 20:30:00
USD,2.0,CFTC Crude Oil speculative net positions,249.8K,,239.2K,2023-01-27 20:30:00
USD,1.0,CFTC Copper speculative net positions,20.2K,,16.2K,2023-01-27 20:30:00
USD,1.0,CFTC Aluminium speculative net positions,5.9K,,5.5K,2023-01-27 20:30:00
USD,2.0,CFTC Nasdaq 100 speculative net positions,-25.3K,,-20.6K,2023-01-27 20:30:00
USD,1.0,Dallas Fed Mfg Business Index (Jan),-8.4,,-20,2023-01-30 15:30:00
USD,1.0,3-Month Bill Auction,4.60%,,4.58%,2023-01-30 16:30:00
USD,1.0,6-Month Bill Auction,4.68%,,4.69%,2023-01-30 16:30:00
USD,1.0,Employment Benefits (QoQ) (Q4),0.80%,,1.00%,2023-01-31 13:30:00
USD,2.0,Employment Cost Index (QoQ) (Q4),1.00%,1.10%,1.20%,2023-01-31 13:30:00
USD,1.0,Employment Wages (QoQ) (Q4),1.00%,,1.30%,2023-01-31 13:30:00
USD,1.0,OPEC Crude Oil Production Congo (Barrel),0.26M,,0.26M,2023-01-31 13:30:00
USD,1.0,OPEC Crude oil Production Saudi Arabia (Barrel),10.44M,,10.45M,2023-01-31 13:30:00
USD,1.0,Redbook (YoY),4.90%,,4.60%,2023-01-31 13:55:00
USD,2.0,S&P/CS HPI Composite - 20 n.s.a. (YoY) (Nov),6.80%,6.80%,8.70%,2023-01-31 14:00:00
USD,2.0,S&P/CS HPI Composite - 20 n.s.a. (MoM) (Nov),-0.80%,,-0.80%,2023-01-31 14:00:00
USD,1.0,S&P/CS HPI Composite - 20 s.a. (MoM) (Nov),-0.50%,-0.60%,-0.50%,2023-01-31 14:00:00
USD,1.0,House Price Index (YoY) (Nov),8.20%,,9.80%,2023-01-31 14:00:00
USD,1.0,House Price Index (MoM) (Nov),-0.10%,-0.40%,0.00%,2023-01-31 14:00:00
USD,1.0,House Price Index (Nov),392.3,,392.8,2023-01-31 14:00:00
USD,3.0,Chicago PMI (Jan),44.3,45,45.1,2023-01-31 14:45:00
USD,1.0,OPEC Crude oil Production Venezuela (Barrel),0.67M,,0.67M,2023-01-31 15:00:00
USD,1.0,OPEC Crude oil Production UAE (Barrel),3.04M,,3.05M,2023-01-31 15:00:00
USD,1.0,OPEC Crude Oil Production Nigeria (Barrel),1.27M,,1.18M,2023-01-31 15:00:00
USD,1.0,OPEC Crude Oil Production Libya (Barrel),1.15M,,1.16M,2023-01-31 15:00:00
USD,1.0,OPEC Crude Oil Production Kuwait (Barrel),2.65M,,2.68M,2023-01-31 15:00:00
USD,1.0,OPEC Crude oil Production Iran (Barrel),2.58M,,2.57M,2023-01-31 15:00:00
USD,1.0,OPEC Crude Oil Production Guinea (Barrel),0.06M,,0.06M,2023-01-31 15:00:00
USD,1.0,OPEC Crude Oil Production Gabon (Barrel),0.19M,,0.20M,2023-01-31 15:00:00
USD,1.0,OPEC Crude Oil Production Algeria (Barrel),1.02M,,1.03M,2023-01-31 15:00:00
USD,3.0,CB Consumer Confidence (Jan),107.1,109,109,2023-01-31 15:00:00
USD,1.0,OPEC Crude oil Production Iraq (Barrel),4.47M,,4.46M,2023-01-31 15:00:00
USD,1.0,Texas Services Sector Outlook (Jan),-15,,-20.5,2023-01-31 15:30:00
USD,1.0,Dallas Fed Services Revenues (Jan),4.9,,-0.6,2023-01-31 15:30:00
USD,2.0,API Weekly Crude Oil Stock,6.330M,-1.000M,3.378M,2023-01-31 21:30:00
USD,2.0,OPEC Meeting,,,,2023-02-01 10:00:00
USD,1.0,MBA Purchase Index,184.3,,205.4,2023-02-01 12:00:00
USD,1.0,Mortgage Refinance Index,466.6,,502.3,2023-02-01 12:00:00
USD,1.0,Mortgage Market Index,232.4,,255.3,2023-02-01 12:00:00
USD,1.0,MBA 30-Year Mortgage Rate,6.19%,,6.20%,2023-02-01 12:00:00
USD,1.0,MBA Mortgage Applications (WoW),-9.00%,,7.00%,2023-02-01 12:00:00
USD,1.0,Total Vehicle Sales,15.70M,,13.30M,2023-02-01 13:00:00
USD,3.0,ADP Nonfarm Employment Change (Jan),106K,178K,253K,2023-02-01 13:15:00
USD,3.0,S&P Global US Manufacturing PMI (Jan),46.9,46.8,46.8,2023-02-01 14:45:00
USD,2.0,Construction Spending (MoM) (Dec),-0.40%,-0.10%,0.50%,2023-02-01 15:00:00
USD,1.0,ISM Manufacturing New Orders Index (Jan),42.5,,45.1,2023-02-01 15:00:00
USD,3.0,ISM Manufacturing PMI (Jan),47.4,48,48.4,2023-02-01 15:00:00
USD,3.0,ISM Manufacturing Prices (Jan),44.5,39.5,39.4,2023-02-01 15:00:00
USD,3.0,JOLTs Job Openings (Dec),11.012M,10.250M,10.440M,2023-02-01 15:00:00
USD,2.0,ISM Manufacturing Employment (Jan),50.6,49,50.8,2023-02-01 15:00:00
USD,1.0,Crude Oil Imports,2.593M,,-1.791M,2023-02-01 15:30:00
USD,3.0,Crude Oil Inventories,4.140M,0.376M,0.533M,2023-02-01 15:30:00
USD,1.0,EIA Refinery Crude Runs (WoW),-0.020M,,0.128M,2023-02-01 15:30:00
USD,1.0,Distillate Fuel Production,0.100M,,-0.009M,2023-02-01 15:30:00
USD,1.0,EIA Weekly Distillates Stocks,2.320M,-1.300M,-0.507M,2023-02-01 15:30:00
USD,1.0,Gasoline Production,0.612M,,-0.034M,2023-02-01 15:30:00
USD,1.0,Heating Oil Stockpiles,-0.328M,,-0.234M,2023-02-01 15:30:00
USD,1.0,EIA Weekly Refinery Utilization Rates (WoW),-0.40%,0.50%,0.80%,2023-02-01 15:30:00
USD,1.0,Gasoline Inventories,2.576M,1.442M,1.763M,2023-02-01 15:30:00
USD,2.0,Cushing Crude Oil Inventories,2.315M,,4.267M,2023-02-01 15:30:00
USD,3.0,FOMC Statement,,,,2023-02-01 19:00:00
USD,3.0,Fed Interest Rate Decision,4.75%,4.75%,4.50%,2023-02-01 19:00:00
USD,3.0,FOMC Press Conference,,,,2023-02-01 19:30:00
USD,2.0,Fed's Balance Sheet,"8,434B",,"8,471B",2023-02-01 20:30:00
USD,1.0,All Car Sales (Jan),3.12M,,2.81M,2023-02-02 12:30:00
USD,1.0,All Truck Sales (Jan),12.62M,,10.56M,2023-02-02 12:30:00
USD,1.0,Challenger Job Cuts (YoY),440.00%,,129.10%,2023-02-02 12:30:00
USD,1.0,Challenger Job Cuts (Jan),102.943K,,43.651K,2023-02-02 12:30:00
USD,1.0,Jobless Claims 4-Week Avg.,191.75K,,197.50K,2023-02-02 13:30:00
USD,2.0,Unit Labor Costs (QoQ) (Q4),1.10%,1.50%,2.00%,2023-02-02 13:30:00
USD,2.0,Nonfarm Productivity (QoQ) (Q4),3.00%,2.40%,1.40%,2023-02-02 13:30:00
USD,2.0,Continuing Jobless Claims,"1,655K","1,677K","1,666K",2023-02-02 13:30:00
USD,3.0,Initial Jobless Claims,183K,200K,186K,2023-02-02 13:30:00
USD,2.0,Factory Orders (MoM) (Dec),1.80%,2.30%,-1.90%,2023-02-02 15:00:00
USD,1.0,Factory orders ex transportation (MoM) (Dec),-1.20%,,-1.20%,2023-02-02 15:00:00
USD,1.0,Durables Excluding Transport (MoM) (Dec),-0.20%,,-0.10%,2023-02-02 15:00:00
USD,1.0,Durables Excluding Defense (MoM) (Dec),6.20%,,6.30%,2023-02-02 15:00:00
USD,1.0,Natural Gas Storage,-151B,-142B,-91B,2023-02-02 15:30:00
USD,1.0,4-Week Bill Auction,4.49%,,4.50%,2023-02-02 16:30:00
USD,1.0,8-Week Bill Auction,4.51%,,4.53%,2023-02-02 16:30:00
USD,1.0,Reserve Balances with Federal Reserve Banks,3.030T,,3.000T,2023-02-02 21:30:00
USD,3.0,Unemployment Rate (Jan),3.40%,3.60%,3.50%,2023-02-03 13:30:00
USD,2.0,U6 Unemployment Rate (Jan),6.60%,,6.50%,2023-02-03 13:30:00
USD,1.0,Payrolls Benchmark,568,,374,2023-02-03 13:30:00
USD,2.0,Participation Rate (Jan),62.40%,,62.30%,2023-02-03 13:30:00
USD,2.0,Private Nonfarm Payrolls (Jan),443K,190K,269K,2023-02-03 13:30:00
USD,1.0,Manufacturing Payrolls (Jan),19K,6K,12K,2023-02-03 13:30:00
USD,3.0,Nonfarm Payrolls (Jan),517K,185K,260K,2023-02-03 13:30:00
USD,3.0,Average Hourly Earnings (MoM) (Jan),0.30%,0.30%,0.40%,2023-02-03 13:30:00
USD,1.0,"Payrolls Benchmark, n.s.a.",506.00K,,462.00K,2023-02-03 13:30:00
USD,1.0,Average Weekly Hours (Jan),34.7,34.3,34.4,2023-02-03 13:30:00
USD,1.0,Government Payrolls (Jan),74.0K,,-9.0K,2023-02-03 13:30:00
USD,2.0,Average Hourly Earnings (YoY) (YoY) (Jan),4.40%,4.30%,4.80%,2023-02-03 13:30:00
USD,2.0,S&P Global Composite PMI (Jan),46.8,46.6,45,2023-02-03 14:45:00
USD,3.0,S&P Global Services PMI (Jan),46.8,46.6,44.7,2023-02-03 14:45:00
USD,1.0,ISM Non-Manufacturing Business Activity (Jan),60.4,54.5,53.5,2023-02-03 15:00:00
USD,2.0,ISM Non-Manufacturing Employment (Jan),50,,49.4,2023-02-03 15:00:00
USD,3.0,ISM Non-Manufacturing PMI (Jan),55.2,50.4,49.2,2023-02-03 15:00:00
USD,3.0,ISM Non-Manufacturing Prices (Jan),67.8,,68.1,2023-02-03 15:00:00
USD,1.0,ISM Non-Manufacturing New Orders (Jan),60.4,,45.2,2023-02-03 15:00:00
USD,2.0,U.S. Baker Hughes Oil Rig Count,599,,609,2023-02-03 18:00:00
USD,2.0,U.S. Baker Hughes Total Rig Count,759,,771,2023-02-03 18:00:00
USD,1.0,CB Employment Trends Index (Jan),118.74,,117.06,2023-02-06 15:00:00
USD,1.0,3-Month Bill Auction,4.59%,,4.60%,2023-02-06 16:30:00
USD,1.0,6-Month Bill Auction,4.76%,,4.68%,2023-02-06 16:30:00
USD,1.0,Loan Officer Survey,,,,2023-02-06 18:00:00
USD,2.0,Trade Balance (Dec),-67.40B,-68.50B,-61.00B,2023-02-07 13:30:00
USD,2.0,Exports,250.20B,,252.40B,2023-02-07 13:30:00
USD,2.0,Imports,317.60B,,313.40B,2023-02-07 13:30:00
USD,1.0,Redbook (YoY),4.30%,,4.90%,2023-02-07 13:55:00
USD,1.0,IBD/TIPP Economic Optimism,45.1,,42.3,2023-02-07 15:00:00
USD,2.0,EIA Short-Term Energy Outlook,,,,2023-02-07 17:00:00
USD,3.0,Fed Chair Powell Speaks,,,,2023-02-07 17:40:00
USD,2.0,3-Year Note Auction,4.07%,,3.98%,2023-02-07 18:00:00
USD,2.0,Fed Vice Chair for Supervision Barr Speaks,,,,2023-02-07 19:00:00
USD,2.0,Consumer Credit (Dec),11.56B,25.00B,33.11B,2023-02-07 20:00:00
USD,2.0,API Weekly Crude Oil Stock,-2.184M,2.150M,6.330M,2023-02-07 21:30:00
USD,1.0,MBA 30-Year Mortgage Rate,6.18%,,6.19%,2023-02-08 12:00:00
USD,1.0,MBA Purchase Index,190,,184.3,2023-02-08 12:00:00
USD,1.0,MBA Mortgage Applications (WoW),7.40%,,-9.00%,2023-02-08 12:00:00
USD,1.0,Mortgage Refinance Index,549.3,,466.6,2023-02-08 12:00:00
USD,1.0,Mortgage Market Index,249.5,,232.4,2023-02-08 12:00:00
USD,2.0,FOMC Member Williams Speaks,,,,2023-02-08 14:15:00
USD,2.0,Fed Vice Chair for Supervision Barr Speaks,,,,2023-02-08 15:00:00
USD,1.0,Wholesale Inventories (MoM) (Dec),0.10%,0.10%,0.90%,2023-02-08 15:00:00
USD,1.0,Wholesale Trade Sales (MoM) (Dec),0.00%,-0.30%,-1.40%,2023-02-08 15:00:00
USD,1.0,Heating Oil Stockpiles,-0.115M,,-0.328M,2023-02-08 15:30:00
USD,1.0,EIA Weekly Refinery Utilization Rates (WoW),2.20%,0.70%,-0.40%,2023-02-08 15:30:00
USD,1.0,Gasoline Inventories,5.008M,1.271M,2.576M,2023-02-08 15:30:00
USD,1.0,EIA Refinery Crude Runs (WoW),0.449M,,-0.020M,2023-02-08 15:30:00
USD,1.0,Crude Oil Imports,0.367M,,2.593M,2023-02-08 15:30:00
USD,2.0,Cushing Crude Oil Inventories,1.043M,,2.315M,2023-02-08 15:30:00
USD,1.0,Distillate Fuel Production,-0.028M,,0.100M,2023-02-08 15:30:00
USD,1.0,EIA Weekly Distillates Stocks,2.932M,0.097M,2.320M,2023-02-08 15:30:00
USD,3.0,Crude Oil Inventories,2.423M,2.457M,4.140M,2023-02-08 15:30:00
USD,1.0,Gasoline Production,-0.350M,,0.612M,2023-02-08 15:30:00
USD,1.0,Thomson Reuters IPSOS PCSI (Feb),51.57,,50.23,2023-02-08 16:00:00
USD,2.0,WASDE Report,,,,2023-02-08 17:00:00
USD,3.0,10-Year Note Auction,3.61%,,3.58%,2023-02-08 18:01:00
USD,2.0,Fed Waller Speaks,,,,2023-02-08 18:45:00
USD,2.0,Fed's Balance Sheet,"8,435B",,"8,434B",2023-02-08 20:30:00
USD,2.0,Continuing Jobless Claims,"1,688K","1,658K","1,650K",2023-02-09 13:30:00
USD,3.0,Initial Jobless Claims,196K,190K,183K,2023-02-09 13:30:00
USD,1.0,Jobless Claims 4-Week Avg.,189.25K,,191.75K,2023-02-09 13:30:00
USD,1.0,Natural Gas Storage,-217B,-195B,-151B,2023-02-09 15:30:00
USD,1.0,4-Week Bill Auction,4.52%,,4.49%,2023-02-09 16:30:00
USD,1.0,8-Week Bill Auction,4.60%,,4.51%,2023-02-09 16:30:00
USD,3.0,30-Year Bond Auction,3.69%,,3.59%,2023-02-09 18:00:00
USD,1.0,Reserve Balances with Federal Reserve Banks,3.034T,,3.030T,2023-02-09 21:30:00
USD,2.0,Michigan 1-Year Inflation Expectations (Feb),4.20%,4.00%,3.90%,2023-02-10 15:00:00
USD,2.0,Michigan 5-Year Inflation Expectations (Feb),2.90%,2.90%,2.90%,2023-02-10 15:00:00
USD,1.0,Michigan Current Conditions (Feb),72.6,68,68.4,2023-02-10 15:00:00
USD,2.0,Michigan Consumer Sentiment (Feb),66.4,65,64.9,2023-02-10 15:00:00
USD,2.0,Michigan Consumer Expectations (Feb),62.3,62.9,62.7,2023-02-10 15:00:00
USD,2.0,Fed Waller Speaks,,,,2023-02-10 17:30:00
USD,2.0,U.S. Baker Hughes Oil Rig Count,609,,599,2023-02-10 18:00:00
USD,2.0,U.S. Baker Hughes Total Rig Count,761,,759,2023-02-10 18:00:00
USD,2.0,Federal Budget Balance (Jan),-39.0B,-63.0B,-85.0B,2023-02-10 19:00:00
USD,2.0,FOMC Member Harker Speaks,,,,2023-02-10 21:00:00
USD,2.0,FOMC Member Bowman Speaks,,,,2023-02-13 13:00:00
USD,2.0,NY Fed 1-Year Consumer Inflation Expectations,5.00%,,5.00%,2023-02-13 16:00:00
USD,1.0,3-Month Bill Auction,4.68%,,4.59%,2023-02-13 16:30:00
USD,1.0,6-Month Bill Auction,4.84%,,4.76%,2023-02-13 16:30:00
USD,1.0,NFIB Small Business Optimism (Jan),90.3,90.9,89.8,2023-02-14 11:00:00
USD,2.0,OPEC Monthly Report,,,,2023-02-14 12:00:00
USD,3.0,Core CPI (MoM) (Jan),0.40%,0.40%,0.40%,2023-02-14 13:30:00
USD,2.0,Core CPI (YoY) (Jan),5.60%,5.50%,5.70%,2023-02-14 13:30:00
USD,1.0,Core CPI Index (Jan),302.7,,301.46,2023-02-14 13:30:00
USD,3.0,CPI (MoM) (Jan),0.50%,0.50%,0.10%,2023-02-14 13:30:00
USD,3.0,CPI (YoY) (Jan),6.40%,6.20%,6.50%,2023-02-14 13:30:00
USD,1.0,"CPI Index, n.s.a. (Jan)",299.17,298.66,296.8,2023-02-14 13:30:00
USD,1.0,"CPI Index, s.a (Jan)",300.54,,298.99,2023-02-14 13:30:00
USD,1.0,"CPI, n.s.a (MoM) (Jan)",0.80%,,-0.31%,2023-02-14 13:30:00
USD,1.0,Real Earnings (MoM) (Jan),0.70%,,0.10%,2023-02-14 13:30:00
USD,1.0,Redbook (YoY),4.90%,,4.30%,2023-02-14 13:55:00
USD,1.0,Fed Logan Speaks,,,,2023-02-14 16:00:00
USD,1.0,Cleveland CPI (MoM) (Jan),0.70%,,0.60%,2023-02-14 16:00:00
USD,2.0,FOMC Member Harker Speaks,,,,2023-02-14 16:30:00
USD,2.0,FOMC Member Williams Speaks,,,,2023-02-14 19:05:00
USD,2.0,API Weekly Crude Oil Stock,10.507M,0.321M,-2.184M,2023-02-14 21:30:00
USD,2.0,IEA Monthly Report,,,,2023-02-15 09:00:00
USD,1.0,MBA Mortgage Applications (WoW),-7.70%,,7.40%,2023-02-15 12:00:00
USD,1.0,MBA Purchase Index,179.6,,190,2023-02-15 12:00:00
USD,1.0,Mortgage Market Index,230.4,,249.5,2023-02-15 12:00:00
USD,1.0,Mortgage Refinance Index,480.5,,549.3,2023-02-15 12:00:00
USD,1.0,MBA 30-Year Mortgage Rate,6.39%,,6.18%,2023-02-15 12:00:00
USD,2.0,NY Empire State Manufacturing Index (Feb),-5.8,-18,-32.9,2023-02-15 13:30:00
USD,3.0,Core Retail Sales (MoM) (Jan),2.30%,0.80%,-0.90%,2023-02-15 13:30:00
USD,3.0,Retail Sales (MoM) (Jan),3.00%,1.80%,-1.10%,2023-02-15 13:30:00
USD,1.0,Retail Sales (YoY) (Jan),6.38%,,5.89%,2023-02-15 13:30:00
USD,1.0,Retail Sales Ex Gas/Autos (MoM) (Jan),2.60%,,-0.40%,2023-02-15 13:30:00
USD,2.0,Retail Control (MoM) (Jan),1.70%,0.80%,-0.70%,2023-02-15 13:30:00
USD,1.0,Capacity Utilization Rate (Jan),78.30%,79.00%,78.40%,2023-02-15 14:15:00
USD,2.0,Industrial Production (MoM) (Jan),0.00%,0.50%,-1.00%,2023-02-15 14:15:00
USD,1.0,Manufacturing Production (MoM) (Jan),1.00%,0.80%,-1.80%,2023-02-15 14:15:00
USD,2.0,Industrial Production (YoY) (Jan),0.79%,,1.15%,2023-02-15 14:15:00
USD,2.0,Retail Inventories Ex Auto (Dec),0.40%,0.30%,-0.30%,2023-02-15 15:00:00
USD,2.0,Business Inventories (MoM) (Dec),0.30%,0.30%,0.30%,2023-02-15 15:00:00
USD,1.0,NAHB Housing Market Index (Feb),42,37,35,2023-02-15 15:00:00
USD,1.0,Gasoline Inventories,2.317M,1.543M,5.008M,2023-02-15 15:30:00
USD,1.0,EIA Weekly Refinery Utilization Rates (WoW),-1.40%,0.30%,2.20%,2023-02-15 15:30:00
USD,1.0,Heating Oil Stockpiles,-0.349M,,-0.115M,2023-02-15 15:30:00
USD,1.0,Gasoline Production,-0.004M,,-0.350M,2023-02-15 15:30:00
USD,1.0,EIA Weekly Distillates Stocks,-1.285M,0.447M,2.932M,2023-02-15 15:30:00
USD,1.0,Distillate Fuel Production,-0.155M,,-0.028M,2023-02-15 15:30:00
USD,1.0,Crude Oil Imports,-1.072M,,0.367M,2023-02-15 15:30:00
USD,1.0,EIA Refinery Crude Runs (WoW),-0.383M,,0.449M,2023-02-15 15:30:00
USD,3.0,Crude Oil Inventories,16.283M,1.166M,2.423M,2023-02-15 15:30:00
USD,2.0,Cushing Crude Oil Inventories,0.659M,,1.043M,2023-02-15 15:30:00
USD,2.0,20-Year Bond Auction,3.98%,,3.68%,2023-02-15 18:00:00
USD,2.0,Fed's Balance Sheet,"8,385B",,"8,435B",2023-02-15 20:30:00
USD,1.0,"US Foreign Buying, T-bonds (Dec)",20.00B,,54.20B,2023-02-15 21:00:00
USD,1.0,Overall Net Capital Flow (Dec),28.60B,,213.40B,2023-02-15 21:00:00
USD,2.0,TIC Net Long-Term Transactions (Dec),152.8B,,171.5B,2023-02-15 21:00:00
USD,1.0,TIC Net Long-Term Transactions including Swaps (Dec),142.10B,,165.40B,2023-02-15 21:00:00
USD,1.0,Philly Fed New Orders (Feb),-13.6,,-10.9,2023-02-16 13:30:00
USD,1.0,Philly Fed Business Conditions (Feb),1.7,,4.9,2023-02-16 13:30:00
USD,3.0,Philadelphia Fed Manufacturing Index (Feb),-24.3,-7.4,-8.9,2023-02-16 13:30:00
USD,1.0,Jobless Claims 4-Week Avg.,189.50K,,189.00K,2023-02-16 13:30:00
USD,2.0,Housing Starts (Jan),1.309M,1.360M,1.371M,2023-02-16 13:30:00
USD,2.0,Housing Starts (MoM) (Jan),-4.50%,,-3.40%,2023-02-16 13:30:00
USD,1.0,Core PPI (YoY) (Jan),5.40%,4.90%,5.80%,2023-02-16 13:30:00
USD,2.0,Building Permits (Jan),1.339M,1.350M,1.337M,2023-02-16 13:30:00
USD,2.0,Continuing Jobless Claims,"1,696K","1,695K","1,680K",2023-02-16 13:30:00
USD,1.0,Philly Fed CAPEX Index (Feb),7.5,,10.5,2023-02-16 13:30:00
USD,1.0,Building Permits (MoM) (Jan),0.10%,,-1.00%,2023-02-16 13:30:00
USD,1.0,PPI ex. Food/Energy/Transport (YoY) (Jan),4.50%,,4.70%,2023-02-16 13:30:00
USD,1.0,PPI ex. Food/Energy/Transport (MoM) (Jan),0.60%,,0.20%,2023-02-16 13:30:00
USD,2.0,Core PPI (MoM) (Jan),0.50%,0.30%,0.30%,2023-02-16 13:30:00
USD,2.0,Philly Fed Employment (Feb),5.1,,10.9,2023-02-16 13:30:00
USD,3.0,Initial Jobless Claims,194K,200K,195K,2023-02-16 13:30:00
USD,1.0,PPI (YoY) (Jan),6.00%,5.40%,6.50%,2023-02-16 13:30:00
USD,3.0,PPI (MoM) (Jan),0.70%,0.40%,-0.20%,2023-02-16 13:30:00
USD,1.0,Philly Fed Prices Paid (Feb),26.5,,24.5,2023-02-16 13:30:00
USD,2.0,FOMC Member Mester Speaks,,,,2023-02-16 13:45:00
USD,1.0,Natural Gas Storage,-100B,-109B,-217B,2023-02-16 15:30:00
USD,1.0,4-Week Bill Auction,4.51%,,4.52%,2023-02-16 16:30:00
USD,1.0,8-Week Bill Auction,4.65%,,4.60%,2023-02-16 16:30:00
USD,2.0,30-Year TIPS Auction,1.55%,,0.92%,2023-02-16 18:00:00
USD,2.0,FOMC Member Bullard Speaks,,,,2023-02-16 18:30:00
USD,1.0,Fed Governor Cook Speaks,,,,2023-02-16 21:00:00
USD,1.0,Reserve Balances with Federal Reserve Banks,3.107T,,3.034T,2023-02-16 21:30:00
USD,2.0,FOMC Member Mester Speaks,,,,2023-02-16 23:00:00
USD,1.0,Import Price Index ex Petroleum (MoM),0.20%,,0.70%,2023-02-17 12:30:00
USD,2.0,Import Price Index (MoM) (Jan),-0.20%,-0.20%,-0.10%,2023-02-17 13:30:00
USD,1.0,Import Price Index (YoY),0.80%,,3.00%,2023-02-17 13:30:00
USD,1.0,FOMC Member Barkin Speaks,,,,2023-02-17 13:30:00
USD,1.0,Export Price Index (YoY),2.30%,,4.30%,2023-02-17 13:30:00
USD,2.0,Export Price Index (MoM) (Jan),0.80%,-0.20%,-3.20%,2023-02-17 13:30:00
USD,2.0,FOMC Member Bowman Speaks,,,,2023-02-17 13:45:00
USD,2.0,US Leading Index (MoM) (Jan),-0.30%,-0.30%,-0.80%,2023-02-17 15:00:00
USD,2.0,U.S. Baker Hughes Total Rig Count,760,,761,2023-02-17 18:00:00
USD,2.0,U.S. Baker Hughes Oil Rig Count,607,,609,2023-02-17 18:00:00
USD,2.0,S&P Global Composite PMI (Feb),50.2,47.5,46.8,2023-02-21 14:45:00
USD,3.0,S&P Global US Manufacturing PMI (Feb),47.8,47.1,46.9,2023-02-21 14:45:00
USD,3.0,S&P Global Services PMI (Feb),50.5,47.2,46.8,2023-02-21 14:45:00
USD,3.0,Existing Home Sales (Jan),4.00M,4.10M,4.03M,2023-02-21 15:00:00
USD,2.0,Existing Home Sales (MoM) (Jan),-0.70%,2.00%,-2.20%,2023-02-21 15:00:00
USD,1.0,3-Month Bill Auction,4.72%,,4.68%,2023-02-21 16:30:00
USD,1.0,6-Month Bill Auction,4.92%,,4.84%,2023-02-21 16:30:00
USD,2.0,2-Year Note Auction,4.67%,,4.14%,2023-02-21 18:00:00
USD,1.0,52-Week Bill Auction,4.80%,,4.47%,2023-02-21 18:00:00
USD,1.0,Mortgage Refinance Index,469.9,,480.5,2023-02-22 12:00:00
USD,1.0,Mortgage Market Index,199.8,,230.4,2023-02-22 12:00:00
USD,1.0,MBA Purchase Index,147.1,,179.6,2023-02-22 12:00:00
USD,1.0,MBA Mortgage Applications (WoW),-13.30%,,-7.70%,2023-02-22 12:00:00
USD,1.0,MBA 30-Year Mortgage Rate,6.62%,,6.39%,2023-02-22 12:00:00
USD,1.0,Redbook (YoY),5.30%,,4.90%,2023-02-22 13:55:00
USD,2.0,5-Year Note Auction,4.11%,,3.53%,2023-02-22 18:00:00
USD,3.0,FOMC Meeting Minutes,,,,2023-02-22 19:00:00
USD,2.0,Fed's Balance Sheet,"8,382B",,"8,385B",2023-02-22 20:30:00
USD,2.0,API Weekly Crude Oil Stock,9.895M,1.233M,10.507M,2023-02-22 21:30:00
USD,2.0,FOMC Member Williams Speaks,,,,2023-02-22 23:30:00
USD,1.0,GDP Sales (Q4),1.20%,,4.50%,2023-02-23 13:30:00
USD,3.0,Initial Jobless Claims,192K,200K,195K,2023-02-23 13:30:00
USD,2.0,GDP Price Index (QoQ) (Q4),3.90%,3.50%,4.40%,2023-02-23 13:30:00
USD,3.0,GDP (QoQ) (Q4),2.70%,2.90%,3.20%,2023-02-23 13:30:00
USD,2.0,Core PCE Prices (Q4),4.30%,3.90%,4.70%,2023-02-23 13:30:00
USD,1.0,Real Consumer Spending (Q4),1.40%,,2.30%,2023-02-23 13:30:00
USD,1.0,Chicago Fed National Activity (Jan),0.23,,-0.46,2023-02-23 13:30:00
USD,1.0,Jobless Claims 4-Week Avg.,191.25K,,189.75K,2023-02-23 13:30:00
USD,1.0,PCE Prices (Q4),3.70%,,4.30%,2023-02-23 13:30:00
USD,2.0,Continuing Jobless Claims,"1,654K","1,700K","1,691K",2023-02-23 13:30:00
USD,1.0,Natural Gas Storage,-71B,-67B,-100B,2023-02-23 15:30:00
USD,2.0,FOMC Member Bostic Speaks,,,,2023-02-23 15:50:00
USD,2.0,Cushing Crude Oil Inventories,0.700M,,0.659M,2023-02-23 16:00:00
USD,1.0,Gasoline Inventories,-1.856M,0.108M,2.317M,2023-02-23 16:00:00
USD,3.0,Crude Oil Inventories,7.648M,2.083M,16.283M,2023-02-23 16:00:00
USD,1.0,EIA Refinery Crude Runs (WoW),-0.017M,,-0.383M,2023-02-23 16:00:00
USD,1.0,Crude Oil Imports,-1.357M,,-1.072M,2023-02-23 16:00:00
USD,1.0,Distillate Fuel Production,0.191M,,-0.155M,2023-02-23 16:00:00
USD,1.0,EIA Weekly Distillates Stocks,2.698M,-1.126M,-1.285M,2023-02-23 16:00:00
USD,1.0,Gasoline Production,0.339M,,-0.004M,2023-02-23 16:00:00
USD,1.0,Heating Oil Stockpiles,0.597M,,-0.349M,2023-02-23 16:00:00
USD,1.0,EIA Weekly Refinery Utilization Rates (WoW),-0.60%,-0.20%,-1.40%,2023-02-23 16:00:00
USD,1.0,KC Fed Composite Index (Feb),0,,-1,2023-02-23 16:00:00
USD,1.0,KC Fed Manufacturing Index (Feb),-9,,-4,2023-02-23 16:00:00
USD,1.0,8-Week Bill Auction,4.66%,,4.65%,2023-02-23 16:30:00
USD,1.0,4-Week Bill Auction,4.52%,,4.51%,2023-02-23 16:30:00
USD,2.0,7-Year Note Auction,4.06%,,3.52%,2023-02-23 18:00:00
USD,1.0,Reserve Balances with Federal Reserve Banks,2.984T,,3.107T,2023-02-23 21:30:00
USD,2.0,Building Permits (Jan),1.339M,,1.337M,2023-02-24 12:30:00
USD,1.0,Building Permits (MoM) (Jan),0.10%,,-1.00%,2023-02-24 12:30:00
USD,1.0,Real Personal Consumption (MoM) (Jan),1.10%,,-0.30%,2023-02-24 13:30:00
USD,1.0,Personal Income (MoM) (Jan),0.60%,1.00%,0.30%,2023-02-24 13:30:00
USD,2.0,PCE Price index (YoY) (Jan),5.40%,5.00%,5.30%,2023-02-24 13:30:00
USD,2.0,Personal Spending (MoM) (Jan),1.80%,1.30%,-0.10%,2023-02-24 13:30:00
USD,3.0,Core PCE Price Index (MoM) (Jan),0.60%,0.40%,0.40%,2023-02-24 13:30:00
USD,3.0,Core PCE Price Index (YoY) (Jan),4.70%,4.30%,4.60%,2023-02-24 13:30:00
USD,2.0,PCE price index (MoM) (Jan),0.60%,0.50%,0.20%,2023-02-24 13:30:00
USD,1.0,Michigan Current Conditions (Feb),70.7,72.6,68.4,2023-02-24 15:00:00
USD,2.0,Michigan Consumer Expectations (Feb),64.7,62.3,62.7,2023-02-24 15:00:00
USD,2.0,Michigan 1-Year Inflation Expectations (Feb),4.10%,4.20%,3.90%,2023-02-24 15:00:00
USD,2.0,Michigan 5-Year Inflation Expectations (Feb),2.90%,2.90%,2.90%,2023-02-24 15:00:00
USD,2.0,Michigan Consumer Sentiment (Feb),67,66.4,64.9,2023-02-24 15:00:00
USD,3.0,New Home Sales (Jan),670K,620K,625K,2023-02-24 15:00:00
USD,2.0,New Home Sales (MoM) (Jan),7.20%,,7.20%,2023-02-24 15:00:00
USD,1.0,Fed Governor Jefferson Speaks,,,,2023-02-24 15:15:00
USD,2.0,FOMC Member Mester Speaks,,,,2023-02-24 15:15:00
USD,2.0,U.S. Baker Hughes Oil Rig Count,600,,607,2023-02-24 18:00:00
USD,2.0,U.S. Baker Hughes Total Rig Count,753,,760,2023-02-24 18:00:00
USD,1.0,Dallas Fed PCE (Jan),6.30%,,4.00%,2023-02-24 19:00:00
USD,1.0,CFTC Copper speculative net positions,17.2K,,20.2K,2023-02-24 20:30:00
USD,1.0,CFTC Wheat speculative net positions,-40.1K,,-48.3K,2023-02-24 20:30:00
USD,1.0,CFTC Soybeans speculative net positions,178.4K,,155.2K,2023-02-24 20:30:00
USD,1.0,CFTC Silver speculative net positions,27.3K,,25.7K,2023-02-24 20:30:00
USD,2.0,CFTC S&P 500 speculative net positions,-222.3K,,-209.0K,2023-02-24 20:30:00
USD,2.0,CFTC Nasdaq 100 speculative net positions,-15.9K,,-25.3K,2023-02-24 20:30:00
USD,1.0,CFTC Natural Gas speculative net positions,-169.2K,,-171.0K,2023-02-24 20:30:00
USD,2.0,CFTC Crude Oil speculative net positions,243.8K,,249.8K,2023-02-24 20:30:00
USD,1.0,CFTC Corn speculative net positions,296.8K,,277.4K,2023-02-24 20:30:00
USD,1.0,CFTC Aluminium speculative net positions,5.9K,,5.9K,2023-02-24 20:30:00
USD,2.0,CFTC Gold speculative net positions,160.3K,,157.7K,2023-02-24 20:30:00
USD,2.0,Core Durable Goods Orders (MoM) (Jan),0.70%,0.10%,-0.40%,2023-02-27 13:30:00
USD,3.0,Durable Goods Orders (MoM) (Jan),-4.50%,-4.00%,5.10%,2023-02-27 13:30:00
USD,1.0,Durables Excluding Defense (MoM) (Jan),-5.10%,,5.60%,2023-02-27 13:30:00
USD,1.0,Goods Orders Non Defense Ex Air (MoM) (Jan),0.80%,,-0.30%,2023-02-27 13:30:00
USD,2.0,Pending Home Sales (MoM) (Jan),8.10%,1.00%,1.10%,2023-02-27 15:00:00
USD,1.0,Pending Home Sales Index (Jan),82.5,,76.3,2023-02-27 15:00:00
USD,1.0,Dallas Fed Mfg Business Index (Feb),-13.5,,-8.4,2023-02-27 15:30:00
USD,1.0,Fed Governor Jefferson Speaks,,,,2023-02-27 15:30:00
USD,1.0,3-Month Bill Auction,4.75%,,4.72%,2023-02-27 16:30:00
USD,1.0,6-Month Bill Auction,4.94%,,4.92%,2023-02-27 16:30:00
USD,2.0,Retail Inventories Ex Auto (Jan),0.20%,,0.10%,2023-02-28 13:30:00
USD,1.0,Wholesale Inventories (MoM),-0.40%,0.10%,0.10%,2023-02-28 13:30:00
USD,2.0,Goods Trade Balance (Jan),-91.50B,,-89.67B,2023-02-28 13:30:00
USD,1.0,Redbook (YoY),5.30%,,5.30%,2023-02-28 13:55:00
USD,1.0,House Price Index (YoY) (Dec),6.60%,,8.20%,2023-02-28 14:00:00
USD,1.0,House Price Index (Dec),392.1,,392.4,2023-02-28 14:00:00
USD,1.0,S&P/CS HPI Composite - 20 s.a. (MoM) (Dec),-0.50%,-0.50%,-0.50%,2023-02-28 14:00:00
USD,2.0,S&P/CS HPI Composite - 20 n.s.a. (YoY) (Dec),4.60%,5.80%,6.80%,2023-02-28 14:00:00
USD,2.0,S&P/CS HPI Composite - 20 n.s.a. (MoM) (Dec),-0.90%,,-0.80%,2023-02-28 14:00:00
USD,1.0,House Price Index (MoM) (Dec),-0.10%,-0.20%,-0.10%,2023-02-28 14:00:00
USD,1.0,OPEC Crude Oil Production Algeria (Barrel),1.02M,,1.01M,2023-02-28 14:30:00
USD,1.0,OPEC Crude Oil Production Congo (Barrel),0.27M,,0.26M,2023-02-28 14:30:00
USD,1.0,OPEC Crude Oil Production Gabon (Barrel),0.19M,,0.19M,2023-02-28 14:30:00
USD,1.0,OPEC Crude Oil Production Guinea (Barrel),0.05M,,0.06M,2023-02-28 14:30:00
USD,1.0,OPEC Crude oil Production Iran (Barrel),2.60M,,2.58M,2023-02-28 14:30:00
USD,1.0,OPEC Crude oil Production Iraq (Barrel),4.40M,,4.47M,2023-02-28 14:30:00
USD,1.0,OPEC Crude oil Production Saudi Arabia (Barrel),10.45M,,10.44M,2023-02-28 14:30:00
USD,1.0,OPEC Crude Oil Production Nigeria (Barrel),1.39M,,1.27M,2023-02-28 14:30:00
USD,1.0,OPEC Crude oil Production UAE (Barrel),3.04M,,3.05M,2023-02-28 14:30:00
USD,1.0,OPEC Crude oil Production Venezuela (Barrel),0.68M,,0.66M,2023-02-28 14:30:00
USD,1.0,OPEC Crude Oil Production Libya (Barrel),1.15M,,1.15M,2023-02-28 14:30:00
USD,1.0,OPEC Crude Oil Production Kuwait (Barrel),2.68M,,2.65M,2023-02-28 14:30:00
USD,3.0,Chicago PMI (Feb),43.6,45,44.3,2023-02-28 14:45:00
USD,3.0,CB Consumer Confidence (Feb),102.9,108.5,106,2023-02-28 15:00:00
USD,1.0,Richmond Manufacturing Index (Feb),-16,-6,-11,2023-02-28 15:00:00
USD,1.0,Richmond Manufacturing Shipments (Feb),-15,,-3,2023-02-28 15:00:00
USD,1.0,Richmond Services Index (Feb),-3,,-6,2023-02-28 15:00:00
USD,1.0,Dallas Fed Services Revenues (Feb),6.6,,4.9,2023-02-28 15:30:00
USD,1.0,Texas Services Sector Outlook (Feb),-9.3,,-15,2023-02-28 15:30:00
USD,1.0,M2 Money Supply (MoM) (Jan),21.33T,,21.38T,2023-02-28 18:00:00
USD,2.0,API Weekly Crude Oil Stock,6.203M,0.440M,9.895M,2023-02-28 21:30:00
USD,1.0,Mortgage Refinance Index,444,,469.9,2023-03-01 12:00:00
USD,1.0,MBA Purchase Index,138.8,,147.1,2023-03-01 12:00:00
USD,1.0,MBA 30-Year Mortgage Rate,6.71%,,6.62%,2023-03-01 12:00:00
USD,1.0,MBA Mortgage Applications (WoW),-5.70%,,-13.30%,2023-03-01 12:00:00
USD,1.0,Mortgage Market Index,188.5,,199.8,2023-03-01 12:00:00
USD,1.0,Total Vehicle Sales,14.90M,,15.70M,2023-03-01 13:00:00
USD,2.0,FOMC Member Kashkari Speaks,,,,2023-03-01 14:00:00
USD,3.0,S&P Global US Manufacturing PMI (Feb),47.3,47.8,46.9,2023-03-01 14:45:00
USD,3.0,ISM Manufacturing Prices (Feb),51.3,45.1,44.5,2023-03-01 15:00:00
USD,1.0,Distillate Fuel Production,-0.091M,,0.191M,2023-03-01 15:00:00
USD,2.0,Construction Spending (MoM) (Jan),-0.10%,0.20%,-0.70%,2023-03-01 15:00:00
USD,2.0,ISM Manufacturing Employment (Feb),49.1,,50.6,2023-03-01 15:00:00
USD,3.0,ISM Manufacturing PMI (Feb),47.7,48,47.4,2023-03-01 15:00:00
USD,1.0,ISM Manufacturing New Orders Index (Feb),47,,42.5,2023-03-01 15:00:00
USD,3.0,Crude Oil Inventories,1.165M,0.457M,7.648M,2023-03-01 15:30:00
USD,1.0,EIA Weekly Refinery Utilization Rates (WoW),-0.10%,-0.40%,-0.60%,2023-03-01 15:30:00
USD,1.0,Heating Oil Stockpiles,0.548M,,0.597M,2023-03-01 15:30:00
USD,1.0,Gasoline Inventories,-0.874M,0.464M,-1.856M,2023-03-01 15:30:00
USD,1.0,EIA Weekly Distillates Stocks,0.179M,-0.462M,2.698M,2023-03-01 15:30:00
USD,1.0,Distillate Fuel Production,-0.091M,,0.191M,2023-03-01 15:30:00
USD,1.0,EIA Refinery Crude Runs (WoW),-0.031M,,-0.017M,2023-03-01 15:30:00
USD,1.0,Crude Oil Imports,-1.150M,,-1.357M,2023-03-01 15:30:00
USD,1.0,Gasoline Production,0.302M,,0.339M,2023-03-01 15:30:00
USD,2.0,Cushing Crude Oil Inventories,0.307M,,0.700M,2023-03-01 15:30:00
USD,2.0,Fed's Balance Sheet,"8,340B",,"8,382B",2023-03-01 20:30:00
USD,2.0,Nonfarm Productivity (QoQ) (Q4),1.70%,2.60%,1.40%,2023-03-02 13:30:00
USD,1.0,Jobless Claims 4-Week Avg.,193.00K,,191.25K,2023-03-02 13:30:00
USD,3.0,Initial Jobless Claims,190K,195K,192K,2023-03-02 13:30:00
USD,2.0,Continuing Jobless Claims,"1,655K","1,665K","1,660K",2023-03-02 13:30:00
USD,2.0,Unit Labor Costs (QoQ) (Q4),3.20%,1.60%,2.00%,2023-03-02 13:30:00
USD,1.0,All Car Sales (Feb),2.95M,,3.20M,2023-03-02 15:00:00
USD,1.0,All Truck Sales (Feb),11.93M,,12.67M,2023-03-02 15:00:00
USD,1.0,Natural Gas Storage,-81B,-75B,-71B,2023-03-02 15:30:00
USD,1.0,4-Week Bill Auction,4.59%,,4.52%,2023-03-02 16:30:00
USD,1.0,8-Week Bill Auction,4.66%,,4.66%,2023-03-02 16:30:00
USD,2.0,Fed Waller Speaks,,,,2023-03-02 21:00:00
USD,1.0,Reserve Balances with Federal Reserve Banks,3.028T,,2.984T,2023-03-02 21:30:00
USD,2.0,FOMC Member Kashkari Speaks,,,,2023-03-02 23:00:00
USD,2.0,S&P Global Composite PMI (Feb),50.1,50.2,46.8,2023-03-03 14:45:00
USD,3.0,S&P Global Services PMI (Feb),50.6,50.5,46.8,2023-03-03 14:45:00
USD,1.0,ISM Non-Manufacturing New Orders (Feb),62.6,,60.4,2023-03-03 15:00:00
USD,1.0,ISM Non-Manufacturing Business Activity (Feb),56.3,,60.4,2023-03-03 15:00:00
USD,3.0,ISM Non-Manufacturing PMI (Feb),55.1,54.5,55.2,2023-03-03 15:00:00
USD,3.0,ISM Non-Manufacturing Prices (Feb),65.6,,67.8,2023-03-03 15:00:00
USD,2.0,ISM Non-Manufacturing Employment (Feb),54,,50,2023-03-03 15:00:00
USD,1.0,Fed Logan Speaks,,,,2023-03-03 16:00:00
USD,2.0,FOMC Member Bostic Speaks,,,,2023-03-03 16:45:00
USD,2.0,U.S. Baker Hughes Total Rig Count,749,,753,2023-03-03 18:00:00
USD,2.0,U.S. Baker Hughes Oil Rig Count,592,,600,2023-03-03 18:00:00
USD,2.0,FOMC Member Bowman Speaks,,,,2023-03-03 20:00:00
USD,1.0,CFTC Aluminium speculative net positions,5.5K,,5.9K,2023-03-03 20:30:00
USD,1.0,CFTC Copper speculative net positions,2.5K,,17.2K,2023-03-03 20:30:00
USD,1.0,CFTC Corn speculative net positions,282.4K,,296.8K,2023-03-03 20:30:00
USD,2.0,CFTC Crude Oil speculative net positions,224.2K,,243.8K,2023-03-03 20:30:00
USD,2.0,CFTC Gold speculative net positions,128.8K,,160.3K,2023-03-03 20:30:00
USD,2.0,CFTC Nasdaq 100 speculative net positions,-14.9K,,-15.9K,2023-03-03 20:30:00
USD,1.0,CFTC Natural Gas speculative net positions,-178.1K,,-169.2K,2023-03-03 20:30:00
USD,2.0,CFTC S&P 500 speculative net positions,-217.5K,,-222.3K,2023-03-03 20:30:00
USD,1.0,CFTC Silver speculative net positions,13.5K,,27.3K,2023-03-03 20:30:00
USD,1.0,CFTC Soybeans speculative net positions,174.8K,,178.4K,2023-03-03 20:30:00
USD,1.0,CFTC Wheat speculative net positions,-46.3K,,-40.1K,2023-03-03 20:30:00
USD,1.0,FOMC Member Barkin Speaks,,,,2023-03-03 21:45:00
USD,2.0,FOMC Member Daly Speaks,,,,2023-03-04 18:00:00
USD,1.0,Factory orders ex transportation (MoM) (Jan),1.20%,,-1.20%,2023-03-06 15:00:00
USD,1.0,Durables Excluding Defense (MoM) (Jan),-5.10%,,-5.10%,2023-03-06 15:00:00
USD,1.0,Durables Excluding Transport (MoM) (Jan),0.80%,,0.70%,2023-03-06 15:00:00
USD,2.0,Factory Orders (MoM) (Jan),-1.60%,-1.80%,1.70%,2023-03-06 15:00:00
USD,1.0,3-Month Bill Auction,4.77%,,4.75%,2023-03-06 16:30:00
USD,1.0,6-Month Bill Auction,4.97%,,4.94%,2023-03-06 16:30:00
USD,1.0,Redbook (YoY),3.00%,,5.30%,2023-03-07 13:55:00
USD,3.0,Fed Chair Powell Testifies,,,,2023-03-07 15:00:00
USD,1.0,IBD/TIPP Economic Optimism,46.9,,45.1,2023-03-07 15:00:00
USD,1.0,Wholesale Inventories (MoM) (Jan),-0.40%,-0.40%,0.10%,2023-03-07 15:00:00
USD,1.0,Wholesale Trade Sales (MoM) (Jan),1.00%,-0.30%,-0.20%,2023-03-07 15:00:00
USD,2.0,EIA Short-Term Energy Outlook,,,,2023-03-07 17:00:00
USD,2.0,3-Year Note Auction,4.64%,,4.07%,2023-03-07 18:00:00
USD,2.0,Consumer Credit (Jan),14.80B,20.00B,10.69B,2023-03-07 20:00:00
USD,2.0,API Weekly Crude Oil Stock,-3.835M,-0.308M,6.203M,2023-03-07 21:30:00
USD,1.0,MBA 30-Year Mortgage Rate,6.79%,,6.71%,2023-03-08 12:00:00
USD,1.0,MBA Mortgage Applications (WoW),7.40%,,-5.70%,2023-03-08 12:00:00
USD,1.0,MBA Purchase Index,154.4,,138.8,2023-03-08 12:00:00
USD,1.0,Mortgage Market Index,201.5,,188.5,2023-03-08 12:00:00
USD,1.0,Mortgage Refinance Index,437.9,,444,2023-03-08 12:00:00
USD,3.0,ADP Nonfarm Employment Change (Feb),242K,200K,119K,2023-03-08 13:15:00
USD,2.0,Trade Balance (Jan),-68.30B,-68.90B,-67.20B,2023-03-08 13:30:00
USD,2.0,Imports,325.80B,,316.20B,2023-03-08 13:30:00
USD,2.0,Exports,257.50B,,249.00B,2023-03-08 13:30:00
USD,3.0,Fed Chair Powell Testifies,,,,2023-03-08 15:00:00
USD,3.0,JOLTs Job Openings (Jan),10.824M,10.500M,11.234M,2023-03-08 15:00:00
USD,3.0,Crude Oil Inventories,-1.694M,0.395M,1.165M,2023-03-08 15:30:00
USD,1.0,EIA Refinery Crude Runs (WoW),-0.012M,,-0.031M,2023-03-08 15:30:00
USD,1.0,Crude Oil Imports,2.330M,,-1.150M,2023-03-08 15:30:00
USD,2.0,Cushing Crude Oil Inventories,-0.890M,,0.307M,2023-03-08 15:30:00
USD,1.0,Distillate Fuel Production,-0.084M,,-0.091M,2023-03-08 15:30:00
USD,1.0,EIA Weekly Distillates Stocks,0.138M,-1.038M,0.179M,2023-03-08 15:30:00
USD,1.0,Heating Oil Stockpiles,-0.650M,,0.548M,2023-03-08 15:30:00
USD,1.0,EIA Weekly Refinery Utilization Rates (WoW),0.20%,-0.30%,-0.10%,2023-03-08 15:30:00
USD,1.0,Gasoline Inventories,-1.134M,-1.863M,-0.874M,2023-03-08 15:30:00
USD,1.0,Gasoline Production,-0.173M,,0.302M,2023-03-08 15:30:00
USD,1.0,Thomson Reuters IPSOS PCSI (Mar),51.35,,51.57,2023-03-08 16:00:00
USD,2.0,WASDE Report,,,,2023-03-08 17:00:00
USD,3.0,10-Year Note Auction,3.99%,,3.61%,2023-03-08 18:00:00
USD,2.0,Beige Book,,,,2023-03-08 19:00:00
USD,2.0,Fed's Balance Sheet,"8,342B",,"8,340B",2023-03-08 20:30:00
USD,1.0,Challenger Job Cuts (YoY),410.10%,,440.00%,2023-03-09 12:30:00
USD,1.0,Challenger Job Cuts (Feb),77.770K,,102.943K,2023-03-09 12:30:00
USD,2.0,Continuing Jobless Claims,"1,718K","1,659K","1,649K",2023-03-09 13:30:00
USD,3.0,Initial Jobless Claims,211K,195K,190K,2023-03-09 13:30:00
USD,1.0,Jobless Claims 4-Week Avg.,197.00K,,193.00K,2023-03-09 13:30:00
USD,2.0,Fed Vice Chair for Supervision Barr Speaks,,,,2023-03-09 15:00:00
USD,1.0,Natural Gas Storage,-84B,-80B,-81B,2023-03-09 15:30:00
USD,1.0,4-Week Bill Auction,4.64%,,4.59%,2023-03-09 16:30:00
USD,1.0,8-Week Bill Auction,4.82%,,4.66%,2023-03-09 16:30:00
USD,3.0,30-Year Bond Auction,3.88%,,3.69%,2023-03-09 18:00:00
USD,1.0,Reserve Balances with Federal Reserve Banks,3.004T,,3.028T,2023-03-09 21:30:00
USD,3.0,Unemployment Rate (Feb),3.60%,3.40%,3.40%,2023-03-10 13:30:00
USD,2.0,U6 Unemployment Rate (Feb),6.80%,,6.60%,2023-03-10 13:30:00
USD,2.0,Private Nonfarm Payrolls (Feb),265K,210K,386K,2023-03-10 13:30:00
USD,2.0,Participation Rate (Feb),62.50%,,62.40%,2023-03-10 13:30:00
USD,1.0,Manufacturing Payrolls (Feb),-4K,12K,13K,2023-03-10 13:30:00
USD,1.0,Government Payrolls (Feb),46.0K,,118.0K,2023-03-10 13:30:00
USD,3.0,Nonfarm Payrolls (Feb),311K,205K,504K,2023-03-10 13:30:00
USD,1.0,Average Weekly Hours (Feb),34.5,34.6,34.6,2023-03-10 13:30:00
USD,3.0,Average Hourly Earnings (MoM) (Feb),0.20%,0.30%,0.30%,2023-03-10 13:30:00
USD,2.0,Average Hourly Earnings (YoY) (YoY) (Feb),4.60%,4.70%,4.40%,2023-03-10 13:30:00
USD,2.0,U.S. Baker Hughes Oil Rig Count,590,,592,2023-03-10 18:00:00
USD,2.0,U.S. Baker Hughes Total Rig Count,746,,749,2023-03-10 18:00:00
USD,2.0,Federal Budget Balance (Feb),-262.0B,-256.0B,-39.0B,2023-03-10 19:00:00
USD,1.0,CFTC Aluminium speculative net positions,5.9K,,5.5K,2023-03-10 20:30:00
USD,1.0,CFTC Copper speculative net positions,2.0K,,2.5K,2023-03-10 20:30:00
USD,1.0,CFTC Corn speculative net positions,283.0K,,282.4K,2023-03-10 20:30:00
USD,2.0,CFTC Crude Oil speculative net positions,219.7K,,224.2K,2023-03-10 20:30:00
USD,2.0,CFTC Gold speculative net positions,107.1K,,128.8K,2023-03-10 20:30:00
USD,2.0,CFTC Nasdaq 100 speculative net positions,-14.1K,,-14.9K,2023-03-10 20:30:00
USD,1.0,CFTC Natural Gas speculative net positions,-179.3K,,-178.1K,2023-03-10 20:30:00
USD,2.0,CFTC S&P 500 speculative net positions,-234.3K,,-217.5K,2023-03-10 20:30:00
USD,1.0,CFTC Silver speculative net positions,9.9K,,13.5K,2023-03-10 20:30:00
USD,1.0,CFTC Soybeans speculative net positions,193.3K,,174.8K,2023-03-10 20:30:00
USD,1.0,CFTC Wheat speculative net positions,-47.5K,,-46.3K,2023-03-10 20:30:00
USD,1.0,Fed Statement,,,,2023-03-12 22:00:00
USD,3.0,U.S. President Biden Speaks,,,,2023-03-13 13:00:00
USD,1.0,CB Employment Trends Index (Feb),118.29,,118.14,2023-03-13 14:00:00
USD,2.0,NY Fed 1-Year Consumer Inflation Expectations,4.20%,,5.00%,2023-03-13 15:00:00
USD,1.0,6-Month Bill Auction,4.70%,,4.97%,2023-03-13 15:30:00
USD,1.0,3-Month Bill Auction,4.75%,,4.77%,2023-03-13 15:30:00
USD,1.0,NFIB Small Business Optimism (Feb),90.9,,90.3,2023-03-14 10:00:00
USD,2.0,OPEC Monthly Report,,,,2023-03-14 11:00:00
USD,2.0,Core CPI (YoY) (Feb),5.50%,5.50%,5.60%,2023-03-14 12:30:00
USD,3.0,Core CPI (MoM) (Feb),0.50%,0.40%,0.40%,2023-03-14 12:30:00
USD,1.0,Core CPI Index (Feb),304.07,,302.7,2023-03-14 12:30:00
USD,3.0,CPI (YoY) (Feb),6.00%,6.00%,6.40%,2023-03-14 12:30:00
USD,3.0,CPI (MoM) (Feb),0.40%,0.40%,0.50%,2023-03-14 12:30:00
USD,1.0,"CPI Index, n.s.a. (Feb)",300.84,300.86,299.17,2023-03-14 12:30:00
USD,1.0,"CPI Index, s.a (Feb)",301.65,,300.54,2023-03-14 12:30:00
USD,1.0,"CPI, n.s.a (MoM) (Feb)",0.56%,,0.80%,2023-03-14 12:30:00
USD,1.0,Real Earnings (MoM) (Feb),-0.40%,,0.30%,2023-03-14 12:30:00
USD,1.0,Redbook (YoY),2.60%,,3.00%,2023-03-14 12:55:00
USD,1.0,Cleveland CPI (MoM) (Feb),0.60%,,0.70%,2023-03-14 15:00:00
USD,2.0,API Weekly Crude Oil Stock,1.155M,0.555M,-3.835M,2023-03-14 20:30:00
USD,2.0,FOMC Member Bowman Speaks,,,,2023-03-14 21:20:00
USD,2.0,IEA Monthly Report,,,,2023-03-15 09:00:00
USD,1.0,MBA Purchase Index,165.6,,154.4,2023-03-15 11:00:00
USD,1.0,Mortgage Market Index,214.5,,201.5,2023-03-15 11:00:00
USD,1.0,Mortgage Refinance Index,458.9,,437.9,2023-03-15 11:00:00
USD,1.0,MBA Mortgage Applications (WoW),6.50%,,7.40%,2023-03-15 11:00:00
USD,1.0,MBA 30-Year Mortgage Rate,6.71%,,6.79%,2023-03-15 11:00:00
USD,3.0,Retail Sales (MoM) (Feb),-0.40%,-0.30%,3.20%,2023-03-15 12:30:00
USD,2.0,Retail Control (MoM) (Feb),0.50%,-0.30%,2.30%,2023-03-15 12:30:00
USD,1.0,PPI (YoY) (Feb),4.60%,5.40%,5.70%,2023-03-15 12:30:00
USD,3.0,PPI (MoM) (Feb),-0.10%,0.30%,0.30%,2023-03-15 12:30:00
USD,1.0,Retail Sales Ex Gas/Autos (MoM) (Feb),0.00%,,2.80%,2023-03-15 12:30:00
USD,3.0,Core Retail Sales (MoM) (Feb),-0.10%,-0.10%,2.40%,2023-03-15 12:30:00
USD,2.0,NY Empire State Manufacturing Index (Mar),-24.6,-8,-5.8,2023-03-15 12:30:00
USD,1.0,PPI ex. Food/Energy/Transport (MoM) (Feb),0.20%,,0.50%,2023-03-15 12:30:00
USD,1.0,Retail Sales (YoY) (Feb),5.39%,,7.68%,2023-03-15 12:30:00
USD,1.0,Core PPI (YoY) (Feb),4.40%,5.20%,5.00%,2023-03-15 12:30:00
USD,2.0,Core PPI (MoM) (Feb),0.00%,0.40%,0.10%,2023-03-15 12:30:00
USD,1.0,PPI ex. Food/Energy/Transport (YoY) (Feb),4.40%,,4.40%,2023-03-15 12:30:00
USD,2.0,Business Inventories (MoM) (Jan),-0.10%,0.10%,0.30%,2023-03-15 14:00:00
USD,1.0,NAHB Housing Market Index (Mar),44,40,42,2023-03-15 14:00:00
USD,2.0,Retail Inventories Ex Auto (Jan),0.10%,0.20%,0.20%,2023-03-15 14:00:00
USD,3.0,Crude Oil Inventories,1.550M,1.188M,-1.694M,2023-03-15 14:30:00
USD,1.0,Crude Oil Imports,-1.720M,,2.330M,2023-03-15 14:30:00
USD,2.0,Cushing Crude Oil Inventories,-1.916M,,-0.890M,2023-03-15 14:30:00
USD,1.0,Distillate Fuel Production,-0.097M,,-0.084M,2023-03-15 14:30:00
USD,1.0,EIA Weekly Distillates Stocks,-2.537M,-1.172M,0.138M,2023-03-15 14:30:00
USD,1.0,Gasoline Production,-0.446M,,-0.173M,2023-03-15 14:30:00
USD,1.0,Heating Oil Stockpiles,-0.735M,,-0.650M,2023-03-15 14:30:00
USD,1.0,EIA Weekly Refinery Utilization Rates (WoW),2.20%,0.30%,0.20%,2023-03-15 14:30:00
USD,1.0,Gasoline Inventories,-2.061M,-1.820M,-1.134M,2023-03-15 14:30:00
USD,1.0,EIA Refinery Crude Runs (WoW),0.431M,,-0.012M,2023-03-15 14:30:00
USD,1.0,"US Foreign Buying, T-bonds (Jan)",50.90B,,20.00B,2023-03-15 20:00:00
USD,1.0,TIC Net Long-Term Transactions including Swaps (Jan),22.30B,,142.40B,2023-03-15 20:00:00
USD,2.0,TIC Net Long-Term Transactions (Jan),31.9B,,152.8B,2023-03-15 20:00:00
USD,1.0,Overall Net Capital Flow (Jan),183.10B,,26.70B,2023-03-15 20:00:00
USD,2.0,Fed's Balance Sheet,"8,639B",,"8,342B",2023-03-15 20:30:00
USD,2.0,Building Permits (Feb),1.524M,1.340M,1.339M,2023-03-16 12:30:00
USD,1.0,Philly Fed Prices Paid (Mar),23.5,,26.5,2023-03-16 12:30:00
USD,1.0,Philly Fed New Orders (Mar),-28.2,,-13.6,2023-03-16 12:30:00
USD,2.0,Philly Fed Employment (Mar),-10.3,,5.1,2023-03-16 12:30:00
USD,1.0,Philly Fed CAPEX Index (Mar),-3.8,,7.5,2023-03-16 12:30:00
USD,1.0,Philly Fed Business Conditions (Mar),-8,,1.7,2023-03-16 12:30:00
USD,3.0,Philadelphia Fed Manufacturing Index (Mar),-23.2,-15.6,-24.3,2023-03-16 12:30:00
USD,1.0,Jobless Claims 4-Week Avg.,196.50K,,197.25K,2023-03-16 12:30:00
USD,1.0,Building Permits (MoM) (Feb),13.80%,,0.10%,2023-03-16 12:30:00
USD,1.0,Import Price Index ex Petroleum (MoM),-0.40%,,0.30%,2023-03-16 12:30:00
USD,1.0,Import Price Index (YoY),-1.10%,,0.90%,2023-03-16 12:30:00
USD,2.0,Import Price Index (MoM) (Feb),-0.10%,-0.20%,-0.40%,2023-03-16 12:30:00
USD,2.0,Housing Starts (MoM) (Feb),9.80%,,-2.00%,2023-03-16 12:30:00
USD,2.0,Housing Starts (Feb),1.450M,1.310M,1.321M,2023-03-16 12:30:00
USD,1.0,Export Price Index (YoY),-0.80%,,2.20%,2023-03-16 12:30:00
USD,2.0,Export Price Index (MoM) (Feb),0.20%,-0.10%,0.50%,2023-03-16 12:30:00
USD,3.0,Initial Jobless Claims,192K,205K,212K,2023-03-16 12:30:00
USD,2.0,Continuing Jobless Claims,"1,684K","1,715K","1,713K",2023-03-16 12:30:00
USD,1.0,Natural Gas Storage,-58B,-62B,-84B,2023-03-16 14:30:00
USD,1.0,Reserve Balances with Federal Reserve Banks,3.444T,,3.004T,2023-03-16 20:30:00
USD,2.0,Industrial Production (YoY) (Feb),-0.25%,3.00%,0.49%,2023-03-17 13:15:00
USD,1.0,Manufacturing Production (MoM) (Feb),0.10%,-0.20%,1.30%,2023-03-17 13:15:00
USD,1.0,Capacity Utilization Rate (Feb),78.00%,78.50%,78.00%,2023-03-17 13:15:00
USD,2.0,Industrial Production (MoM) (Feb),0.00%,0.20%,0.30%,2023-03-17 13:15:00
USD,1.0,Michigan Current Conditions (Mar),66.4,70,70.7,2023-03-17 14:00:00
USD,2.0,US Leading Index (MoM) (Feb),-0.30%,-0.30%,-0.30%,2023-03-17 14:00:00
USD,2.0,Michigan Consumer Sentiment (Mar),63.4,66.9,67,2023-03-17 14:00:00
USD,1.0,8-Week Bill Auction,4.45%,,4.82%,2023-03-17 14:00:00
USD,2.0,Michigan 5-Year Inflation Expectations (Mar),2.80%,,2.90%,2023-03-17 14:00:00
USD,2.0,Michigan 1-Year Inflation Expectations (Mar),3.80%,,4.10%,2023-03-17 14:00:00
USD,1.0,4-Week Bill Auction,4.22%,,4.64%,2023-03-17 14:00:00
USD,2.0,Michigan Consumer Expectations (Mar),61.5,64.5,64.7,2023-03-17 14:00:00
USD,2.0,U.S. Baker Hughes Oil Rig Count,589,,590,2023-03-17 17:00:00
USD,2.0,U.S. Baker Hughes Total Rig Count,754,,746,2023-03-17 17:00:00
USD,1.0,CFTC Wheat speculative net positions,-73.3K,,-47.5K,2023-03-17 20:30:00
USD,1.0,CFTC Soybeans speculative net positions,180.2K,,193.3K,2023-03-17 20:30:00
USD,1.0,CFTC Silver speculative net positions,-7.8K,,9.9K,2023-03-17 20:30:00
USD,1.0,CFTC Natural Gas speculative net positions,-156.4K,,-179.3K,2023-03-17 20:30:00
USD,2.0,CFTC S&P 500 speculative net positions,-209.5K,,-234.3K,2023-03-17 20:30:00
USD,2.0,CFTC Gold speculative net positions,98.5K,,107.1K,2023-03-17 20:30:00
USD,2.0,CFTC Nasdaq 100 speculative net positions,-12.4K,,-14.1K,2023-03-17 20:30:00
USD,1.0,CFTC Aluminium speculative net positions,5.1K,,5.9K,2023-03-17 20:30:00
USD,1.0,CFTC Corn speculative net positions,103.3K,,283.0K,2023-03-17 20:30:00
USD,1.0,CFTC Copper speculative net positions,-7.7K,,2.0K,2023-03-17 20:30:00
USD,2.0,CFTC Crude Oil speculative net positions,206.9K,,219.7K,2023-03-17 20:30:00
USD,1.0,3-Month Bill Auction,4.68%,,4.75%,2023-03-20 15:30:00
USD,1.0,6-Month Bill Auction,4.62%,,4.70%,2023-03-20 15:30:00
USD,1.0,Redbook (YoY),3.20%,,2.60%,2023-03-21 12:55:00
USD,2.0,Existing Home Sales (MoM) (Feb),14.50%,5.00%,-0.70%,2023-03-21 14:00:00
USD,3.0,Existing Home Sales,4.58M,4.19M,4.00M,2023-03-21 14:00:00
USD,2.0,Treasury Secretary Yellen Speaks,,,,2023-03-21 14:00:00
USD,1.0,52-Week Bill Auction,4.39%,,4.80%,2023-03-21 15:30:00
USD,2.0,20-Year Bond Auction,3.91%,,3.98%,2023-03-21 17:00:00
USD,2.0,API Weekly Crude Oil Stock,3.262M,-1.448M,1.155M,2023-03-21 20:30:00
USD,1.0,Mortgage Market Index,221,,214.5,2023-03-22 11:00:00
USD,1.0,Mortgage Refinance Index,481.3,,458.9,2023-03-22 11:00:00
USD,1.0,MBA 30-Year Mortgage Rate,6.48%,,6.71%,2023-03-22 11:00:00
USD,1.0,MBA Mortgage Applications (WoW),3.00%,,6.50%,2023-03-22 11:00:00
USD,1.0,MBA Purchase Index,169.3,,165.6,2023-03-22 11:00:00
USD,3.0,Crude Oil Inventories,1.117M,-1.565M,1.550M,2023-03-22 14:30:00
USD,1.0,EIA Refinery Crude Runs (WoW),-0.022M,,0.431M,2023-03-22 14:30:00
USD,1.0,Crude Oil Imports,0.051M,,-1.720M,2023-03-22 14:30:00
USD,2.0,Cushing Crude Oil Inventories,-1.063M,-1.558M,-1.916M,2023-03-22 14:30:00
USD,1.0,Distillate Fuel Production,0.075M,,-0.097M,2023-03-22 14:30:00
USD,1.0,EIA Weekly Distillates Stocks,-3.313M,-1.500M,-2.537M,2023-03-22 14:30:00
USD,1.0,Gasoline Production,0.392M,,-0.446M,2023-03-22 14:30:00
USD,1.0,Heating Oil Stockpiles,0.578M,,-0.735M,2023-03-22 14:30:00
USD,1.0,EIA Weekly Refinery Utilization Rates (WoW),0.40%,1.00%,2.20%,2023-03-22 14:30:00
USD,1.0,Gasoline Inventories,-6.400M,-1.677M,-2.061M,2023-03-22 14:30:00
USD,3.0,Fed Interest Rate Decision,5.00%,5.00%,4.75%,2023-03-22 18:00:00
USD,3.0,FOMC Economic Projections,,,,2023-03-22 18:00:00
USD,2.0,Interest Rate Projection - 2nd Yr (Q1),3.10%,,4.10%,2023-03-22 18:00:00
USD,2.0,Interest Rate Projection - Longer (Q1),2.50%,,2.50%,2023-03-22 18:00:00
USD,2.0,Interest Rate Projection - Current (Q1),5.10%,,4.40%,2023-03-22 18:00:00
USD,2.0,Interest Rate Projection - 1st Yr (Q1),4.30%,,5.10%,2023-03-22 18:00:00
USD,3.0,FOMC Press Conference,,,,2023-03-22 18:30:00
USD,2.0,Fed's Balance Sheet,"8,734B",,"8,639B",2023-03-22 20:30:00
USD,1.0,Chicago Fed National Activity (Feb),-0.19,,0.23,2023-03-23 12:30:00
USD,2.0,Continuing Jobless Claims,"1,694K","1,684K","1,680K",2023-03-23 12:30:00
USD,2.0,Current Account (Q4),-206.8B,-213.2B,-219.0B,2023-03-23 12:30:00
USD,3.0,Initial Jobless Claims,191K,197K,192K,2023-03-23 12:30:00
USD,1.0,Jobless Claims 4-Week Avg.,196.25K,,196.50K,2023-03-23 12:30:00
USD,1.0,Building Permits (MoM) (Feb),15.10%,13.80%,0.10%,2023-03-23 12:30:00
USD,2.0,Building Permits (Feb),1.550M,1.524M,1.339M,2023-03-23 12:30:00
USD,2.0,New Home Sales (MoM) (Feb),1.10%,,1.80%,2023-03-23 14:00:00
USD,3.0,New Home Sales (Feb),640K,650K,633K,2023-03-23 14:00:00
USD,1.0,Natural Gas Storage,-72B,-75B,-58B,2023-03-23 14:30:00
USD,1.0,KC Fed Composite Index (Mar),0,,0,2023-03-23 15:00:00
USD,1.0,KC Fed Manufacturing Index (Mar),3,,-9,2023-03-23 15:00:00
USD,1.0,4-Week Bill Auction,4.15%,,4.22%,2023-03-23 15:30:00
USD,1.0,8-Week Bill Auction,4.40%,,4.45%,2023-03-23 15:30:00
USD,2.0,10-Year TIPS Auction,1.18%,,1.22%,2023-03-23 17:00:00
USD,1.0,Reserve Balances with Federal Reserve Banks,3.370T,,3.444T,2023-03-23 20:30:00
USD,3.0,Durable Goods Orders (MoM) (Feb),-1.00%,0.60%,-5.00%,2023-03-24 12:30:00
USD,1.0,Durables Excluding Defense (MoM) (Feb),-0.50%,,-5.60%,2023-03-24 12:30:00
USD,1.0,Goods Orders Non Defense Ex Air (MoM) (Feb),0.20%,0.10%,0.30%,2023-03-24 12:30:00
USD,2.0,Core Durable Goods Orders (MoM) (Feb),0.00%,0.20%,0.40%,2023-03-24 12:30:00
USD,2.0,FOMC Member Bullard Speaks,,,,2023-03-24 13:30:00
USD,3.0,S&P Global US Manufacturing PMI (Mar),49.3,47,47.3,2023-03-24 13:45:00
USD,2.0,S&P Global Composite PMI (Mar),53.3,47.5,50.1,2023-03-24 13:45:00
USD,3.0,S&P Global Services PMI (Mar),53.8,50.5,50.6,2023-03-24 13:45:00
USD,2.0,U.S. Baker Hughes Oil Rig Count,593,,589,2023-03-24 17:00:00
USD,2.0,U.S. Baker Hughes Total Rig Count,758,,754,2023-03-24 17:00:00
USD,1.0,CFTC Wheat speculative net positions,-59.2K,,-73.3K,2023-03-24 20:30:00
USD,1.0,CFTC Soybeans speculative net positions,171.8K,,180.2K,2023-03-24 20:30:00
USD,1.0,CFTC Silver speculative net positions,3.5K,,-7.8K,2023-03-24 20:30:00
USD,2.0,CFTC S&P 500 speculative net positions,-202.5K,,-209.5K,2023-03-24 20:30:00
USD,2.0,CFTC Gold speculative net positions,158.6K,,98.5K,2023-03-24 20:30:00
USD,2.0,CFTC Nasdaq 100 speculative net positions,-5.1K,,-12.4K,2023-03-24 20:30:00
USD,1.0,CFTC Aluminium speculative net positions,5.6K,,5.1K,2023-03-24 20:30:00
USD,1.0,CFTC Natural Gas speculative net positions,-144.7K,,-156.4K,2023-03-24 20:30:00
USD,1.0,CFTC Corn speculative net positions,59.5K,,103.3K,2023-03-24 20:30:00
USD,1.0,CFTC Copper speculative net positions,-12.4K,,-7.7K,2023-03-24 20:30:00
USD,2.0,CFTC Crude Oil speculative net positions,154.3K,,206.9K,2023-03-24 20:30:00
USD,1.0,Dallas Fed Mfg Business Index (Mar),-15.7,,-13.5,2023-03-27 14:30:00
USD,1.0,3-Month Bill Auction,4.68%,,4.68%,2023-03-27 15:30:00
USD,1.0,6-Month Bill Auction,4.65%,,4.62%,2023-03-27 15:30:00
USD,2.0,2-Year Note Auction,3.95%,,4.67%,2023-03-27 17:00:00
USD,1.0,Fed Governor Jefferson Speaks,,,,2023-03-27 21:00:00
USD,2.0,Goods Trade Balance (Feb),-91.63B,-91.00B,-91.09B,2023-03-28 12:30:00
USD,2.0,Retail Inventories Ex Auto (Feb),0.40%,,0.10%,2023-03-28 12:30:00
USD,1.0,Wholesale Inventories (MoM),0.20%,0.20%,-0.40%,2023-03-28 12:30:00
USD,1.0,Redbook (YoY),2.80%,,3.20%,2023-03-28 12:55:00
USD,2.0,S&P/CS HPI Composite - 20 n.s.a. (YoY) (Jan),2.50%,2.50%,4.60%,2023-03-28 13:00:00
USD,2.0,S&P/CS HPI Composite - 20 n.s.a. (MoM) (Jan),-0.60%,,-0.90%,2023-03-28 13:00:00
USD,1.0,House Price Index (Jan),393.2,,392.4,2023-03-28 13:00:00
USD,1.0,House Price Index (MoM) (Jan),0.20%,-0.20%,-0.10%,2023-03-28 13:00:00
USD,1.0,House Price Index (YoY) (Jan),5.30%,,6.70%,2023-03-28 13:00:00
USD,1.0,S&P/CS HPI Composite - 20 s.a. (MoM) (Jan),-0.40%,-0.50%,-0.50%,2023-03-28 13:00:00
USD,1.0,Richmond Services Index,-17,,-3,2023-03-28 14:00:00
USD,3.0,CB Consumer Confidence (Mar),104.2,101,103.4,2023-03-28 14:00:00
USD,1.0,Richmond Manufacturing Index,-5,-10,-16,2023-03-28 14:00:00
USD,2.0,Fed Barr Testimony,,,,2023-03-28 14:00:00
USD,1.0,Richmond Manufacturing Shipments,2,,-15,2023-03-28 14:00:00
USD,1.0,Dallas Fed Services Revenues,5.5,,6.6,2023-03-28 14:30:00
USD,1.0,Texas Services Sector Outlook (Mar),-18,,-9.3,2023-03-28 14:30:00
USD,2.0,5-Year Note Auction,3.67%,,4.11%,2023-03-28 17:00:00
USD,1.0,M2 Money Supply (MoM) (Feb),21.18T,,21.33T,2023-03-28 18:00:00
USD,2.0,API Weekly Crude Oil Stock,-6.076M,0.187M,3.262M,2023-03-28 20:30:00
USD,1.0,MBA 30-Year Mortgage Rate,6.45%,,6.48%,2023-03-29 11:00:00
USD,1.0,MBA Mortgage Applications (WoW),2.90%,,3.00%,2023-03-29 11:00:00
USD,1.0,MBA Purchase Index,172.7,,169.3,2023-03-29 11:00:00
USD,1.0,Mortgage Market Index,227.3,,221,2023-03-29 11:00:00
USD,1.0,Mortgage Refinance Index,504.4,,481.3,2023-03-29 11:00:00
USD,1.0,Pending Home Sales Index (Feb),83.2,,82.5,2023-03-29 14:00:00
USD,2.0,Pending Home Sales (MoM) (Feb),0.80%,-2.30%,8.10%,2023-03-29 14:00:00
USD,2.0,Fed Barr Testimony,,,,2023-03-29 14:00:00
USD,1.0,Gasoline Production,0.535M,,0.392M,2023-03-29 14:30:00
USD,1.0,EIA Weekly Refinery Utilization Rates (WoW),1.70%,0.60%,0.40%,2023-03-29 14:30:00
USD,3.0,Crude Oil Inventories,-7.489M,0.092M,1.117M,2023-03-29 14:30:00
USD,1.0,EIA Refinery Crude Runs (WoW),0.437M,,-0.022M,2023-03-29 14:30:00
USD,1.0,Crude Oil Imports,-0.499M,,0.051M,2023-03-29 14:30:00
USD,2.0,Cushing Crude Oil Inventories,-1.632M,,-1.063M,2023-03-29 14:30:00
USD,1.0,Distillate Fuel Production,0.130M,,0.075M,2023-03-29 14:30:00
USD,1.0,EIA Weekly Distillates Stocks,0.281M,-1.455M,-3.313M,2023-03-29 14:30:00
USD,1.0,Heating Oil Stockpiles,-0.164M,,0.578M,2023-03-29 14:30:00
USD,1.0,Gasoline Inventories,-2.904M,-1.617M,-6.400M,2023-03-29 14:30:00
USD,2.0,7-Year Note Auction,3.63%,,4.06%,2023-03-29 17:00:00
USD,2.0,Fed's Balance Sheet,"8,706B",,"8,734B",2023-03-29 20:30:00
USD,1.0,Jobless Claims 4-Week Avg.,198.25K,,196.25K,2023-03-30 12:30:00
USD,1.0,PCE Prices (Q4),3.70%,,4.30%,2023-03-30 12:30:00
USD,2.0,GDP Price Index (QoQ) (Q4),3.90%,3.90%,4.40%,2023-03-30 12:30:00
USD,3.0,Initial Jobless Claims,198K,196K,191K,2023-03-30 12:30:00
USD,1.0,Real Consumer Spending (Q4),1.00%,,2.10%,2023-03-30 12:30:00
USD,1.0,GDP Sales (Q4),1.10%,,4.50%,2023-03-30 12:30:00
USD,1.0,Corporate Profits (QoQ) (Q4),-2.70%,,0.80%,2023-03-30 12:30:00
USD,3.0,GDP (QoQ) (Q4),2.60%,2.70%,3.20%,2023-03-30 12:30:00
USD,2.0,Core PCE Prices (Q4),4.40%,4.30%,4.70%,2023-03-30 12:30:00
USD,2.0,Continuing Jobless Claims,"1,689K","1,697K","1,685K",2023-03-30 12:30:00
USD,1.0,Natural Gas Storage,-47B,-54B,-72B,2023-03-30 14:30:00
USD,1.0,4-Week Bill Auction,4.60%,,4.15%,2023-03-30 15:30:00
USD,1.0,8-Week Bill Auction,4.60%,,4.40%,2023-03-30 15:30:00
USD,1.0,FOMC Member Barkin Speaks,,,,2023-03-30 16:45:00
USD,2.0,FOMC Member Kashkari Speaks,,,,2023-03-30 17:00:00
USD,2.0,Treasury Secretary Yellen Speaks,,,,2023-03-30 19:45:00
USD,1.0,Reserve Balances with Federal Reserve Banks,3.401T,,3.370T,2023-03-30 20:30:00
USD,1.0,OPEC Crude Oil Production Congo (Barrel),0.27M,,0.27M,2023-03-31 11:45:00
USD,1.0,OPEC Crude oil Production Iraq (Barrel),4.37M,,4.40M,2023-03-31 11:45:00
USD,1.0,OPEC Crude Oil Production Gabon (Barrel),0.20M,,0.19M,2023-03-31 11:45:00
USD,1.0,OPEC Crude Oil Production Algeria (Barrel),1.01M,,1.02M,2023-03-31 11:45:00
USD,1.0,OPEC Crude Oil Production Guinea (Barrel),0.06M,,0.05M,2023-03-31 11:45:00
USD,1.0,OPEC Crude oil Production Iran (Barrel),2.60M,,2.60M,2023-03-31 11:45:00
USD,1.0,OPEC Crude Oil Production Libya (Barrel),1.16M,,1.15M,2023-03-31 11:45:00
USD,1.0,OPEC Crude Oil Production Nigeria (Barrel),1.37M,,1.39M,2023-03-31 11:45:00
USD,1.0,OPEC Crude oil Production Saudi Arabia (Barrel),10.36M,,10.45M,2023-03-31 11:45:00
USD,1.0,OPEC Crude oil Production UAE (Barrel),3.04M,,3.04M,2023-03-31 11:45:00
USD,1.0,OPEC Crude oil Production Venezuela (Barrel),0.69M,,0.68M,2023-03-31 11:45:00
USD,1.0,OPEC Crude Oil Production Kuwait (Barrel),2.68M,,2.68M,2023-03-31 11:45:00
USD,3.0,Core PCE Price Index (YoY) (Feb),4.60%,4.70%,4.70%,2023-03-31 12:30:00
USD,3.0,Core PCE Price Index (MoM) (Feb),0.30%,0.40%,0.50%,2023-03-31 12:30:00
USD,2.0,PCE Price index (YoY) (Feb),5.00%,5.10%,5.30%,2023-03-31 12:30:00
USD,2.0,PCE price index (MoM) (Feb),0.30%,0.50%,0.60%,2023-03-31 12:30:00
USD,1.0,Personal Income (MoM) (Feb),0.30%,0.20%,0.60%,2023-03-31 12:30:00
USD,2.0,Personal Spending (MoM) (Feb),0.20%,0.30%,2.00%,2023-03-31 12:30:00
USD,1.0,Real Personal Consumption (MoM) (Feb),-0.10%,0.00%,1.50%,2023-03-31 12:30:00
USD,3.0,Chicago PMI (Mar),43.8,43.4,43.6,2023-03-31 13:45:00
USD,2.0,Michigan Current Conditions (Mar),66.3,66.4,70.7,2023-03-31 14:00:00
USD,2.0,Michigan Consumer Expectations (Mar),59.2,61.5,64.7,2023-03-31 14:00:00
USD,1.0,Michigan Consumer Sentiment (Mar),62,63.2,63.4,2023-03-31 14:00:00
USD,2.0,Michigan 1-Year Inflation Expectations (Mar),3.60%,3.80%,4.10%,2023-03-31 14:00:00
USD,2.0,Michigan 5-Year Inflation Expectations (Mar),2.90%,2.80%,2.90%,2023-03-31 14:00:00
USD,2.0,U.S. Baker Hughes Oil Rig Count,592,,593,2023-03-31 17:00:00
USD,2.0,U.S. Baker Hughes Total Rig Count,755,,758,2023-03-31 17:00:00
USD,1.0,Dallas Fed PCE (Feb),4.00%,,5.80%,2023-03-31 17:23:00
USD,2.0,FOMC Member Williams Speaks,,,,2023-03-31 19:05:00
USD,1.0,CFTC Natural Gas speculative net positions,-126.2K,,-144.7K,2023-03-31 20:30:00
USD,1.0,CFTC Soybeans speculative net positions,161.0K,,171.8K,2023-03-31 20:30:00
USD,1.0,CFTC Silver speculative net positions,13.4K,,3.5K,2023-03-31 20:30:00
USD,2.0,CFTC S&P 500 speculative net positions,-224.7K,,-202.5K,2023-03-31 20:30:00
USD,2.0,CFTC Nasdaq 100 speculative net positions,-7.3K,,-5.1K,2023-03-31 20:30:00
USD,1.0,CFTC Wheat speculative net positions,-60.5K,,-59.2K,2023-03-31 20:30:00
USD,2.0,CFTC Crude Oil speculative net positions,181.1K,,154.3K,2023-03-31 20:30:00
USD,1.0,CFTC Corn speculative net positions,71.5K,,59.5K,2023-03-31 20:30:00
USD,1.0,CFTC Copper speculative net positions,-1.5K,,-12.4K,2023-03-31 20:30:00
USD,1.0,CFTC Aluminium speculative net positions,5.8K,,5.6K,2023-03-31 20:30:00
USD,2.0,CFTC Gold speculative net positions,181.6K,,158.6K,2023-03-31 20:30:00
USD,1.0,Fed Governor Cook Speaks,,,,2023-03-31 21:45:00
USD,2.0,OPEC Meeting,,,,2023-04-03 10:00:00
USD,1.0,Total Vehicle Sales,14.84M,,14.90M,2023-04-03 13:00:00
USD,3.0,S&P Global US Manufacturing PMI (Mar),49.2,49.3,47.3,2023-04-03 13:45:00
USD,2.0,ISM Manufacturing Employment (Mar),46.9,50,49.1,2023-04-03 14:00:00
USD,3.0,ISM Manufacturing Prices (Mar),49.2,51.2,51.3,2023-04-03 14:00:00
USD,2.0,Construction Spending (MoM) (Feb),-0.10%,-0.10%,0.40%,2023-04-03 14:00:00
USD,1.0,ISM Manufacturing New Orders Index (Mar),44.3,49,47,2023-04-03 14:00:00
USD,3.0,ISM Manufacturing PMI (Mar),46.3,47.5,47.7,2023-04-03 14:00:00
USD,1.0,3-Month Bill Auction,4.78%,,4.68%,2023-04-03 15:30:00
USD,1.0,6-Month Bill Auction,4.71%,,4.65%,2023-04-03 15:30:00
USD,1.0,Fed Governor Cook Speaks,,,,2023-04-03 20:15:00
USD,1.0,Redbook (YoY),3.70%,,2.80%,2023-04-04 12:55:00
USD,3.0,JOLTs Job Openings (Feb),9.931M,10.400M,10.563M,2023-04-04 14:00:00
USD,1.0,All Truck Sales (Mar),11.83M,,12.00M,2023-04-04 14:00:00
USD,1.0,Durables Excluding Defense (MoM) (Feb),-0.50%,,-0.50%,2023-04-04 14:00:00
USD,1.0,Durables Excluding Transport (MoM) (Feb),-0.10%,,0.70%,2023-04-04 14:00:00
USD,2.0,Factory Orders (MoM) (Feb),-0.70%,-0.50%,-2.10%,2023-04-04 14:00:00
USD,1.0,Factory orders ex transportation (MoM) (Feb),-0.30%,-0.80%,0.80%,2023-04-04 14:00:00
USD,1.0,IBD/TIPP Economic Optimism,47.4,,46.9,2023-04-04 14:00:00
USD,1.0,All Car Sales (Mar),2.99M,,3.00M,2023-04-04 14:00:00
USD,1.0,Fed Governor Cook Speaks,,,,2023-04-04 17:30:00
USD,2.0,FOMC Member Rosengren Speaks,,,,2023-04-04 17:30:00
USD,2.0,API Weekly Crude Oil Stock,-4.346M,-1.800M,-6.076M,2023-04-04 20:30:00
USD,2.0,FOMC Member Mester Speaks,,,,2023-04-04 22:45:00
USD,1.0,MBA 30-Year Mortgage Rate,6.40%,6.80%,6.45%,2023-04-05 11:00:00
USD,1.0,MBA Mortgage Applications (WoW),-4.10%,,2.90%,2023-04-05 11:00:00
USD,1.0,MBA Purchase Index,166.6,,172.7,2023-04-05 11:00:00
USD,1.0,Mortgage Market Index,217.9,,227.3,2023-04-05 11:00:00
USD,1.0,Mortgage Refinance Index,477.2,,504.4,2023-04-05 11:00:00
USD,3.0,ADP Nonfarm Employment Change (Mar),145K,200K,261K,2023-04-05 12:15:00
USD,2.0,Exports,251.15B,250.40B,258.10B,2023-04-05 12:30:00
USD,2.0,Imports,321.70B,319.40B,326.70B,2023-04-05 12:30:00
USD,2.0,Trade Balance (Feb),-70.50B,-69.00B,-68.70B,2023-04-05 12:30:00
USD,2.0,S&P Global Composite PMI (Mar),52.3,53.3,50.1,2023-04-05 13:45:00
USD,3.0,S&P Global Services PMI (Mar),52.6,53.8,50.6,2023-04-05 13:45:00
USD,3.0,ISM Non-Manufacturing Prices (Mar),59.5,65,65.6,2023-04-05 14:00:00
USD,3.0,ISM Non-Manufacturing PMI (Mar),51.2,54.5,55.1,2023-04-05 14:00:00
USD,1.0,ISM Non-Manufacturing Business Activity (Mar),55.4,55,56.3,2023-04-05 14:00:00
USD,2.0,ISM Non-Manufacturing Employment (Mar),51.3,53,54,2023-04-05 14:00:00
USD,1.0,ISM Non-Manufacturing New Orders (Mar),52.2,62,62.6,2023-04-05 14:00:00
USD,3.0,Crude Oil Inventories,-3.739M,-2.329M,-7.489M,2023-04-05 14:30:00
USD,1.0,EIA Refinery Crude Runs (WoW),-0.198M,,0.437M,2023-04-05 14:30:00
USD,1.0,Crude Oil Imports,1.164M,-0.137M,-0.499M,2023-04-05 14:30:00
USD,2.0,Cushing Crude Oil Inventories,-0.970M,-0.518M,-1.632M,2023-04-05 14:30:00
USD,1.0,Distillate Fuel Production,0.107M,0.044M,0.130M,2023-04-05 14:30:00
USD,1.0,EIA Weekly Distillates Stocks,-3.632M,-0.396M,0.281M,2023-04-05 14:30:00
USD,1.0,Gasoline Production,-0.187M,0.024M,0.535M,2023-04-05 14:30:00
USD,1.0,Heating Oil Stockpiles,-0.721M,-0.149M,-0.164M,2023-04-05 14:30:00
USD,1.0,EIA Weekly Refinery Utilization Rates (WoW),-0.70%,0.30%,1.70%,2023-04-05 14:30:00
USD,1.0,Gasoline Inventories,-4.119M,-1.729M,-2.904M,2023-04-05 14:30:00
USD,1.0,Challenger Job Cuts (YoY),319.40%,148.00%,410.10%,2023-04-06 11:30:00
USD,1.0,Challenger Job Cuts (Mar),89.703K,65.000K,77.770K,2023-04-06 11:30:00
USD,1.0,Jobless Claims 4-Week Avg.,237.75K,196.50K,242.00K,2023-04-06 12:30:00
USD,3.0,Initial Jobless Claims,228K,200K,246K,2023-04-06 12:30:00
USD,2.0,Continuing Jobless Claims,"1,823K","1,699K","1,817K",2023-04-06 12:30:00
USD,2.0,FOMC Member Bullard Speaks,,,,2023-04-06 14:00:00
USD,1.0,Natural Gas Storage,-23B,-21B,-47B,2023-04-06 14:30:00
USD,1.0,4-Week Bill Auction,4.44%,,4.60%,2023-04-06 15:30:00
USD,1.0,8-Week Bill Auction,4.65%,,4.60%,2023-04-06 15:30:00
USD,2.0,U.S. Baker Hughes Oil Rig Count,590,,592,2023-04-06 17:00:00
USD,2.0,U.S. Baker Hughes Total Rig Count,751,,755,2023-04-06 17:00:00
USD,2.0,Fed's Balance Sheet,"8,632B",,"8,706B",2023-04-06 20:30:00
USD,1.0,Reserve Balances with Federal Reserve Banks,3.381T,,3.401T,2023-04-06 20:30:00
USD,3.0,Unemployment Rate (Mar),3.50%,3.60%,3.60%,2023-04-07 12:30:00
USD,2.0,Private Nonfarm Payrolls (Mar),189K,215K,266K,2023-04-07 12:30:00
USD,2.0,U6 Unemployment Rate (Mar),6.70%,6.70%,6.80%,2023-04-07 12:30:00
USD,2.0,Participation Rate (Mar),62.60%,62.50%,62.50%,2023-04-07 12:30:00
USD,3.0,Average Hourly Earnings (MoM) (Mar),0.30%,0.30%,0.20%,2023-04-07 12:30:00
USD,1.0,Manufacturing Payrolls (Mar),-1K,5K,-1K,2023-04-07 12:30:00
USD,3.0,Nonfarm Payrolls (Mar),236K,239K,326K,2023-04-07 12:30:00
USD,2.0,Average Hourly Earnings (YoY) (YoY) (Mar),4.20%,4.30%,4.60%,2023-04-07 12:30:00
USD,1.0,Average Weekly Hours (Mar),34.4,34.5,34.5,2023-04-07 12:30:00
USD,1.0,Government Payrolls (Mar),47.0K,2.0K,60.0K,2023-04-07 12:30:00
USD,2.0,Consumer Credit,15.29B,,19.47B,2023-04-07 19:00:00
USD,1.0,CFTC Aluminium speculative net positions,5.5K,,5.8K,2023-04-07 20:30:00
USD,1.0,CFTC Copper speculative net positions,-3.0K,,-1.5K,2023-04-07 20:30:00
USD,1.0,CFTC Corn speculative net positions,85.7K,,71.5K,2023-04-07 20:30:00
USD,2.0,CFTC Crude Oil speculative net positions,226.1K,,181.1K,2023-04-07 20:30:00
USD,2.0,CFTC Gold speculative net positions,195.2K,,181.6K,2023-04-07 20:30:00
USD,2.0,CFTC Nasdaq 100 speculative net positions,-18.4K,,-7.3K,2023-04-07 20:30:00
USD,1.0,CFTC Natural Gas speculative net positions,-130.5K,,-126.2K,2023-04-07 20:30:00
USD,2.0,CFTC S&P 500 speculative net positions,-321.5K,,-224.7K,2023-04-07 20:30:00
USD,1.0,CFTC Silver speculative net positions,21.3K,,13.4K,2023-04-07 20:30:00
USD,1.0,CFTC Soybeans speculative net positions,184.3K,,161.0K,2023-04-07 20:30:00
USD,1.0,CFTC Wheat speculative net positions,-60.8K,,-60.5K,2023-04-07 20:30:00
USD,1.0,Wholesale Trade Sales (MoM) (Feb),0.40%,0.50%,0.40%,2023-04-10 14:00:00
USD,1.0,CB Employment Trends Index (Mar),116.24,118.64,116.75,2023-04-10 14:00:00
USD,1.0,Wholesale Inventories (MoM) (Feb),0.10%,0.20%,-0.30%,2023-04-10 14:00:00
USD,1.0,IMF Meetings,,,,2023-04-10 15:00:00
USD,2.0,NY Fed 1-Year Consumer Inflation Expectations,4.70%,,4.20%,2023-04-10 15:00:00
USD,1.0,3-Month Bill Auction,4.98%,,4.78%,2023-04-10 15:30:00
USD,1.0,6-Month Bill Auction,4.80%,,4.71%,2023-04-10 15:30:00
USD,2.0,FOMC Member Williams Speaks,,,,2023-04-10 20:15:00
USD,1.0,NFIB Small Business Optimism (Mar),90.1,89,90.9,2023-04-11 10:00:00
USD,1.0,Redbook (YoY),1.50%,,3.70%,2023-04-11 12:55:00
USD,1.0,IMF Meetings,,,,2023-04-11 15:00:00
USD,2.0,EIA Short-Term Energy Outlook,,,,2023-04-11 16:00:00
USD,2.0,WASDE Report,,,,2023-04-11 16:00:00
USD,2.0,3-Year Note Auction,3.81%,,4.64%,2023-04-11 17:00:00
USD,2.0,FOMC Member Harker Speaks,,,,2023-04-11 20:00:00
USD,2.0,API Weekly Crude Oil Stock,0.377M,-1.300M,-4.346M,2023-04-11 20:30:00
USD,2.0,FOMC Member Kashkari Speaks,,,,2023-04-11 23:30:00
USD,1.0,MBA 30-Year Mortgage Rate,6.30%,,6.40%,2023-04-12 11:00:00
USD,1.0,MBA Mortgage Applications (WoW),5.30%,,-4.10%,2023-04-12 11:00:00
USD,1.0,MBA Purchase Index,179.6,,166.6,2023-04-12 11:00:00
USD,1.0,Mortgage Market Index,229.5,,217.9,2023-04-12 11:00:00
USD,1.0,Mortgage Refinance Index,477.5,,477.2,2023-04-12 11:00:00
USD,1.0,Real Earnings (MoM) (Mar),-0.10%,-0.20%,-0.40%,2023-04-12 12:30:00
USD,1.0,"CPI, n.s.a (MoM) (Mar)",0.33%,0.40%,0.56%,2023-04-12 12:30:00
USD,1.0,"CPI Index, s.a (Mar)",301.81,302.6,301.65,2023-04-12 12:30:00
USD,1.0,"CPI Index, n.s.a. (Mar)",301.84,302.25,300.84,2023-04-12 12:30:00
USD,3.0,CPI (MoM) (Mar),0.10%,0.20%,0.40%,2023-04-12 12:30:00
USD,1.0,Core CPI Index (Mar),305.24,305.57,304.07,2023-04-12 12:30:00
USD,2.0,Core CPI (YoY) (Mar),5.60%,5.60%,5.50%,2023-04-12 12:30:00
USD,3.0,Core CPI (MoM) (Mar),0.40%,0.40%,0.50%,2023-04-12 12:30:00
USD,3.0,CPI (YoY) (Mar),5.00%,5.20%,6.00%,2023-04-12 12:30:00
USD,3.0,Crude Oil Inventories,0.597M,-0.583M,-3.739M,2023-04-12 14:30:00
USD,1.0,EIA Refinery Crude Runs (WoW),-0.030M,,-0.198M,2023-04-12 14:30:00
USD,1.0,Crude Oil Imports,1.561M,-0.757M,1.164M,2023-04-12 14:30:00
USD,2.0,Cushing Crude Oil Inventories,-0.409M,0.130M,-0.970M,2023-04-12 14:30:00
USD,1.0,Distillate Fuel Production,-0.157M,0.032M,0.107M,2023-04-12 14:30:00
USD,1.0,EIA Weekly Distillates Stocks,-0.606M,-0.764M,-3.632M,2023-04-12 14:30:00
USD,1.0,Gasoline Production,-0.033M,0.125M,-0.187M,2023-04-12 14:30:00
USD,1.0,Heating Oil Stockpiles,1.015M,0.171M,-0.721M,2023-04-12 14:30:00
USD,1.0,Gasoline Inventories,-0.331M,-1.600M,-4.119M,2023-04-12 14:30:00
USD,1.0,EIA Weekly Refinery Utilization Rates (WoW),-0.30%,0.50%,-0.70%,2023-04-12 14:30:00
USD,1.0,Thomson Reuters IPSOS PCSI (Apr),50.7,,51.35,2023-04-12 15:00:00
USD,1.0,IMF Meetings,,,,2023-04-12 15:00:00
USD,1.0,Cleveland CPI (MoM) (Mar),0.40%,0.60%,0.60%,2023-04-12 15:00:00
USD,3.0,10-Year Note Auction,3.46%,,3.99%,2023-04-12 17:00:00
USD,2.0,Federal Budget Balance (Mar),-378.0B,-302.0B,-262.0B,2023-04-12 18:00:00
USD,3.0,FOMC Meeting Minutes,,,,2023-04-12 18:00:00
USD,2.0,OPEC Monthly Report,,,,2023-04-13 11:00:00
USD,1.0,PPI ex. Food/Energy/Transport (MoM) (Mar),0.10%,0.10%,0.20%,2023-04-13 12:30:00
USD,1.0,PPI ex. Food/Energy/Transport (YoY) (Mar),3.60%,3.10%,4.50%,2023-04-13 12:30:00
USD,2.0,Continuing Jobless Claims,"1,810K","1,814K","1,823K",2023-04-13 12:30:00
USD,2.0,Core PPI (MoM) (Mar),-0.10%,0.30%,0.20%,2023-04-13 12:30:00
USD,1.0,Core PPI (YoY) (Mar),3.40%,3.40%,4.80%,2023-04-13 12:30:00
USD,3.0,Initial Jobless Claims,239K,232K,228K,2023-04-13 12:30:00
USD,1.0,Jobless Claims 4-Week Avg.,240.00K,253.17K,237.75K,2023-04-13 12:30:00
USD,1.0,PPI (YoY) (Mar),2.70%,3.00%,4.90%,2023-04-13 12:30:00
USD,3.0,PPI (MoM) (Mar),-0.50%,0.10%,0.00%,2023-04-13 12:30:00
USD,1.0,Natural Gas Storage,25B,28B,-23B,2023-04-13 14:30:00
USD,1.0,IMF Meetings,,,,2023-04-13 15:00:00
USD,1.0,8-Week Bill Auction,4.79%,,4.65%,2023-04-13 15:30:00
USD,1.0,4-Week Bill Auction,4.03%,,4.44%,2023-04-13 15:30:00
USD,3.0,30-Year Bond Auction,3.66%,,3.88%,2023-04-13 17:00:00
USD,2.0,Fed's Balance Sheet,"8,615B",,"8,632B",2023-04-13 20:30:00
USD,1.0,Reserve Balances with Federal Reserve Banks,3.348T,,3.381T,2023-04-13 20:30:00
USD,2.0,IEA Monthly Report,,,,2023-04-14 08:00:00
USD,3.0,Core Retail Sales (MoM) (Mar),-0.80%,-0.30%,0.00%,2023-04-14 12:30:00
USD,2.0,Export Price Index (MoM) (Mar),-0.30%,-0.10%,0.40%,2023-04-14 12:30:00
USD,1.0,Export Price Index (YoY),-4.80%,,-0.80%,2023-04-14 12:30:00
USD,1.0,Import Price Index (YoY),-4.60%,,-1.10%,2023-04-14 12:30:00
USD,2.0,Import Price Index (MoM) (Mar),-0.60%,-0.10%,-0.20%,2023-04-14 12:30:00
USD,1.0,Import Price Index ex Petroleum (MoM),-0.60%,,-0.30%,2023-04-14 12:30:00
USD,2.0,Retail Control (MoM) (Mar),-0.30%,-0.30%,0.50%,2023-04-14 12:30:00
USD,3.0,Retail Sales (MoM) (Mar),-1.00%,-0.40%,-0.20%,2023-04-14 12:30:00
USD,1.0,Retail Sales (YoY) (Mar),2.94%,5.90%,5.88%,2023-04-14 12:30:00
USD,1.0,Retail Sales Ex Gas/Autos (MoM) (Mar),-0.30%,-0.10%,0.00%,2023-04-14 12:30:00
USD,2.0,Fed Waller Speaks,,,,2023-04-14 12:45:00
USD,1.0,Capacity Utilization Rate (Mar),79.80%,79.00%,79.60%,2023-04-14 13:15:00
USD,2.0,Industrial Production (MoM) (Mar),0.40%,0.20%,0.20%,2023-04-14 13:15:00
USD,2.0,Industrial Production (YoY) (Mar),0.53%,-0.90%,0.95%,2023-04-14 13:15:00
USD,1.0,Manufacturing Production (MoM) (Mar),-0.50%,-0.10%,0.60%,2023-04-14 13:15:00
USD,2.0,Business Inventories (MoM) (Feb),0.20%,0.30%,-0.20%,2023-04-14 14:00:00
USD,2.0,Michigan 1-Year Inflation Expectations (Apr),4.60%,3.50%,3.60%,2023-04-14 14:00:00
USD,2.0,Michigan 5-Year Inflation Expectations (Apr),2.90%,2.80%,2.90%,2023-04-14 14:00:00
USD,2.0,Michigan Consumer Expectations (Apr),60.3,60,59.2,2023-04-14 14:00:00
USD,2.0,Michigan Consumer Sentiment (Apr),63.5,62,62,2023-04-14 14:00:00
USD,1.0,Michigan Current Conditions (Apr),68.6,67.3,66.3,2023-04-14 14:00:00
USD,2.0,Retail Inventories Ex Auto (Feb),0.30%,0.40%,0.10%,2023-04-14 14:00:00
USD,1.0,IMF Meetings,,,,2023-04-14 15:00:00
USD,2.0,U.S. Baker Hughes Oil Rig Count,588,,590,2023-04-14 17:00:00
USD,2.0,U.S. Baker Hughes Total Rig Count,748,,751,2023-04-14 17:00:00
USD,1.0,CFTC Wheat speculative net positions,-66.7K,,-60.8K,2023-04-14 20:30:00
USD,1.0,CFTC Soybeans speculative net positions,179.3K,,184.3K,2023-04-14 20:30:00
USD,1.0,CFTC Silver speculative net positions,23.7K,,21.3K,2023-04-14 20:30:00
USD,2.0,CFTC S&P 500 speculative net positions,-307.6K,,-321.5K,2023-04-14 20:30:00
USD,2.0,CFTC Crude Oil speculative net positions,235.6K,,226.1K,2023-04-14 20:30:00
USD,2.0,CFTC Nasdaq 100 speculative net positions,-2.1K,,-18.4K,2023-04-14 20:30:00
USD,2.0,CFTC Gold speculative net positions,192.7K,,195.2K,2023-04-14 20:30:00
USD,1.0,CFTC Corn speculative net positions,103.3K,,85.7K,2023-04-14 20:30:00
USD,1.0,CFTC Aluminium speculative net positions,5.5K,,5.5K,2023-04-14 20:30:00
USD,1.0,CFTC Natural Gas speculative net positions,-140.9K,,-130.5K,2023-04-14 20:30:00
USD,1.0,CFTC Copper speculative net positions,-4.3K,,-3.0K,2023-04-14 20:30:00
USD,1.0,IMF Meetings,,,,2023-04-15 15:00:00
USD,1.0,IMF Meetings,,,,2023-04-16 15:00:00
USD,2.0,NY Empire State Manufacturing Index (Apr),10.8,-18,-24.6,2023-04-17 12:30:00
USD,1.0,NAHB Housing Market Index (Apr),45,44,44,2023-04-17 14:00:00
USD,1.0,6-Month Bill Auction,4.87%,,4.80%,2023-04-17 15:30:00
USD,1.0,3-Month Bill Auction,5.08%,,4.98%,2023-04-17 15:30:00
USD,2.0,TIC Net Long-Term Transactions (Feb),71.0B,101.9B,31.9B,2023-04-17 20:00:00
USD,1.0,TIC Net Long-Term Transactions including Swaps (Feb),72.20B,111.80B,22.30B,2023-04-17 20:00:00
USD,1.0,"US Foreign Buying, T-bonds (Feb)",55.60B,42.10B,50.90B,2023-04-17 20:00:00
USD,1.0,Overall Net Capital Flow (Feb),28.00B,197.60B,183.20B,2023-04-17 20:00:00
USD,1.0,Building Permits (MoM) (Mar),-8.80%,-6.00%,15.80%,2023-04-18 12:30:00
USD,2.0,Building Permits (Mar),1.413M,1.450M,1.550M,2023-04-18 12:30:00
USD,2.0,Housing Starts (MoM) (Mar),-0.80%,0.40%,7.30%,2023-04-18 12:30:00
USD,2.0,Housing Starts (Mar),1.420M,1.400M,1.432M,2023-04-18 12:30:00
USD,1.0,Redbook (YoY),1.10%,,1.50%,2023-04-18 12:55:00
USD,1.0,52-Week Bill Auction,4.53%,,4.39%,2023-04-18 15:30:00
USD,2.0,FOMC Member Bowman Speaks,,,,2023-04-18 17:00:00
USD,2.0,API Weekly Crude Oil Stock,-2.675M,-2.464M,0.377M,2023-04-18 20:30:00
USD,1.0,MBA Purchase Index,161.6,,179.6,2023-04-19 11:00:00
USD,1.0,Mortgage Market Index,209.2,,229.5,2023-04-19 11:00:00
USD,1.0,Mortgage Refinance Index,449.8,,477.5,2023-04-19 11:00:00
USD,1.0,MBA 30-Year Mortgage Rate,6.43%,,6.30%,2023-04-19 11:00:00
USD,1.0,MBA Mortgage Applications (WoW),-8.80%,,5.30%,2023-04-19 11:00:00
USD,1.0,Heating Oil Stockpiles,-0.260M,0.081M,1.015M,2023-04-19 14:30:00
USD,1.0,Gasoline Inventories,1.300M,-1.267M,-0.331M,2023-04-19 14:30:00
USD,1.0,EIA Weekly Refinery Utilization Rates (WoW),1.70%,0.50%,-0.30%,2023-04-19 14:30:00
USD,1.0,Gasoline Production,-0.343M,-0.051M,-0.033M,2023-04-19 14:30:00
USD,3.0,Crude Oil Inventories,-4.581M,-1.088M,0.597M,2023-04-19 14:30:00
USD,1.0,Distillate Fuel Production,0.167M,-0.014M,-0.157M,2023-04-19 14:30:00
USD,2.0,Cushing Crude Oil Inventories,-1.088M,0.622M,-0.409M,2023-04-19 14:30:00
USD,1.0,Crude Oil Imports,-1.743M,-0.778M,1.561M,2023-04-19 14:30:00
USD,1.0,EIA Refinery Crude Runs (WoW),0.259M,,-0.030M,2023-04-19 14:30:00
USD,1.0,EIA Weekly Distillates Stocks,-0.356M,-0.927M,-0.606M,2023-04-19 14:30:00
USD,2.0,20-Year Bond Auction,3.92%,,3.91%,2023-04-19 17:00:00
USD,2.0,Beige Book,,,,2023-04-19 18:00:00
USD,2.0,FOMC Member Williams Speaks,,,,2023-04-19 23:00:00
USD,1.0,Philly Fed New Orders (Apr),-22.7,-21.2,-28.2,2023-04-20 12:30:00
USD,1.0,Philly Fed Prices Paid (Apr),8.2,28,23.5,2023-04-20 12:30:00
USD,2.0,Philly Fed Employment (Apr),-0.2,-2.6,-10.3,2023-04-20 12:30:00
USD,2.0,Continuing Jobless Claims,"1,865K","1,820K","1,804K",2023-04-20 12:30:00
USD,1.0,Philly Fed Business Conditions (Apr),-1.5,-11.9,-8,2023-04-20 12:30:00
USD,3.0,Philadelphia Fed Manufacturing Index (Apr),-31.3,-19.2,-23.2,2023-04-20 12:30:00
USD,1.0,Jobless Claims 4-Week Avg.,239.75K,255.15K,240.25K,2023-04-20 12:30:00
USD,3.0,Initial Jobless Claims,245K,240K,240K,2023-04-20 12:30:00
USD,1.0,Philly Fed CAPEX Index (Apr),-5.4,8.3,-3.8,2023-04-20 12:30:00
USD,3.0,Existing Home Sales (Mar),4.44M,4.50M,4.55M,2023-04-20 14:00:00
USD,2.0,Existing Home Sales (MoM) (Mar),-2.40%,5.00%,13.80%,2023-04-20 14:00:00
USD,2.0,US Leading Index (MoM) (Mar),-1.20%,-0.60%,-0.50%,2023-04-20 14:00:00
USD,1.0,Natural Gas Storage,75B,69B,25B,2023-04-20 14:30:00
USD,1.0,4-Week Bill Auction,3.19%,,4.03%,2023-04-20 15:30:00
USD,1.0,8-Week Bill Auction,4.85%,,4.79%,2023-04-20 15:30:00
USD,2.0,Fed Waller Speaks,,,,2023-04-20 16:00:00
USD,2.0,5-Year TIPS Auction,1.32%,,1.50%,2023-04-20 17:00:00
USD,2.0,FOMC Member Bowman Speaks,,,,2023-04-20 19:00:00
USD,2.0,Fed's Balance Sheet,"8,593B",,"8,615B",2023-04-20 20:30:00
USD,1.0,Reserve Balances with Federal Reserve Banks,3.165T,,3.348T,2023-04-20 20:30:00
USD,2.0,S&P Global Composite PMI (Apr),53.5,52.8,52.3,2023-04-21 13:45:00
USD,3.0,S&P Global Services PMI (Apr),53.7,51.5,52.6,2023-04-21 13:45:00
USD,3.0,S&P Global US Manufacturing PMI (Apr),50.4,49,49.2,2023-04-21 13:45:00
USD,2.0,U.S. Baker Hughes Oil Rig Count,591,,588,2023-04-21 17:00:00
USD,2.0,U.S. Baker Hughes Total Rig Count,753,,748,2023-04-21 17:00:00
USD,1.0,CFTC Wheat speculative net positions,-70.5K,,-66.7K,2023-04-21 20:30:00
USD,1.0,CFTC Soybeans speculative net positions,177.5K,,179.3K,2023-04-21 20:30:00
USD,2.0,CFTC S&P 500 speculative net positions,-344.3K,,-307.6K,2023-04-21 20:30:00
USD,1.0,CFTC Natural Gas speculative net positions,-140.0K,,-140.9K,2023-04-21 20:30:00
USD,1.0,CFTC Silver speculative net positions,26.6K,,23.7K,2023-04-21 20:30:00
USD,2.0,CFTC Gold speculative net positions,189.9K,,192.7K,2023-04-21 20:30:00
USD,2.0,CFTC Crude Oil speculative net positions,244.6K,,235.6K,2023-04-21 20:30:00
USD,1.0,CFTC Corn speculative net positions,105.6K,,103.3K,2023-04-21 20:30:00
USD,1.0,CFTC Copper speculative net positions,8.9K,,-4.3K,2023-04-21 20:30:00
USD,2.0,CFTC Nasdaq 100 speculative net positions,2.7K,,-2.1K,2023-04-21 20:30:00
USD,1.0,CFTC Aluminium speculative net positions,5.6K,,5.5K,2023-04-21 20:30:00
USD,1.0,Fed Governor Cook Speaks,,,,2023-04-21 20:35:00
USD,1.0,Chicago Fed National Activity (Mar),-0.19,-0.02,-0.19,2023-04-24 12:30:00
USD,1.0,Dallas Fed Mfg Business Index (Apr),-23.4,-14.6,-15.7,2023-04-24 14:30:00
USD,1.0,3-Month Bill Auction,5.07%,,5.08%,2023-04-24 15:30:00
USD,1.0,6-Month Bill Auction,4.84%,,4.87%,2023-04-24 15:30:00
USD,2.0,Building Permits (Mar),1.430M,1.413M,1.550M,2023-04-25 12:10:00
USD,1.0,Building Permits (MoM) (Mar),-7.70%,-8.80%,15.80%,2023-04-25 12:10:00
USD,1.0,Redbook (YoY),1.80%,,1.10%,2023-04-25 12:55:00
USD,1.0,House Price Index (YoY) (Feb),4.00%,3.90%,5.30%,2023-04-25 13:00:00
USD,1.0,House Price Index (MoM) (Feb),0.50%,-0.10%,0.10%,2023-04-25 13:00:00
USD,1.0,House Price Index (Feb),394.8,392.8,393,2023-04-25 13:00:00
USD,1.0,S&P/CS HPI Composite - 20 s.a. (MoM) (Feb),0.10%,-0.40%,-0.40%,2023-04-25 13:00:00
USD,2.0,S&P/CS HPI Composite - 20 n.s.a. (YoY) (Feb),0.40%,0.10%,2.60%,2023-04-25 13:00:00
USD,2.0,S&P/CS HPI Composite - 20 n.s.a. (MoM) (Feb),0.20%,-0.70%,-0.60%,2023-04-25 13:00:00
USD,1.0,Richmond Services Index (Apr),-23,-3,-17,2023-04-25 14:00:00
USD,1.0,Richmond Manufacturing Shipments (Apr),-7,,2,2023-04-25 14:00:00
USD,3.0,CB Consumer Confidence (Apr),101.3,104,104,2023-04-25 14:00:00
USD,3.0,New Home Sales (Mar),683K,630K,623K,2023-04-25 14:00:00
USD,1.0,Richmond Manufacturing Index (Apr),-10,-9,-5,2023-04-25 14:00:00
USD,2.0,New Home Sales (MoM) (Mar),9.60%,1.10%,-3.90%,2023-04-25 14:00:00
USD,1.0,Dallas Fed Services Revenues (Apr),6.9,4,5.5,2023-04-25 14:30:00
USD,1.0,Texas Services Sector Outlook (Apr),-14.4,-16,-18,2023-04-25 14:30:00
USD,2.0,2-Year Note Auction,3.97%,,3.95%,2023-04-25 17:00:00
USD,1.0,M2 Money Supply (MoM) (Mar),21.06T,,21.18T,2023-04-25 17:00:00
USD,2.0,API Weekly Crude Oil Stock,-6.083M,-1.667M,-2.675M,2023-04-25 20:30:00
USD,1.0,Mortgage Refinance Index,457.6,,449.8,2023-04-26 11:00:00
USD,1.0,MBA Purchase Index,169.1,,161.6,2023-04-26 11:00:00
USD,1.0,MBA Mortgage Applications (WoW),3.70%,,-8.80%,2023-04-26 11:00:00
USD,1.0,MBA 30-Year Mortgage Rate,6.55%,,6.43%,2023-04-26 11:00:00
USD,1.0,Mortgage Market Index,216.9,,209.2,2023-04-26 11:00:00
USD,2.0,Core Durable Goods Orders (MoM) (Mar),0.30%,-0.20%,-0.30%,2023-04-26 12:30:00
USD,3.0,Durable Goods Orders (MoM) (Mar),3.20%,0.70%,-1.20%,2023-04-26 12:30:00
USD,1.0,Durables Excluding Defense (MoM) (Mar),3.50%,,-0.80%,2023-04-26 12:30:00
USD,1.0,Goods Orders Non Defense Ex Air (MoM) (Mar),-0.40%,-0.10%,-0.70%,2023-04-26 12:30:00
USD,2.0,Goods Trade Balance (Mar),-84.60B,-89.00B,-91.99B,2023-04-26 12:30:00
USD,2.0,Retail Inventories Ex Auto (Mar),0.40%,0.10%,-0.10%,2023-04-26 12:30:00
USD,1.0,Wholesale Inventories (MoM),0.10%,,0.10%,2023-04-26 12:30:00
USD,1.0,Gasoline Inventories,-2.408M,-0.933M,1.300M,2023-04-26 14:30:00
USD,1.0,EIA Weekly Refinery Utilization Rates (WoW),0.30%,0.30%,1.70%,2023-04-26 14:30:00
USD,1.0,Gasoline Production,0.541M,-0.096M,-0.343M,2023-04-26 14:30:00
USD,1.0,Heating Oil Stockpiles,0.151M,-0.285M,-0.260M,2023-04-26 14:30:00
USD,1.0,Distillate Fuel Production,-0.081M,-0.045M,0.167M,2023-04-26 14:30:00
USD,1.0,EIA Weekly Distillates Stocks,-0.576M,-0.839M,-0.356M,2023-04-26 14:30:00
USD,3.0,Crude Oil Inventories,-5.054M,-1.486M,-4.581M,2023-04-26 14:30:00
USD,1.0,Crude Oil Imports,-0.166M,-0.300M,-1.743M,2023-04-26 14:30:00
USD,2.0,Cushing Crude Oil Inventories,0.319M,0.667M,-1.088M,2023-04-26 14:30:00
USD,1.0,EIA Refinery Crude Runs (WoW),-0.011M,,0.259M,2023-04-26 14:30:00
USD,2.0,5-Year Note Auction,3.50%,,3.67%,2023-04-26 17:00:00
USD,2.0,Continuing Jobless Claims,"1,858K","1,878K","1,861K",2023-04-27 12:30:00
USD,2.0,Core PCE Prices (Q1),4.90%,4.70%,4.40%,2023-04-27 12:30:00
USD,3.0,GDP (QoQ) (Q1),1.10%,2.00%,2.60%,2023-04-27 12:30:00
USD,1.0,GDP Sales (Q1),3.40%,2.30%,1.10%,2023-04-27 12:30:00
USD,3.0,Initial Jobless Claims,230K,248K,246K,2023-04-27 12:30:00
USD,1.0,Jobless Claims 4-Week Avg.,236.00K,,240.00K,2023-04-27 12:30:00
USD,1.0,PCE Prices (Q1),4.20%,0.50%,3.70%,2023-04-27 12:30:00
USD,1.0,Real Consumer Spending (Q1),3.70%,,1.00%,2023-04-27 12:30:00
USD,2.0,GDP Price Index (QoQ) (Q1),4.00%,3.70%,3.90%,2023-04-27 12:30:00
USD,2.0,Pending Home Sales (MoM) (Mar),-5.20%,0.50%,0.80%,2023-04-27 14:00:00
USD,1.0,Pending Home Sales Index (Mar),78.9,,83.2,2023-04-27 14:00:00
USD,1.0,Natural Gas Storage,79B,75B,75B,2023-04-27 14:30:00
USD,1.0,KC Fed Composite Index (Apr),-10,0,0,2023-04-27 15:00:00
USD,1.0,KC Fed Manufacturing Index (Apr),-21,3,3,2023-04-27 15:00:00
USD,1.0,8-Week Bill Auction,4.94%,,4.85%,2023-04-27 15:30:00
USD,1.0,4-Week Bill Auction,3.83%,,3.19%,2023-04-27 15:30:00
USD,2.0,7-Year Note Auction,3.56%,,3.63%,2023-04-27 17:00:00
USD,1.0,Reserve Balances with Federal Reserve Banks,3.132T,,3.165T,2023-04-27 20:30:00
USD,2.0,Fed's Balance Sheet,"8,563B",,"8,593B",2023-04-27 20:30:00
USD,1.0,Employment Wages (QoQ) (Q1),1.20%,0.90%,1.20%,2023-04-28 12:30:00
USD,1.0,Real Personal Consumption (MoM) (Mar),0.00%,,-0.20%,2023-04-28 12:30:00
USD,2.0,Personal Spending (MoM) (Mar),0.00%,-0.10%,0.10%,2023-04-28 12:30:00
USD,1.0,Personal Income (MoM) (Mar),0.30%,0.20%,0.30%,2023-04-28 12:30:00
USD,2.0,PCE Price index (YoY) (Mar),4.20%,,5.10%,2023-04-28 12:30:00
USD,2.0,PCE price index (MoM) (Mar),0.10%,0.30%,0.30%,2023-04-28 12:30:00
USD,3.0,Core PCE Price Index (MoM) (Mar),0.30%,0.30%,0.30%,2023-04-28 12:30:00
USD,2.0,Employment Cost Index (QoQ) (Q1),1.20%,1.10%,1.10%,2023-04-28 12:30:00
USD,3.0,Core PCE Price Index (YoY) (Mar),4.60%,4.50%,4.70%,2023-04-28 12:30:00
USD,1.0,Employment Benefits (QoQ) (Q1),1.20%,0.70%,1.00%,2023-04-28 12:30:00
USD,3.0,Chicago PMI (Apr),48.6,43.5,43.8,2023-04-28 13:45:00
USD,2.0,Michigan 1-Year Inflation Expectations (Apr),4.60%,,4.60%,2023-04-28 14:00:00
USD,2.0,Michigan 5-Year Inflation Expectations (Apr),3.00%,,2.90%,2023-04-28 14:00:00
USD,2.0,Michigan Consumer Expectations (Apr),60.5,61.8,60.3,2023-04-28 14:00:00
USD,2.0,Michigan Consumer Sentiment (Apr),63.5,63.5,63.5,2023-04-28 14:00:00
USD,1.0,Michigan Current Conditions (Apr),68.2,66,68.6,2023-04-28 14:00:00
USD,1.0,Dallas Fed PCE (Mar),3.40%,,4.60%,2023-04-28 15:20:00
USD,2.0,U.S. Baker Hughes Oil Rig Count,591,,591,2023-04-28 17:00:00
USD,2.0,U.S. Baker Hughes Total Rig Count,755,,753,2023-04-28 17:00:00
USD,1.0,CFTC Aluminium speculative net positions,6.2K,,5.6K,2023-04-28 20:30:00
USD,1.0,CFTC Copper speculative net positions,-17.0K,,8.9K,2023-04-28 20:30:00
USD,1.0,CFTC Corn speculative net positions,24.6K,,105.6K,2023-04-28 20:30:00
USD,2.0,CFTC Crude Oil speculative net positions,236.4K,,244.6K,2023-04-28 20:30:00
USD,2.0,CFTC Gold speculative net positions,185.3K,,189.9K,2023-04-28 20:30:00
USD,2.0,CFTC Nasdaq 100 speculative net positions,5.1K,,2.7K,2023-04-28 20:30:00
USD,1.0,CFTC Natural Gas speculative net positions,-136.2K,,-140.0K,2023-04-28 20:30:00
USD,2.0,CFTC S&P 500 speculative net positions,-363.3K,,-344.3K,2023-04-28 20:30:00
USD,1.0,CFTC Silver speculative net positions,30.6K,,26.6K,2023-04-28 20:30:00
USD,1.0,CFTC Soybeans speculative net positions,104.1K,,177.5K,2023-04-28 20:30:00
USD,1.0,CFTC Wheat speculative net positions,-83.2K,,-70.5K,2023-04-28 20:30:00
USD,3.0,S&P Global US Manufacturing PMI (Apr),50.2,50.4,49.2,2023-05-01 13:45:00
USD,3.0,ISM Manufacturing Prices (Apr),53.2,49,49.2,2023-05-01 14:00:00
USD,3.0,ISM Manufacturing PMI (Apr),47.1,46.8,46.3,2023-05-01 14:00:00
USD,1.0,ISM Manufacturing New Orders Index (Apr),45.7,45.5,44.3,2023-05-01 14:00:00
USD,2.0,Construction Spending (MoM) (Mar),0.30%,0.10%,-0.30%,2023-05-01 14:00:00
USD,2.0,ISM Manufacturing Employment (Apr),50.2,47.9,46.9,2023-05-01 14:00:00
USD,1.0,3-Month Bill Auction,5.12%,,5.07%,2023-05-01 15:30:00
USD,1.0,6-Month Bill Auction,4.90%,,4.84%,2023-05-01 15:30:00
USD,1.0,OPEC Crude oil Production Iran (Barrel),2.57M,,2.60M,2023-05-02 11:15:00
USD,1.0,OPEC Crude oil Production Saudi Arabia (Barrel),10.41M,,10.36M,2023-05-02 11:15:00
USD,1.0,OPEC Crude Oil Production Nigeria (Barrel),1.35M,,1.37M,2023-05-02 11:15:00
USD,1.0,OPEC Crude Oil Production Libya (Barrel),1.16M,,1.16M,2023-05-02 11:15:00
USD,1.0,OPEC Crude Oil Production Kuwait (Barrel),2.68M,,2.68M,2023-05-02 11:15:00
USD,1.0,OPEC Crude oil Production Iraq (Barrel),4.34M,,4.37M,2023-05-02 11:15:00
USD,1.0,OPEC Crude Oil Production Guinea (Barrel),0.05M,,0.06M,2023-05-02 11:15:00
USD,1.0,OPEC Crude Oil Production Gabon (Barrel),0.20M,,0.20M,2023-05-02 11:15:00
USD,1.0,OPEC Crude Oil Production Congo (Barrel),0.28M,,0.27M,2023-05-02 11:15:00
USD,1.0,OPEC Crude Oil Production Algeria (Barrel),1.01M,,1.01M,2023-05-02 11:15:00
USD,1.0,OPEC Crude oil Production UAE (Barrel),3.05M,,3.04M,2023-05-02 11:15:00
USD,1.0,OPEC Crude oil Production Venezuela (Barrel),0.70M,,0.69M,2023-05-02 11:15:00
USD,1.0,Redbook (YoY),1.30%,,1.80%,2023-05-02 12:55:00
USD,3.0,JOLTs Job Openings (Mar),9.590M,9.775M,9.974M,2023-05-02 14:00:00
USD,1.0,Factory orders ex transportation (MoM) (Mar),-0.70%,,-0.70%,2023-05-02 14:00:00
USD,2.0,Factory Orders (MoM) (Mar),0.90%,1.10%,-1.10%,2023-05-02 14:00:00
USD,1.0,Durables Excluding Defense (MoM) (Mar),3.40%,,3.50%,2023-05-02 14:00:00
USD,1.0,Durables Excluding Transport (MoM) (Mar),0.20%,,0.30%,2023-05-02 14:00:00
USD,2.0,API Weekly Crude Oil Stock,-3.939M,-1.000M,-6.083M,2023-05-02 20:30:00
USD,1.0,MBA Purchase Index,165.8,,169.1,2023-05-03 11:00:00
USD,1.0,MBA 30-Year Mortgage Rate,6.50%,,6.55%,2023-05-03 11:00:00
USD,1.0,MBA Mortgage Applications (WoW),-1.20%,,3.70%,2023-05-03 11:00:00
USD,1.0,Mortgage Market Index,214.4,,216.9,2023-05-03 11:00:00
USD,1.0,Mortgage Refinance Index,461.2,,457.6,2023-05-03 11:00:00
USD,3.0,ADP Nonfarm Employment Change (Apr),296K,148K,142K,2023-05-03 12:15:00
USD,1.0,All Car Sales (Apr),3.28M,,2.96M,2023-05-03 12:20:00
USD,1.0,All Truck Sales (Apr),12.63M,,11.88M,2023-05-03 12:20:00
USD,1.0,Total Vehicle Sales,15.91M,,14.84M,2023-05-03 13:00:00
USD,2.0,S&P Global Composite PMI (Apr),53.4,53.5,52.3,2023-05-03 13:45:00
USD,3.0,S&P Global Services PMI (Apr),53.6,53.7,52.6,2023-05-03 13:45:00
USD,1.0,ISM Non-Manufacturing Business Activity (Apr),52,54.5,55.4,2023-05-03 14:00:00
USD,2.0,ISM Non-Manufacturing Employment (Apr),50.8,52.6,51.3,2023-05-03 14:00:00
USD,1.0,ISM Non-Manufacturing New Orders (Apr),56.1,57,52.2,2023-05-03 14:00:00
USD,3.0,ISM Non-Manufacturing PMI (Apr),51.9,51.8,51.2,2023-05-03 14:00:00
USD,3.0,ISM Non-Manufacturing Prices (Apr),59.6,59.9,59.5,2023-05-03 14:00:00
USD,1.0,Gasoline Inventories,1.743M,-1.157M,-2.408M,2023-05-03 14:30:00
USD,1.0,EIA Weekly Refinery Utilization Rates (WoW),-0.60%,0.30%,0.30%,2023-05-03 14:30:00
USD,1.0,Heating Oil Stockpiles,0.648M,0.114M,0.151M,2023-05-03 14:30:00
USD,1.0,Gasoline Production,-0.638M,0.042M,0.541M,2023-05-03 14:30:00
USD,1.0,EIA Weekly Distillates Stocks,-1.191M,-1.084M,-0.576M,2023-05-03 14:30:00
USD,3.0,Crude Oil Inventories,-1.280M,-1.100M,-5.054M,2023-05-03 14:30:00
USD,2.0,Cushing Crude Oil Inventories,0.541M,0.745M,0.319M,2023-05-03 14:30:00
USD,1.0,Crude Oil Imports,0.102M,1.589M,-0.166M,2023-05-03 14:30:00
USD,1.0,EIA Refinery Crude Runs (WoW),-0.098M,,-0.011M,2023-05-03 14:30:00
USD,1.0,Distillate Fuel Production,-0.093M,-0.019M,-0.081M,2023-05-03 14:30:00
USD,3.0,Fed Interest Rate Decision,5.25%,5.25%,5.00%,2023-05-03 18:00:00
USD,3.0,FOMC Statement,,,,2023-05-03 18:00:00
USD,3.0,FOMC Press Conference,,,,2023-05-03 18:30:00
USD,1.0,Challenger Job Cuts (YoY),175.90%,,319.40%,2023-05-04 11:30:00
USD,1.0,Challenger Job Cuts (Apr),66.995K,,89.703K,2023-05-04 11:30:00
USD,2.0,Private Nonfarm Payrolls (Apr),230K,160K,123K,2023-05-04 12:30:00
USD,3.0,Average Hourly Earnings (MoM) (Apr),0.50%,0.30%,0.30%,2023-05-04 12:30:00
USD,2.0,Average Hourly Earnings (YoY) (YoY) (Apr),4.40%,4.20%,4.30%,2023-05-04 12:30:00
USD,1.0,Average Weekly Hours (Apr),34.4,34.4,34.4,2023-05-04 12:30:00
USD,1.0,Government Payrolls (Apr),23.0K,-8.0K,42.0K,2023-05-04 12:30:00
USD,1.0,Manufacturing Payrolls (Apr),11K,-5K,-8K,2023-05-04 12:30:00
USD,3.0,Nonfarm Payrolls (Apr),253K,180K,165K,2023-05-04 12:30:00
USD,2.0,Participation Rate (Apr),62.60%,62.50%,62.60%,2023-05-04 12:30:00
USD,2.0,Trade Balance (Mar),-64.20B,-63.30B,-70.60B,2023-05-04 12:30:00
USD,2.0,U6 Unemployment Rate (Apr),6.60%,6.70%,6.70%,2023-05-04 12:30:00
USD,2.0,Unit Labor Costs (QoQ) (Q1),6.30%,5.50%,3.30%,2023-05-04 12:30:00
USD,3.0,Unemployment Rate (Apr),3.40%,3.60%,3.50%,2023-05-04 12:30:00
USD,2.0,Nonfarm Productivity (QoQ) (Q1),-2.70%,-1.80%,1.60%,2023-05-04 12:30:00
USD,1.0,Jobless Claims 4-Week Avg.,239.25K,217.09K,235.75K,2023-05-04 12:30:00
USD,3.0,Initial Jobless Claims,242K,240K,229K,2023-05-04 12:30:00
USD,2.0,Imports,320.40B,,321.50B,2023-05-04 12:30:00
USD,2.0,Exports,256.20B,,250.90B,2023-05-04 12:30:00
USD,2.0,Continuing Jobless Claims,"1,805K","1,865K","1,843K",2023-05-04 12:30:00
USD,1.0,Natural Gas Storage,54B,86B,79B,2023-05-04 14:30:00
USD,1.0,8-Week Bill Auction,5.40%,,4.94%,2023-05-04 15:30:00
USD,1.0,4-Week Bill Auction,5.84%,,3.83%,2023-05-04 15:30:00
USD,2.0,U.S. Baker Hughes Oil Rig Count,588,,591,2023-05-04 17:00:00
USD,1.0,Fed Governor Cook Speaks,,,,2023-05-04 17:00:00
USD,2.0,U.S. Baker Hughes Total Rig Count,748,,755,2023-05-04 17:00:00
USD,2.0,FOMC Member Bullard Speaks,,,,2023-05-04 17:00:00
USD,2.0,Consumer Credit (Mar),26.51B,16.50B,15.03B,2023-05-04 19:00:00
USD,2.0,CFTC Gold speculative net positions,195.6K,,185.3K,2023-05-04 20:30:00
USD,1.0,CFTC Copper speculative net positions,-21.7K,,-17.0K,2023-05-04 20:30:00
USD,2.0,Fed's Balance Sheet,"8,504B",,"8,563B",2023-05-04 20:30:00
USD,1.0,Reserve Balances with Federal Reserve Banks,3.166T,,3.132,2023-05-04 20:30:00
USD,1.0,CFTC Wheat speculative net positions,-90.2K,,-83.2K,2023-05-04 20:30:00
USD,1.0,CFTC Soybeans speculative net positions,75.1K,,104.1K,2023-05-04 20:30:00
USD,1.0,CFTC Silver speculative net positions,32.0K,,30.6K,2023-05-04 20:30:00
USD,2.0,CFTC S&P 500 speculative net positions,-355.4K,,-363.3K,2023-05-04 20:30:00
USD,1.0,CFTC Natural Gas speculative net positions,-141.3K,,-136.2K,2023-05-04 20:30:00
USD,2.0,CFTC Nasdaq 100 speculative net positions,13.3K,,5.1K,2023-05-04 20:30:00
USD,1.0,CFTC Aluminium speculative net positions,5.7K,,6.2K,2023-05-04 20:30:00
USD,2.0,CFTC Crude Oil speculative net positions,214.8K,,236.4K,2023-05-04 20:30:00
USD,1.0,CFTC Corn speculative net positions,-60.6K,,24.6K,2023-05-04 20:30:00
USD,1.0,NFIB Small Business Optimism (Apr),89,89.6,90.1,2023-05-08 10:00:00
USD,1.0,Fed Governor Jefferson Speaks,,,,2023-05-08 12:30:00
USD,1.0,Wholesale Inventories (MoM) (Mar),0.00%,0.10%,0.00%,2023-05-08 14:00:00
USD,1.0,Wholesale Trade Sales (MoM) (Mar),-2.10%,0.50%,0.40%,2023-05-08 14:00:00
USD,1.0,CB Employment Trends Index (Apr),116.18,117.37,115.51,2023-05-08 14:00:00
USD,1.0,IBD/TIPP Economic Optimism,41.6,48.2,47.4,2023-05-08 14:00:00
USD,1.0,Redbook (YoY),1.30%,,1.30%,2023-05-08 14:50:00
USD,2.0,NY Fed 1-Year Consumer Inflation Expectations,4.40%,,4.70%,2023-05-08 15:00:00
USD,1.0,6-Month Bill Auction,4.89%,,4.90%,2023-05-08 15:30:00
USD,1.0,3-Month Bill Auction,5.14%,,5.12%,2023-05-08 15:30:00
USD,2.0,EIA Short-Term Energy Outlook,,,,2023-05-08 16:00:00
USD,2.0,FOMC Member Williams Speaks,,,,2023-05-08 16:05:00
USD,2.0,3-Year Note Auction,3.70%,,3.81%,2023-05-08 17:00:00
USD,1.0,Loan Officer Survey,,,,2023-05-08 18:00:00
USD,2.0,API Weekly Crude Oil Stock,3.618M,-1.600M,-3.939M,2023-05-08 20:30:00
USD,1.0,MBA 30-Year Mortgage Rate,6.48%,,6.50%,2023-05-10 11:00:00
USD,1.0,MBA Mortgage Applications (WoW),6.30%,,-1.20%,2023-05-10 11:00:00
USD,1.0,MBA Purchase Index,173.7,,165.8,2023-05-10 11:00:00
USD,1.0,Mortgage Market Index,227.8,,214.4,2023-05-10 11:00:00
USD,1.0,Mortgage Refinance Index,507.1,,461.2,2023-05-10 11:00:00
USD,1.0,"CPI Index, s.a (Apr)",302.92,303.28,301.81,2023-05-10 12:30:00
USD,3.0,Core CPI (MoM) (Apr),0.40%,0.40%,0.40%,2023-05-10 12:30:00
USD,2.0,Core CPI (YoY) (Apr),5.50%,5.50%,5.60%,2023-05-10 12:30:00
USD,1.0,Core CPI Index (Apr),306.49,306.21,305.24,2023-05-10 12:30:00
USD,3.0,CPI (MoM) (Apr),0.40%,0.40%,0.10%,2023-05-10 12:30:00
USD,3.0,CPI (YoY) (Apr),4.90%,5.00%,5.00%,2023-05-10 12:30:00
USD,1.0,"CPI Index, n.s.a. (Apr)",303.36,303.53,301.84,2023-05-10 12:30:00
USD,1.0,"CPI, n.s.a (MoM) (Apr)",0.51%,,0.33%,2023-05-10 12:30:00
USD,1.0,Real Earnings (MoM) (Apr),0.10%,0.00%,-0.10%,2023-05-10 12:30:00
USD,3.0,Crude Oil Inventories,2.951M,-0.917M,-1.280M,2023-05-10 14:30:00
USD,1.0,EIA Refinery Crude Runs (WoW),0.010M,,-0.098M,2023-05-10 14:30:00
USD,1.0,Crude Oil Imports,1.018M,,0.102M,2023-05-10 14:30:00
USD,2.0,Cushing Crude Oil Inventories,0.397M,0.862M,0.541M,2023-05-10 14:30:00
USD,1.0,Distillate Fuel Production,0.030M,0.022M,-0.093M,2023-05-10 14:30:00
USD,1.0,EIA Weekly Distillates Stocks,-4.170M,-0.808M,-1.191M,2023-05-10 14:30:00
USD,1.0,Gasoline Production,0.445M,0.120M,-0.638M,2023-05-10 14:30:00
USD,1.0,Heating Oil Stockpiles,-0.417M,0.084M,0.648M,2023-05-10 14:30:00
USD,1.0,EIA Weekly Refinery Utilization Rates (WoW),0.30%,0.70%,-0.60%,2023-05-10 14:30:00
USD,1.0,Gasoline Inventories,-3.168M,-1.233M,1.743M,2023-05-10 14:30:00
USD,1.0,Thomson Reuters IPSOS PCSI (May),52.47,,50.7,2023-05-10 15:00:00
USD,1.0,Cleveland CPI (MoM) (Apr),0.40%,0.60%,0.40%,2023-05-10 15:00:00
USD,3.0,10-Year Note Auction,3.45%,,3.46%,2023-05-10 17:00:00
USD,2.0,Federal Budget Balance (Apr),176.0B,235.0B,-378.0B,2023-05-10 18:00:00
USD,2.0,OPEC Monthly Report,,,,2023-05-11 11:00:00
USD,1.0,Core PPI (YoY) (Apr),3.20%,3.30%,3.40%,2023-05-11 12:30:00
USD,1.0,PPI ex. Food/Energy/Transport (YoY) (Apr),3.40%,,3.70%,2023-05-11 12:30:00
USD,1.0,PPI ex. Food/Energy/Transport (MoM) (Apr),0.20%,,0.10%,2023-05-11 12:30:00
USD,2.0,Core PPI (MoM) (Apr),0.20%,0.20%,0.00%,2023-05-11 12:30:00
USD,3.0,Initial Jobless Claims,264K,245K,242K,2023-05-11 12:30:00
USD,1.0,Jobless Claims 4-Week Avg.,245.25K,220.35K,239.25K,2023-05-11 12:30:00
USD,3.0,PPI (MoM) (Apr),0.20%,0.30%,-0.40%,2023-05-11 12:30:00
USD,1.0,PPI (YoY) (Apr),2.30%,2.40%,2.70%,2023-05-11 12:30:00
USD,2.0,Continuing Jobless Claims,"1,813K","1,820K","1,801K",2023-05-11 12:30:00
USD,2.0,Fed Waller Speaks,,,,2023-05-11 14:15:00
USD,1.0,Natural Gas Storage,78B,74B,54B,2023-05-11 14:30:00
USD,1.0,4-Week Bill Auction,5.61%,,5.84%,2023-05-11 15:30:00
USD,1.0,8-Week Bill Auction,4.68%,,5.40%,2023-05-11 15:30:00
USD,3.0,30-Year Bond Auction,3.74%,,3.66%,2023-05-11 17:00:00
USD,2.0,Fed's Balance Sheet,"8,503B",,"8,504B",2023-05-11 20:30:00
USD,1.0,Reserve Balances with Federal Reserve Banks,3.225T,,3.166T,2023-05-11 20:30:00
USD,2.0,FOMC Member Bowman Speaks,,,,2023-05-12 07:00:00
USD,1.0,Import Price Index (YoY),-4.80%,,-4.60%,2023-05-12 12:30:00
USD,2.0,Import Price Index (MoM) (Apr),0.40%,0.30%,-0.80%,2023-05-12 12:30:00
USD,1.0,Import Price Index ex Petroleum (MoM),-0.10%,,-0.60%,2023-05-12 12:30:00
USD,2.0,Export Price Index (MoM) (Apr),0.20%,0.20%,-0.60%,2023-05-12 12:30:00
USD,1.0,Export Price Index (YoY),-5.90%,,-4.80%,2023-05-12 12:30:00
USD,2.0,Michigan Consumer Sentiment (May),57.7,63,63.5,2023-05-12 14:00:00
USD,2.0,Michigan Consumer Expectations (May),53.4,59.8,60.5,2023-05-12 14:00:00
USD,1.0,Michigan Current Conditions (May),64.5,67,68.2,2023-05-12 14:00:00
USD,2.0,Michigan 1-Year Inflation Expectations (May),4.50%,4.40%,4.60%,2023-05-12 14:00:00
USD,2.0,Michigan 5-Year Inflation Expectations (May),3.20%,2.90%,3.00%,2023-05-12 14:00:00
USD,2.0,WASDE Report,,,,2023-05-12 16:00:00
USD,2.0,U.S. Baker Hughes Oil Rig Count,586,,588,2023-05-12 17:00:00
USD,2.0,U.S. Baker Hughes Total Rig Count,731,,748,2023-05-12 17:00:00
USD,1.0,CFTC Soybeans speculative net positions,64.3K,,75.1K,2023-05-12 20:30:00
USD,1.0,CFTC Silver speculative net positions,32.4K,,32.0K,2023-05-12 20:30:00
USD,2.0,CFTC S&P 500 speculative net positions,-376.0K,,-355.4K,2023-05-12 20:30:00
USD,1.0,CFTC Natural Gas speculative net positions,-138.8K,,-141.3K,2023-05-12 20:30:00
USD,2.0,CFTC Nasdaq 100 speculative net positions,21.4K,,13.3K,2023-05-12 20:30:00
USD,1.0,CFTC Wheat speculative net positions,-84.8K,,-90.2K,2023-05-12 20:30:00
USD,2.0,CFTC Crude Oil speculative net positions,216.6K,,214.8K,2023-05-12 20:30:00
USD,1.0,CFTC Corn speculative net positions,-59.1K,,-60.6K,2023-05-12 20:30:00
USD,1.0,CFTC Copper speculative net positions,-24.9K,,-21.7K,2023-05-12 20:30:00
USD,1.0,CFTC Aluminium speculative net positions,5.7K,,5.7K,2023-05-12 20:30:00
USD,2.0,CFTC Gold speculative net positions,195.8K,,195.6K,2023-05-12 20:30:00
USD,2.0,FOMC Member Bullard Speaks,,,,2023-05-12 23:45:00
USD,1.0,Fed Governor Jefferson Speaks,,,,2023-05-12 23:45:00
USD,,Fed Governor Cook Speaks,,,,2023-05-13 14:30:00
USD,2.0,NY Empire State Manufacturing Index (May),-31.8,-3.7,10.8,2023-05-15 12:30:00
USD,2.0,FOMC Member Bostic Speaks,,,,2023-05-15 12:45:00
USD,2.0,FOMC Member Kashkari Speaks,,,,2023-05-15 13:15:00
USD,1.0,3-Month Bill Auction,5.06%,,5.14%,2023-05-15 15:30:00
USD,1.0,6-Month Bill Auction,4.98%,,4.89%,2023-05-15 15:30:00
USD,1.0,FOMC Member Barkin Speaks,,,,2023-05-15 16:30:00
USD,1.0,"US Foreign Buying, T-bonds (Mar)",35.80B,42.90B,57.60B,2023-05-15 20:00:00
USD,1.0,Overall Net Capital Flow (Mar),56.70B,59.60B,13.70B,2023-05-15 20:00:00
USD,2.0,TIC Net Long-Term Transactions (Mar),133.3B,85.4B,56.6B,2023-05-15 20:00:00
USD,1.0,TIC Net Long-Term Transactions including Swaps (Mar),133.30B,111.30B,57.80B,2023-05-15 20:00:00
USD,1.0,Fed Governor Cook Speaks,,,,2023-05-15 21:00:00
USD,2.0,IEA Monthly Report,,,,2023-05-16 08:00:00
USD,2.0,FOMC Member Mester Speaks,,,,2023-05-16 12:15:00
USD,3.0,Core Retail Sales (MoM) (Apr),0.40%,0.40%,-0.50%,2023-05-16 12:30:00
USD,2.0,Retail Control (MoM) (Apr),0.70%,0.30%,-0.40%,2023-05-16 12:30:00
USD,3.0,Retail Sales (MoM) (Apr),0.40%,0.80%,-0.70%,2023-05-16 12:30:00
USD,1.0,Retail Sales (YoY) (Apr),1.60%,4.20%,2.42%,2023-05-16 12:30:00
USD,1.0,Retail Sales Ex Gas/Autos (MoM) (Apr),0.60%,0.20%,-0.50%,2023-05-16 12:30:00
USD,2.0,FOMC Member Bostic Speaks,,,,2023-05-16 12:55:00
USD,1.0,Redbook (YoY),1.60%,,1.30%,2023-05-16 12:55:00
USD,1.0,Capacity Utilization Rate (Apr),79.70%,79.70%,79.40%,2023-05-16 13:15:00
USD,2.0,Industrial Production (YoY) (Apr),0.24%,,0.07%,2023-05-16 13:15:00
USD,2.0,Industrial Production (MoM) (Apr),0.50%,-0.10%,0.00%,2023-05-16 13:15:00
USD,1.0,Manufacturing Production (MoM) (Apr),1.00%,0.10%,-0.80%,2023-05-16 13:15:00
USD,2.0,Fed Barr Testimony,,,,2023-05-16 14:00:00
USD,2.0,Business Inventories (MoM) (Mar),-0.10%,0.10%,0.00%,2023-05-16 14:00:00
USD,1.0,NAHB Housing Market Index (May),50,45,45,2023-05-16 14:00:00
USD,2.0,Retail Inventories Ex Auto (Mar),0.30%,0.40%,-0.20%,2023-05-16 14:00:00
USD,1.0,52-Week Bill Auction,4.65%,,4.53%,2023-05-16 15:30:00
USD,2.0,FOMC Member Williams Speaks,,,,2023-05-16 16:15:00
USD,1.0,Fed Logan Speaks,,,,2023-05-16 19:15:00
USD,2.0,API Weekly Crude Oil Stock,3.690M,-1.300M,3.618M,2023-05-16 20:30:00
USD,2.0,FOMC Member Bostic Speaks,,,,2023-05-16 23:00:00
USD,1.0,MBA 30-Year Mortgage Rate,6.57%,,6.48%,2023-05-17 11:00:00
USD,1.0,MBA Purchase Index,165.4,,173.7,2023-05-17 11:00:00
USD,1.0,Mortgage Market Index,214.9,,227.8,2023-05-17 11:00:00
USD,1.0,Mortgage Refinance Index,468.2,,507.1,2023-05-17 11:00:00
USD,1.0,MBA Mortgage Applications (WoW),-5.70%,,6.30%,2023-05-17 11:00:00
USD,2.0,Housing Starts (Apr),1.401M,1.400M,1.371M,2023-05-17 12:30:00
USD,2.0,Building Permits (Apr),1.416M,1.437M,1.437M,2023-05-17 12:30:00
USD,1.0,Building Permits (MoM) (Apr),-1.50%,,-3.00%,2023-05-17 12:30:00
USD,2.0,Housing Starts (MoM) (Apr),2.20%,,-4.50%,2023-05-17 12:30:00
USD,3.0,Crude Oil Inventories,5.040M,-0.920M,2.951M,2023-05-17 14:30:00
USD,1.0,Crude Oil Imports,-0.127M,-0.389M,1.018M,2023-05-17 14:30:00
USD,2.0,Cushing Crude Oil Inventories,1.461M,0.864M,0.397M,2023-05-17 14:30:00
USD,1.0,Distillate Fuel Production,0.250M,0.039M,0.030M,2023-05-17 14:30:00
USD,1.0,EIA Weekly Distillates Stocks,0.080M,0.057M,-4.170M,2023-05-17 14:30:00
USD,1.0,Gasoline Production,-0.341M,-0.107M,0.445M,2023-05-17 14:30:00
USD,1.0,Heating Oil Stockpiles,0.454M,,-0.417M,2023-05-17 14:30:00
USD,1.0,EIA Weekly Refinery Utilization Rates (WoW),1.00%,0.50%,0.30%,2023-05-17 14:30:00
USD,1.0,Gasoline Inventories,-1.381M,-1.060M,-3.168M,2023-05-17 14:30:00
USD,1.0,EIA Refinery Crude Runs (WoW),0.245M,,0.010M,2023-05-17 14:30:00
USD,2.0,20-Year Bond Auction,3.95%,,3.92%,2023-05-17 17:00:00
USD,3.0,Initial Jobless Claims,242K,254K,264K,2023-05-18 12:30:00
USD,1.0,Jobless Claims 4-Week Avg.,244.25K,245.94K,245.25K,2023-05-18 12:30:00
USD,3.0,Philadelphia Fed Manufacturing Index (May),-10.4,-19.8,-31.3,2023-05-18 12:30:00
USD,1.0,Philly Fed Business Conditions (May),-10.3,-11.3,-1.5,2023-05-18 12:30:00
USD,1.0,Philly Fed CAPEX Index (May),2.5,2.3,-5.4,2023-05-18 12:30:00
USD,2.0,Continuing Jobless Claims,"1,799K","1,818K","1,807K",2023-05-18 12:30:00
USD,2.0,Philly Fed Employment (May),-8.6,-5.2,-0.2,2023-05-18 12:30:00
USD,1.0,Philly Fed Prices Paid (May),10.9,8.1,8.2,2023-05-18 12:30:00
USD,1.0,Philly Fed New Orders (May),-8.9,-25.7,-22.7,2023-05-18 12:30:00
USD,1.0,Fed Governor Jefferson Speaks,,,,2023-05-18 13:05:00
USD,2.0,Fed Barr Testimony,,,,2023-05-18 13:30:00
USD,3.0,Existing Home Sales (Apr),4.28M,4.30M,4.43M,2023-05-18 14:00:00
USD,2.0,Existing Home Sales (MoM) (Apr),-3.40%,0.10%,-2.60%,2023-05-18 14:00:00
USD,1.0,Fed Logan Speaks,,,,2023-05-18 14:00:00
USD,2.0,US Leading Index (MoM) (Apr),-0.60%,-0.60%,-1.20%,2023-05-18 14:00:00
USD,1.0,Natural Gas Storage,99B,108B,78B,2023-05-18 14:30:00
USD,1.0,4-Week Bill Auction,5.37%,,5.61%,2023-05-18 15:30:00
USD,1.0,8-Week Bill Auction,5.02%,,4.68%,2023-05-18 15:30:00
USD,2.0,10-Year TIPS Auction,1.40%,,1.18%,2023-05-18 17:00:00
USD,2.0,Fed's Balance Sheet,"8,457B",,"8,503B",2023-05-18 20:30:00
USD,1.0,Reserve Balances with Federal Reserve Banks,3.280T,,3.225T,2023-05-18 20:30:00
USD,2.0,FOMC Member Williams Speaks,,,,2023-05-19 12:45:00
USD,2.0,FOMC Member Bowman Speaks,,,,2023-05-19 13:00:00
USD,3.0,Fed Chair Powell Speaks,,,,2023-05-19 15:00:00
USD,2.0,U.S. Baker Hughes Oil Rig Count,575,,586,2023-05-19 17:00:00
USD,2.0,U.S. Baker Hughes Total Rig Count,720,,731,2023-05-19 17:00:00
USD,1.0,CFTC Copper speculative net positions,-32.6K,,-24.9K,2023-05-19 20:30:00
USD,1.0,US Commercial Banks Deposits,17.15T,,17.12T,2023-05-19 20:30:00
USD,1.0,CFTC Wheat speculative net positions,-81.4K,,-84.8K,2023-05-19 20:30:00
USD,1.0,CFTC Aluminium speculative net positions,5.9K,,5.7K,2023-05-19 20:30:00
USD,1.0,CFTC Silver speculative net positions,23.8K,,32.4K,2023-05-19 20:30:00
USD,2.0,CFTC S&P 500 speculative net positions,-388.7K,,-376.0K,2023-05-19 20:30:00
USD,1.0,CFTC Soybeans speculative net positions,38.2K,,64.3K,2023-05-19 20:30:00
USD,2.0,CFTC Nasdaq 100 speculative net positions,20.0K,,21.4K,2023-05-19 20:30:00
USD,2.0,CFTC Gold speculative net positions,179.8K,,195.8K,2023-05-19 20:30:00
USD,2.0,CFTC Crude Oil speculative net positions,191.5K,,216.6K,2023-05-19 20:30:00
USD,1.0,CFTC Corn speculative net positions,-48.5K,,-59.1K,2023-05-19 20:30:00
USD,1.0,CFTC Natural Gas speculative net positions,-124.0K,,-138.8K,2023-05-19 20:30:00
USD,2.0,FOMC Member Daly Speaks,,,,2023-05-22 03:05:00
USD,2.0,FOMC Member Bullard Speaks,,,,2023-05-22 12:30:00
USD,1.0,Fed Logan Speaks,,,,2023-05-22 13:00:00
USD,1.0,FOMC Member Barkin Speaks,,,,2023-05-22 14:50:00
USD,2.0,FOMC Member Bostic Speaks,,,,2023-05-22 14:50:00
USD,2.0,FOMC Member Daly Speaks,,,,2023-05-22 15:05:00
USD,1.0,6-Month Bill Auction,5.17%,,4.98%,2023-05-22 15:30:00
USD,1.0,3-Month Bill Auction,5.25%,,5.06%,2023-05-22 15:30:00
USD,1.0,Building Permits (MoM) (Apr),-1.40%,-1.50%,-7.70%,2023-05-23 12:00:00
USD,2.0,Building Permits (Apr),1.417M,1.416M,1.437M,2023-05-23 12:00:00
USD,1.0,Redbook (YoY),1.50%,,1.60%,2023-05-23 12:55:00
USD,1.0,Fed Logan Speaks,,,,2023-05-23 13:00:00
USD,3.0,S&P Global Services PMI (May),55.1,52.6,53.6,2023-05-23 13:45:00
USD,2.0,S&P Global Composite PMI (May),54.5,50,53.4,2023-05-23 13:45:00
USD,3.0,S&P Global US Manufacturing PMI (May),48.5,50,50.2,2023-05-23 13:45:00
USD,1.0,Richmond Services Index (May),-10,-29,-23,2023-05-23 14:00:00
USD,1.0,Richmond Manufacturing Shipments (May),-13,,-7,2023-05-23 14:00:00
USD,1.0,Richmond Manufacturing Index (May),-15,-8,-10,2023-05-23 14:00:00
USD,2.0,New Home Sales (MoM) (Apr),4.10%,3.30%,4.00%,2023-05-23 14:00:00
USD,3.0,New Home Sales (Apr),683K,663K,656K,2023-05-23 14:00:00
USD,3.0,Fed Chair Powell Speaks,,,,2023-05-23 16:30:00
USD,1.0,M2 Money Supply (MoM) (Apr),20.82T,,21.08T,2023-05-23 17:00:00
USD,2.0,2-Year Note Auction,4.30%,,3.97%,2023-05-23 17:00:00
USD,2.0,API Weekly Crude Oil Stock,-6.799M,0.525M,3.690M,2023-05-23 20:30:00
USD,1.0,Mortgage Market Index,205,,214.9,2023-05-24 11:00:00
USD,1.0,Mortgage Refinance Index,443,,468.2,2023-05-24 11:00:00
USD,1.0,MBA 30-Year Mortgage Rate,6.69%,,6.57%,2023-05-24 11:00:00
USD,1.0,MBA Mortgage Applications (WoW),-4.60%,,-5.70%,2023-05-24 11:00:00
USD,1.0,MBA Purchase Index,158.3,,165.4,2023-05-24 11:00:00
USD,2.0,Treasury Secretary Yellen Speaks,,,,2023-05-24 14:05:00
USD,1.0,EIA Weekly Distillates Stocks,-0.562M,0.057M,0.080M,2023-05-24 14:30:00
USD,2.0,Cushing Crude Oil Inventories,1.762M,0.804M,1.461M,2023-05-24 14:30:00
USD,1.0,Crude Oil Imports,-1.249M,-2.132M,-0.127M,2023-05-24 14:30:00
USD,1.0,Heating Oil Stockpiles,0.481M,0.024M,0.454M,2023-05-24 14:30:00
USD,1.0,EIA Weekly Refinery Utilization Rates (WoW),-0.30%,0.50%,1.00%,2023-05-24 14:30:00
USD,1.0,Gasoline Inventories,-2.053M,-0.695M,-1.381M,2023-05-24 14:30:00
USD,1.0,EIA Refinery Crude Runs (WoW),0.079M,,0.245M,2023-05-24 14:30:00
USD,3.0,Crude Oil Inventories,-12.456M,-0.920M,5.040M,2023-05-24 14:30:00
USD,1.0,Distillate Fuel Production,0.019M,0.009M,0.250M,2023-05-24 14:30:00
USD,1.0,Gasoline Production,0.833M,-0.103M,-0.341M,2023-05-24 14:30:00
USD,2.0,Fed Waller Speaks,,,,2023-05-24 16:10:00
USD,2.0,5-Year Note Auction,3.75%,,3.50%,2023-05-24 17:00:00
USD,3.0,FOMC Meeting Minutes,,,,2023-05-24 18:00:00
USD,1.0,Real Consumer Spending (Q1),3.80%,3.70%,1.00%,2023-05-25 12:30:00
USD,1.0,PCE Prices (Q1),4.20%,4.20%,3.70%,2023-05-25 12:30:00
USD,1.0,Jobless Claims 4-Week Avg.,231.75K,258.97K,231.75K,2023-05-25 12:30:00
USD,3.0,Initial Jobless Claims,229K,250K,225K,2023-05-25 12:30:00
USD,1.0,GDP Sales (Q1),3.40%,3.40%,1.10%,2023-05-25 12:30:00
USD,2.0,GDP Price Index (QoQ) (Q1),4.10%,4.00%,3.90%,2023-05-25 12:30:00
USD,3.0,GDP (QoQ) (Q1),1.30%,1.10%,2.60%,2023-05-25 12:30:00
USD,1.0,Corporate Profits (QoQ) (Q1),-6.80%,-0.90%,-2.70%,2023-05-25 12:30:00
USD,2.0,Core PCE Prices (Q1),5.00%,4.90%,4.40%,2023-05-25 12:30:00
USD,2.0,Continuing Jobless Claims,"1,794K","1,800K","1,799K",2023-05-25 12:30:00
USD,1.0,Chicago Fed National Activity (Apr),0.07,-0.02,-0.37,2023-05-25 12:30:00
USD,2.0,Pending Home Sales (MoM) (Apr),0.00%,0.50%,-5.20%,2023-05-25 14:00:00
USD,1.0,Pending Home Sales Index (Apr),78.9,,78.9,2023-05-25 14:00:00
USD,1.0,Natural Gas Storage,96B,108B,99B,2023-05-25 14:30:00
USD,1.0,Fed Collins Speaks,,,,2023-05-25 14:30:00
USD,1.0,KC Fed Composite Index (May),-1,-5,-10,2023-05-25 15:00:00
USD,1.0,KC Fed Manufacturing Index (May),-2,3,-21,2023-05-25 15:00:00
USD,1.0,4-Week Bill Auction,5.75%,,5.37%,2023-05-25 15:30:00
USD,1.0,8-Week Bill Auction,5.35%,,5.02%,2023-05-25 15:30:00
USD,1.0,7-Year Note Auction,3.83%,,3.56%,2023-05-25 17:00:00
USD,2.0,Fed's Balance Sheet,"8,436B",,"8,457B",2023-05-25 20:30:00
USD,1.0,Reserve Balances with Federal Reserve Banks,3.251T,,3.280T,2023-05-25 20:30:00
USD,1.0,Goods Orders Non Defense Ex Air (MoM) (Apr),1.40%,-0.50%,-0.60%,2023-05-26 12:30:00
USD,1.0,Real Personal Consumption (MoM) (Apr),0.50%,,0.00%,2023-05-26 12:30:00
USD,2.0,Personal Spending (MoM) (Apr),0.80%,0.40%,0.10%,2023-05-26 12:30:00
USD,1.0,Personal Income (MoM) (Apr),0.40%,0.40%,0.30%,2023-05-26 12:30:00
USD,2.0,PCE price index (MoM) (Apr),0.40%,0.40%,0.10%,2023-05-26 12:30:00
USD,2.0,PCE Price index (YoY) (Apr),4.40%,3.90%,4.20%,2023-05-26 12:30:00
USD,2.0,Goods Trade Balance (Apr),-96.77B,-85.70B,-82.70B,2023-05-26 12:30:00
USD,2.0,Retail Inventories Ex Auto (Apr),-0.10%,,0.10%,2023-05-26 12:30:00
USD,1.0,Durables Excluding Defense (MoM) (Apr),-0.60%,,3.20%,2023-05-26 12:30:00
USD,3.0,Durable Goods Orders (MoM) (Apr),1.10%,-1.00%,3.30%,2023-05-26 12:30:00
USD,3.0,Core PCE Price Index (MoM) (Apr),0.40%,0.30%,0.30%,2023-05-26 12:30:00
USD,3.0,Core PCE Price Index (YoY) (Apr),4.70%,4.60%,4.60%,2023-05-26 12:30:00
USD,2.0,Core Durable Goods Orders (MoM) (Apr),-0.20%,0.00%,0.30%,2023-05-26 12:30:00
USD,1.0,Wholesale Inventories (MoM),-0.20%,0.00%,0.00%,2023-05-26 12:30:00
USD,1.0,Michigan Current Conditions (May),64.9,64.5,68.2,2023-05-26 14:00:00
USD,2.0,Michigan Consumer Sentiment (May),59.2,57.9,63.5,2023-05-26 14:00:00
USD,2.0,Michigan Consumer Expectations (May),55.4,53.4,60.5,2023-05-26 14:00:00
USD,2.0,Michigan 1-Year Inflation Expectations (May),4.20%,4.50%,4.60%,2023-05-26 14:00:00
USD,2.0,Michigan 5-Year Inflation Expectations (May),3.10%,3.20%,3.00%,2023-05-26 14:00:00
USD,2.0,U.S. Baker Hughes Total Rig Count,711,,720,2023-05-26 17:00:00
USD,2.0,U.S. Baker Hughes Oil Rig Count,570,,575,2023-05-26 17:00:00
USD,1.0,CFTC Silver speculative net positions,22.0K,,23.8K,2023-05-26 20:30:00
USD,1.0,CFTC Aluminium speculative net positions,6.4K,,5.9K,2023-05-26 20:30:00
USD,1.0,CFTC Soybeans speculative net positions,29.2K,,38.2K,2023-05-26 20:30:00
USD,1.0,CFTC Wheat speculative net positions,-86.3K,,-81.4K,2023-05-26 20:30:00
USD,1.0,CFTC Natural Gas speculative net positions,-112.3K,,-124.0K,2023-05-26 20:30:00
USD,2.0,CFTC Nasdaq 100 speculative net positions,14.5K,,20.0K,2023-05-26 20:30:00
USD,2.0,CFTC S&P 500 speculative net positions,-404.3K,,-388.7K,2023-05-26 20:30:00
USD,2.0,CFTC Crude Oil speculative net positions,193.1K,,191.5K,2023-05-26 20:30:00
USD,1.0,CFTC Corn speculative net positions,-62.3K,,-48.5K,2023-05-26 20:30:00
USD,1.0,CFTC Copper speculative net positions,-29.8K,,-32.6K,2023-05-26 20:30:00
USD,2.0,CFTC Gold speculative net positions,160.7K,,179.8K,2023-05-26 20:30:00
USD,1.0,Dallas Fed PCE (Apr),4.40%,,3.80%,2023-05-26 23:59:00
USD,2.0,S&P/CS HPI Composite - 20 n.s.a. (YoY) (Mar),-1.10%,-1.60%,0.40%,2023-05-30 13:00:00
USD,1.0,S&P/CS HPI Composite - 20 s.a. (MoM) (Mar),0.50%,-0.40%,-0.10%,2023-05-30 13:00:00
USD,1.0,House Price Index (Mar),398,393,395.5,2023-05-30 13:00:00
USD,1.0,House Price Index (YoY) (Mar),3.60%,2.40%,4.20%,2023-05-30 13:00:00
USD,1.0,House Price Index (MoM) (Mar),0.60%,0.20%,0.70%,2023-05-30 13:00:00
USD,2.0,S&P/CS HPI Composite - 20 n.s.a. (MoM) (Mar),1.50%,0.40%,0.30%,2023-05-30 13:00:00
USD,3.0,CB Consumer Confidence (May),102.3,99,103.7,2023-05-30 14:00:00
USD,1.0,Dallas Fed Mfg Business Index (May),-29.1,,-23.4,2023-05-30 14:30:00
USD,1.0,6-Month Bill Auction,5.29%,,5.17%,2023-05-30 15:30:00
USD,1.0,3-Month Bill Auction,5.30%,,5.25%,2023-05-30 15:30:00
USD,1.0,MBA 30-Year Mortgage Rate,6.91%,,6.69%,2023-05-31 11:00:00
USD,1.0,MBA Mortgage Applications (WoW),-3.70%,,-4.60%,2023-05-31 11:00:00
USD,1.0,MBA Purchase Index,154.4,,158.3,2023-05-31 11:00:00
USD,1.0,Mortgage Market Index,197.4,,205,2023-05-31 11:00:00
USD,1.0,Mortgage Refinance Index,412.5,,443,2023-05-31 11:00:00
USD,2.0,FOMC Member Bowman Speaks,,,,2023-05-31 12:50:00
USD,1.0,Redbook (YoY),1.20%,,1.50%,2023-05-31 12:55:00
USD,3.0,Chicago PMI (May),40.4,47,48.6,2023-05-31 13:45:00
USD,3.0,JOLTs Job Openings (Apr),10.103M,9.775M,9.745M,2023-05-31 14:00:00
USD,1.0,OPEC Crude Oil Production Algeria (Barrel),0.96M,,1.00M,2023-05-31 14:15:00
USD,1.0,OPEC Crude Oil Production Congo (Barrel),0.26M,,0.28M,2023-05-31 14:15:00
USD,1.0,OPEC Crude Oil Production Gabon (Barrel),0.21M,,0.20M,2023-05-31 14:15:00
USD,1.0,OPEC Crude oil Production Iran (Barrel),2.58M,,2.57M,2023-05-31 14:15:00
USD,1.0,OPEC Crude Oil Production Guinea (Barrel),0.06M,,0.05M,2023-05-31 14:15:00
USD,1.0,OPEC Crude Oil Production Kuwait (Barrel),2.65M,,2.68M,2023-05-31 14:15:00
USD,1.0,OPEC Crude Oil Production Libya (Barrel),1.14M,,1.16M,2023-05-31 14:15:00
USD,1.0,OPEC Crude Oil Production Nigeria (Barrel),1.18M,,1.35M,2023-05-31 14:15:00
USD,1.0,OPEC Crude oil Production Saudi Arabia (Barrel),10.50M,,10.41M,2023-05-31 14:15:00
USD,1.0,OPEC Crude oil Production UAE (Barrel),3.04M,,3.05M,2023-05-31 14:15:00
USD,1.0,OPEC Crude oil Production Venezuela (Barrel),0.72M,,0.70M,2023-05-31 14:15:00
USD,1.0,OPEC Crude oil Production Iraq (Barrel),4.14M,,4.34M,2023-05-31 14:15:00
USD,1.0,Dallas Fed Services Revenues (May),6.9,4.2,6.9,2023-05-31 14:30:00
USD,1.0,Texas Services Sector Outlook (May),-17.3,-16,-14.4,2023-05-31 14:30:00
USD,2.0,FOMC Member Harker Speaks,,,,2023-05-31 16:30:00
USD,1.0,Fed Governor Jefferson Speaks,,,,2023-05-31 17:30:00
USD,2.0,Beige Book,,,,2023-05-31 18:00:00
USD,2.0,API Weekly Crude Oil Stock,5.202M,-1.220M,-6.799M,2023-05-31 20:30:00
USD,1.0,Challenger Job Cuts (May),80.089K,,66.995K,2023-06-01 11:30:00
USD,1.0,Challenger Job Cuts (YoY),286.70%,227.20%,175.90%,2023-06-01 11:30:00
USD,3.0,ADP Nonfarm Employment Change (May),278K,170K,291K,2023-06-01 12:15:00
USD,2.0,Continuing Jobless Claims,"1,795K","1,800K","1,789K",2023-06-01 12:30:00
USD,3.0,Initial Jobless Claims,232K,235K,230K,2023-06-01 12:30:00
USD,1.0,Jobless Claims 4-Week Avg.,229.50K,,232.00K,2023-06-01 12:30:00
USD,2.0,Nonfarm Productivity (QoQ) (Q1),-2.10%,-2.70%,1.70%,2023-06-01 12:30:00
USD,2.0,Unit Labor Costs (QoQ) (Q1),4.20%,6.30%,3.20%,2023-06-01 12:30:00
USD,1.0,Total Vehicle Sales,15.10M,,15.91M,2023-06-01 13:00:00
USD,3.0,S&P Global US Manufacturing PMI (May),48.4,48.5,50.2,2023-06-01 13:45:00
USD,2.0,Construction Spending (MoM) (Apr),1.20%,0.10%,0.30%,2023-06-01 14:00:00
USD,2.0,ISM Manufacturing Employment (May),51.4,48.5,50.2,2023-06-01 14:00:00
USD,1.0,ISM Manufacturing New Orders Index (May),42.6,44.9,45.7,2023-06-01 14:00:00
USD,3.0,ISM Manufacturing PMI (May),46.9,47,47.1,2023-06-01 14:00:00
USD,3.0,ISM Manufacturing Prices (May),44.2,52,53.2,2023-06-01 14:00:00
USD,1.0,Natural Gas Storage,110B,113B,96B,2023-06-01 14:30:00
USD,1.0,EIA Weekly Refinery Utilization Rates (WoW),1.40%,,-0.30%,2023-06-01 15:00:00
USD,1.0,EIA Weekly Distillates Stocks,0.985M,-0.118M,-0.562M,2023-06-01 15:00:00
USD,1.0,Heating Oil Stockpiles,-1.289M,0.009M,0.481M,2023-06-01 15:00:00
USD,1.0,Gasoline Inventories,-0.207M,-0.369M,-2.053M,2023-06-01 15:00:00
USD,1.0,Gasoline Production,-0.344M,-0.060M,0.833M,2023-06-01 15:00:00
USD,1.0,Crude Oil Imports,1.001M,0.432M,-1.249M,2023-06-01 15:00:00
USD,2.0,Cushing Crude Oil Inventories,1.628M,0.772M,1.762M,2023-06-01 15:00:00
USD,1.0,EIA Refinery Crude Runs (WoW),0.096M,,0.079M,2023-06-01 15:00:00
USD,3.0,Crude Oil Inventories,4.488M,-1.101M,-12.456M,2023-06-01 15:00:00
USD,1.0,Distillate Fuel Production,0.165M,-0.026M,0.019M,2023-06-01 15:00:00
USD,1.0,4-Week Bill Auction,5.13%,,5.75%,2023-06-01 15:30:00
USD,1.0,8-Week Bill Auction,5.22%,,5.35%,2023-06-01 15:30:00
USD,2.0,FOMC Member Harker Speaks,,,,2023-06-01 17:00:00
USD,2.0,Fed's Balance Sheet,"8,386B",,"8,436B",2023-06-01 20:30:00
USD,1.0,Reserve Balances with Federal Reserve Banks,3.206T,,3.251T,2023-06-01 20:30:00
USD,1.0,All Car Sales (May),3.11M,,3.28M,2023-06-02 12:10:00
USD,1.0,All Truck Sales (May),11.93M,,12.81M,2023-06-02 12:10:00
USD,2.0,Private Nonfarm Payrolls (May),283K,160K,253K,2023-06-02 12:30:00
USD,3.0,Nonfarm Payrolls (May),339K,180K,294K,2023-06-02 12:30:00
USD,2.0,Participation Rate (May),62.60%,62.50%,62.60%,2023-06-02 12:30:00
USD,1.0,Government Payrolls (May),56.0K,,41.0K,2023-06-02 12:30:00
USD,1.0,Manufacturing Payrolls (May),-2K,8K,10K,2023-06-02 12:30:00
USD,3.0,Average Hourly Earnings (MoM) (May),0.30%,0.40%,0.40%,2023-06-02 12:30:00
USD,2.0,Average Hourly Earnings (YoY) (YoY) (May),4.30%,4.30%,4.40%,2023-06-02 12:30:00
USD,2.0,U6 Unemployment Rate (May),6.70%,6.60%,6.60%,2023-06-02 12:30:00
USD,1.0,Average Weekly Hours (May),34.3,34.4,34.4,2023-06-02 12:30:00
USD,3.0,Unemployment Rate (May),3.70%,3.50%,3.40%,2023-06-02 12:30:00
USD,2.0,U.S. Baker Hughes Oil Rig Count,555,,570,2023-06-02 17:00:00
USD,2.0,U.S. Baker Hughes Total Rig Count,696,,711,2023-06-02 17:00:00
USD,1.0,CFTC Aluminium speculative net positions,6.4K,,6.4K,2023-06-02 20:30:00
USD,1.0,CFTC Copper speculative net positions,-35.7K,,-29.8K,2023-06-02 20:30:00
USD,1.0,CFTC Corn speculative net positions,-20.4K,,-62.3K,2023-06-02 20:30:00
USD,2.0,CFTC Crude Oil speculative net positions,162.6K,,193.1K,2023-06-02 20:30:00
USD,2.0,CFTC Gold speculative net positions,169.3K,,160.7K,2023-06-02 20:30:00
USD,2.0,CFTC Nasdaq 100 speculative net positions,8.5K,,14.5K,2023-06-02 20:30:00
USD,1.0,CFTC Natural Gas speculative net positions,-106.2K,,-112.3K,2023-06-02 20:30:00
USD,2.0,CFTC S&P 500 speculative net positions,-434.2K,,-404.3K,2023-06-02 20:30:00
USD,1.0,CFTC Silver speculative net positions,21.1K,,22.0K,2023-06-02 20:30:00
USD,1.0,CFTC Soybeans speculative net positions,29.8K,,29.2K,2023-06-02 20:30:00
USD,1.0,CFTC Wheat speculative net positions,-94.0K,,-86.3K,2023-06-02 20:30:00
USD,1.0,US Commercial Banks Deposits,17.24T,,17.15T,2023-06-02 20:30:00
USD,2.0,OPEC Meeting,,,,2023-06-04 10:00:00
USD,3.0,S&P Global Services PMI (May),54.9,55.1,53.6,2023-06-05 13:45:00
USD,2.0,S&P Global Composite PMI (May),54.3,54.5,53.4,2023-06-05 13:45:00
USD,1.0,CB Employment Trends Index (May),116.15,116.31,116.79,2023-06-05 14:00:00
USD,1.0,Durables Excluding Defense (MoM) (Apr),-0.70%,,-0.60%,2023-06-05 14:00:00
USD,1.0,Durables Excluding Transport (MoM) (Apr),-0.30%,,0.20%,2023-06-05 14:00:00
USD,2.0,Factory Orders (MoM) (Apr),0.40%,0.80%,0.60%,2023-06-05 14:00:00
USD,1.0,Factory orders ex transportation (MoM) (Apr),-0.20%,0.60%,-1.00%,2023-06-05 14:00:00
USD,1.0,ISM Non-Manufacturing Business Activity (May),51.5,52.5,52,2023-06-05 14:00:00
USD,2.0,ISM Non-Manufacturing Employment (May),49.2,51,50.8,2023-06-05 14:00:00
USD,1.0,ISM Non-Manufacturing New Orders (May),52.9,56.5,56.1,2023-06-05 14:00:00
USD,3.0,ISM Non-Manufacturing PMI (May),50.3,52.2,51.9,2023-06-05 14:00:00
USD,3.0,ISM Non-Manufacturing Prices (May),56.2,57.8,59.6,2023-06-05 14:00:00
USD,1.0,3-Month Bill Auction,5.22%,,5.30%,2023-06-05 15:30:00
USD,1.0,6-Month Bill Auction,5.25%,,5.29%,2023-06-05 15:30:00
USD,1.0,Redbook (YoY),0.60%,,1.20%,2023-06-06 12:55:00
USD,1.0,IBD/TIPP Economic Optimism,41.7,45.2,41.6,2023-06-06 14:00:00
USD,2.0,EIA Short-Term Energy Outlook,,,,2023-06-06 16:00:00
USD,2.0,API Weekly Crude Oil Stock,-1.710M,1.500M,5.202M,2023-06-06 20:30:00
USD,1.0,MBA 30-Year Mortgage Rate,6.81%,,6.91%,2023-06-07 11:00:00
USD,1.0,MBA Mortgage Applications (WoW),-1.40%,,-3.70%,2023-06-07 11:00:00
USD,1.0,MBA Purchase Index,151.7,,154.4,2023-06-07 11:00:00
USD,1.0,Mortgage Market Index,194.7,,197.4,2023-06-07 11:00:00
USD,1.0,Mortgage Refinance Index,409.7,,412.5,2023-06-07 11:00:00
USD,2.0,Exports,249.00B,,258.20B,2023-06-07 12:30:00
USD,2.0,Imports,323.60B,,318.80B,2023-06-07 12:30:00
USD,2.0,Trade Balance (Apr),-74.60B,-75.20B,-60.60B,2023-06-07 12:30:00
USD,1.0,Gasoline Inventories,2.746M,0.880M,-0.207M,2023-06-07 14:30:00
USD,1.0,EIA Weekly Refinery Utilization Rates (WoW),2.70%,,1.40%,2023-06-07 14:30:00
USD,1.0,Heating Oil Stockpiles,-0.362M,-0.310M,-1.289M,2023-06-07 14:30:00
USD,1.0,Gasoline Production,0.094M,-0.015M,-0.344M,2023-06-07 14:30:00
USD,1.0,EIA Weekly Distillates Stocks,5.075M,1.328M,0.985M,2023-06-07 14:30:00
USD,1.0,Crude Oil Imports,1.623M,0.416M,1.001M,2023-06-07 14:30:00
USD,2.0,Cushing Crude Oil Inventories,1.721M,0.719M,1.628M,2023-06-07 14:30:00
USD,1.0,Distillate Fuel Production,0.203M,-0.025M,0.165M,2023-06-07 14:30:00
USD,1.0,EIA Refinery Crude Runs (WoW),0.482M,,0.096M,2023-06-07 14:30:00
USD,3.0,Crude Oil Inventories,-0.451M,1.022M,4.488M,2023-06-07 14:30:00
USD,2.0,Consumer Credit (Apr),23.01B,22.00B,22.84B,2023-06-07 19:00:00
USD,2.0,Continuing Jobless Claims,"1,757K","1,800K","1,794K",2023-06-08 12:30:00
USD,3.0,Initial Jobless Claims,261K,235K,233K,2023-06-08 12:30:00
USD,1.0,Jobless Claims 4-Week Avg.,237.25K,209.67K,229.75K,2023-06-08 12:30:00
USD,1.0,Wholesale Trade Sales (MoM) (Apr),0.20%,0.40%,-2.70%,2023-06-08 14:00:00
USD,1.0,Wholesale Inventories (MoM) (Apr),-0.10%,-0.20%,-0.20%,2023-06-08 14:00:00
USD,1.0,Natural Gas Storage,104B,104B,110B,2023-06-08 14:30:00
USD,1.0,4-Week Bill Auction,5.09%,,5.13%,2023-06-08 15:30:00
USD,1.0,8-Week Bill Auction,5.12%,,5.22%,2023-06-08 15:30:00
USD,2.0,Fed's Balance Sheet,"8,389B",,"8,386B",2023-06-08 20:30:00
USD,1.0,Reserve Balances with Federal Reserve Banks,3.306T,,3.206T,2023-06-08 20:30:00
USD,2.0,WASDE Report,,,,2023-06-09 16:00:00
USD,2.0,U.S. Baker Hughes Oil Rig Count,556,,555,2023-06-09 17:00:00
USD,2.0,U.S. Baker Hughes Total Rig Count,695,,696,2023-06-09 17:00:00
USD,1.0,CFTC Natural Gas speculative net positions,-126.9K,,-106.2K,2023-06-09 20:30:00
USD,1.0,CFTC Soybeans speculative net positions,39.2K,,29.8K,2023-06-09 20:30:00
USD,1.0,CFTC Silver speculative net positions,21.5K,,21.1K,2023-06-09 20:30:00
USD,2.0,CFTC S&P 500 speculative net positions,-344.5K,,-434.2K,2023-06-09 20:30:00
USD,1.0,CFTC Wheat speculative net positions,-90.7K,,-94.0K,2023-06-09 20:30:00
USD,2.0,CFTC Nasdaq 100 speculative net positions,8.8K,,8.5K,2023-06-09 20:30:00
USD,1.0,US Commercial Banks Deposits,,,17.24T,2023-06-09 20:30:00
USD,2.0,CFTC Crude Oil speculative net positions,172.4K,,162.6K,2023-06-09 20:30:00
USD,1.0,CFTC Aluminium speculative net positions,5.9K,,6.4K,2023-06-09 20:30:00
USD,2.0,CFTC Gold speculative net positions,175.6K,,169.3K,2023-06-09 20:30:00
USD,1.0,CFTC Corn speculative net positions,-14.8K,,-20.4K,2023-06-09 20:30:00
USD,1.0,CFTC Copper speculative net positions,-26.0K,,-35.7K,2023-06-09 20:30:00
USD,2.0,NY Fed 1-Year Consumer Inflation Expectations,4.10%,,4.40%,2023-06-12 15:00:00
USD,2.0,3-Year Note Auction,4.20%,,3.70%,2023-06-12 15:30:00
USD,1.0,6-Month Bill Auction,5.16%,,5.25%,2023-06-12 15:30:00
USD,3.0,10-Year Note Auction,3.79%,,3.45%,2023-06-12 17:00:00
USD,1.0,3-Month Bill Auction,5.15%,,5.22%,2023-06-12 17:00:00
USD,2.0,Federal Budget Balance (May),-240.0B,-236.0B,176.0B,2023-06-12 18:00:00
USD,1.0,NFIB Small Business Optimism (May),89.4,88.5,89,2023-06-13 10:00:00
USD,2.0,OPEC Monthly Report,,,,2023-06-13 11:00:00
USD,1.0,Real Earnings (MoM) (May),-0.10%,0.10%,0.10%,2023-06-13 12:30:00
USD,1.0,"CPI, n.s.a (MoM) (May)",0.25%,,0.51%,2023-06-13 12:30:00
USD,1.0,"CPI Index, n.s.a. (May)",304.13,304.06,303.36,2023-06-13 12:30:00
USD,1.0,"CPI Index, s.a (May)",303.29,303.7,302.92,2023-06-13 12:30:00
USD,3.0,CPI (YoY) (May),4.00%,4.10%,4.90%,2023-06-13 12:30:00
USD,1.0,Core CPI Index (May),307.82,307.53,306.49,2023-06-13 12:30:00
USD,3.0,Core CPI (MoM) (May),0.40%,0.40%,0.40%,2023-06-13 12:30:00
USD,2.0,Core CPI (YoY) (May),5.30%,5.30%,5.50%,2023-06-13 12:30:00
USD,3.0,CPI (MoM) (May),0.10%,0.20%,0.40%,2023-06-13 12:30:00
USD,1.0,Redbook (YoY),0.40%,,0.60%,2023-06-13 12:55:00
USD,1.0,Cleveland CPI (MoM) (May),0.40%,0.50%,0.40%,2023-06-13 15:00:00
USD,1.0,52-Week Bill Auction,4.93%,,4.65%,2023-06-13 15:30:00
USD,3.0,30-Year Bond Auction,3.91%,,3.74%,2023-06-13 17:00:00
USD,2.0,API Weekly Crude Oil Stock,1.024M,-1.291M,-1.710M,2023-06-13 20:30:00
USD,2.0,IEA Monthly Report,,,,2023-06-14 08:00:00
USD,1.0,MBA 30-Year Mortgage Rate,6.77%,,6.81%,2023-06-14 11:00:00
USD,1.0,MBA Mortgage Applications (WoW),7.20%,,-1.40%,2023-06-14 11:00:00
USD,1.0,MBA Purchase Index,163.2,,151.7,2023-06-14 11:00:00
USD,1.0,Mortgage Market Index,208.8,,194.7,2023-06-14 11:00:00
USD,1.0,Mortgage Refinance Index,434.1,,409.7,2023-06-14 11:00:00
USD,2.0,Core PPI (MoM) (May),0.20%,0.20%,0.20%,2023-06-14 12:30:00
USD,3.0,PPI (MoM) (May),-0.30%,-0.10%,0.20%,2023-06-14 12:30:00
USD,1.0,PPI (YoY) (May),1.10%,1.50%,2.30%,2023-06-14 12:30:00
USD,1.0,PPI ex. Food/Energy/Transport (MoM) (May),0.00%,,0.10%,2023-06-14 12:30:00
USD,1.0,PPI ex. Food/Energy/Transport (YoY) (May),2.80%,,3.30%,2023-06-14 12:30:00
USD,1.0,Core PPI (YoY) (May),2.80%,2.90%,3.10%,2023-06-14 12:30:00
USD,1.0,EIA Weekly Distillates Stocks,2.123M,0.922M,5.075M,2023-06-14 14:30:00
USD,3.0,Crude Oil Inventories,7.919M,1.482M,-0.451M,2023-06-14 14:30:00
USD,1.0,Gasoline Inventories,2.108M,0.637M,2.746M,2023-06-14 14:30:00
USD,1.0,EIA Weekly Refinery Utilization Rates (WoW),-2.10%,,2.70%,2023-06-14 14:30:00
USD,1.0,Heating Oil Stockpiles,1.405M,0.100M,-0.362M,2023-06-14 14:30:00
USD,1.0,Gasoline Production,0.106M,-0.043M,0.094M,2023-06-14 14:30:00
USD,1.0,EIA Refinery Crude Runs (WoW),-0.061M,,0.482M,2023-06-14 14:30:00
USD,1.0,Distillate Fuel Production,-0.255M,0.002M,0.203M,2023-06-14 14:30:00
USD,2.0,Cushing Crude Oil Inventories,1.554M,0.922M,1.721M,2023-06-14 14:30:00
USD,1.0,Crude Oil Imports,-0.814M,-0.782M,1.623M,2023-06-14 14:30:00
USD,1.0,Thomson Reuters IPSOS PCSI (Jun),49.62,,52.47,2023-06-14 16:00:00
USD,3.0,Fed Interest Rate Decision,5.25%,5.25%,5.25%,2023-06-14 18:00:00
USD,2.0,Interest Rate Projection - Longer (Q2),2.50%,,2.50%,2023-06-14 18:00:00
USD,2.0,Interest Rate Projection - 1st Yr (Q2),4.60%,,4.30%,2023-06-14 18:00:00
USD,2.0,Interest Rate Projection - 2nd Yr (Q2),3.40%,,3.10%,2023-06-14 18:00:00
USD,2.0,Interest Rate Projection - Current (Q2),5.60%,,5.10%,2023-06-14 18:00:00
USD,3.0,FOMC Economic Projections,,,,2023-06-14 18:00:00
USD,3.0,FOMC Statement,,,,2023-06-14 18:00:00
USD,3.0,FOMC Press Conference,,,,2023-06-14 18:30:00
USD,2.0,Continuing Jobless Claims,"1,775K","1,761K","1,755K",2023-06-15 12:30:00
USD,3.0,Retail Sales (MoM) (May),0.30%,-0.10%,0.40%,2023-06-15 12:30:00
USD,1.0,Retail Sales Ex Gas/Autos (MoM) (May),0.40%,-0.30%,0.50%,2023-06-15 12:30:00
USD,1.0,Retail Sales (YoY) (May),1.61%,,1.23%,2023-06-15 12:30:00
USD,2.0,Retail Control (MoM) (May),0.20%,0.00%,0.60%,2023-06-15 12:30:00
USD,1.0,Philly Fed New Orders (Jun),-11,-15.8,-8.9,2023-06-15 12:30:00
USD,2.0,Philly Fed Employment (Jun),-0.4,-4.4,-8.6,2023-06-15 12:30:00
USD,1.0,Philly Fed CAPEX Index (Jun),9.9,-1.4,2.5,2023-06-15 12:30:00
USD,1.0,Philly Fed Business Conditions (Jun),12.7,-10.9,-10.3,2023-06-15 12:30:00
USD,3.0,Philadelphia Fed Manufacturing Index (Jun),-13.7,-13.5,-10.4,2023-06-15 12:30:00
USD,1.0,Philly Fed Prices Paid (Jun),10.5,9.5,10.9,2023-06-15 12:30:00
USD,1.0,Jobless Claims 4-Week Avg.,246.75K,233.38K,237.50K,2023-06-15 12:30:00
USD,3.0,Initial Jobless Claims,262K,250K,262K,2023-06-15 12:30:00
USD,1.0,Import Price Index ex Petroleum (MoM),-0.20%,,-0.20%,2023-06-15 12:30:00
USD,2.0,Import Price Index (MoM) (May),-0.60%,-0.60%,0.30%,2023-06-15 12:30:00
USD,2.0,Export Price Index (MoM) (May),-1.90%,0.00%,-0.10%,2023-06-15 12:30:00
USD,1.0,Export Price Index (YoY),-10.10%,,-5.90%,2023-06-15 12:30:00
USD,3.0,Core Retail Sales (MoM) (May),0.10%,0.10%,0.40%,2023-06-15 12:30:00
USD,2.0,NY Empire State Manufacturing Index (Jun),6.6,-16,-31.8,2023-06-15 12:30:00
USD,1.0,Manufacturing Production (MoM) (May),0.10%,-0.10%,0.90%,2023-06-15 13:15:00
USD,2.0,Industrial Production (YoY) (May),0.23%,1.30%,0.37%,2023-06-15 13:15:00
USD,1.0,Capacity Utilization Rate (May),79.60%,79.70%,79.80%,2023-06-15 13:15:00
USD,2.0,Industrial Production (MoM) (May),-0.20%,0.10%,0.50%,2023-06-15 13:15:00
USD,2.0,Business Inventories (MoM) (Apr),0.20%,0.20%,-0.20%,2023-06-15 14:00:00
USD,2.0,Retail Inventories Ex Auto (Apr),-0.20%,-0.10%,0.30%,2023-06-15 14:00:00
USD,1.0,Natural Gas Storage,84B,96B,104B,2023-06-15 14:30:00
USD,1.0,8-Week Bill Auction,5.08%,,5.12%,2023-06-15 15:30:00
USD,1.0,4-Week Bill Auction,5.01%,,5.09%,2023-06-15 15:30:00
USD,1.0,Import Price Index (YoY),-5.90%,,-4.90%,2023-06-15 18:00:00
USD,1.0,"US Foreign Buying, T-bonds (Apr)",92.20B,40.70B,90.50B,2023-06-15 20:00:00
USD,2.0,TIC Net Long-Term Transactions (Apr),127.8B,107.4B,205.6B,2023-06-15 20:00:00
USD,1.0,Overall Net Capital Flow (Apr),48.40B,163.60B,129.00B,2023-06-15 20:00:00
USD,1.0,TIC Net Long-Term Transactions including Swaps (Apr),127.80B,117.20B,205.40B,2023-06-15 20:00:00
USD,1.0,Reserve Balances with Federal Reserve Banks,3.306T,,3.306T,2023-06-15 20:30:00
USD,2.0,Fed's Balance Sheet,"8,388B",,"8,389B",2023-06-15 20:30:00
USD,2.0,FOMC Member Bullard Speaks,,,,2023-06-16 07:00:00
USD,2.0,Fed Waller Speaks,,,,2023-06-16 11:45:00
USD,2.0,Michigan 1-Year Inflation Expectations (Jun),3.30%,4.40%,4.20%,2023-06-16 14:00:00
USD,2.0,Michigan 5-Year Inflation Expectations (Jun),3.00%,3.10%,3.10%,2023-06-16 14:00:00
USD,2.0,Michigan Consumer Expectations (Jun),61.3,56.5,55.4,2023-06-16 14:00:00
USD,2.0,Michigan Consumer Sentiment (Jun),63.9,60,59.2,2023-06-16 14:00:00
USD,1.0,Michigan Current Conditions (Jun),68,61.6,64.9,2023-06-16 14:00:00
USD,2.0,U.S. Baker Hughes Oil Rig Count,552,,556,2023-06-16 17:00:00
USD,2.0,U.S. Baker Hughes Total Rig Count,687,,695,2023-06-16 17:00:00
USD,1.0,CFTC Natural Gas speculative net positions,-123.0K,,-126.9K,2023-06-16 20:30:00
USD,1.0,CFTC Wheat speculative net positions,-86.8K,,-90.7K,2023-06-16 20:30:00
USD,1.0,CFTC Soybeans speculative net positions,62.9K,,39.2K,2023-06-16 20:30:00
USD,1.0,CFTC Silver speculative net positions,23.7K,,21.5K,2023-06-16 20:30:00
USD,2.0,CFTC S&P 500 speculative net positions,-331.4K,,-344.5K,2023-06-16 20:30:00
USD,2.0,CFTC Nasdaq 100 speculative net positions,15.7K,,8.8K,2023-06-16 20:30:00
USD,2.0,CFTC Gold speculative net positions,160.2K,,175.6K,2023-06-16 20:30:00
USD,2.0,CFTC Crude Oil speculative net positions,155.1K,,172.4K,2023-06-16 20:30:00
USD,1.0,CFTC Corn speculative net positions,45.1K,,-14.8K,2023-06-16 20:30:00
USD,1.0,CFTC Copper speculative net positions,-12.9K,,-26.0K,2023-06-16 20:30:00
USD,1.0,CFTC Aluminium speculative net positions,5.9K,,5.9K,2023-06-16 20:30:00
USD,1.0,NAHB Housing Market Index (Jun),55,51,50,2023-06-19 14:00:00
USD,2.0,FOMC Member Bullard Speaks,,,,2023-06-20 10:30:00
USD,1.0,Building Permits (MoM) (May),5.20%,,-1.40%,2023-06-20 12:30:00
USD,2.0,Building Permits (May),1.491M,1.425M,1.417M,2023-06-20 12:30:00
USD,2.0,Housing Starts (MoM) (May),21.70%,-0.80%,-2.90%,2023-06-20 12:30:00
USD,2.0,Housing Starts (May),1.631M,1.400M,1.340M,2023-06-20 12:30:00
USD,1.0,3-Month Bill Auction,5.13%,,5.15%,2023-06-20 15:30:00
USD,1.0,6-Month Bill Auction,5.17%,,5.16%,2023-06-20 15:30:00
USD,2.0,FOMC Member Williams Speaks,,,,2023-06-20 15:45:00
USD,1.0,MBA 30-Year Mortgage Rate,6.73%,,6.77%,2023-06-21 11:00:00
USD,1.0,MBA Mortgage Applications (WoW),0.50%,,7.20%,2023-06-21 11:00:00
USD,1.0,MBA Purchase Index,165.6,,163.2,2023-06-21 11:00:00
USD,1.0,Mortgage Refinance Index,425.1,,434.1,2023-06-21 11:00:00
USD,1.0,Mortgage Market Index,209.8,,208.8,2023-06-21 11:00:00
USD,1.0,Redbook (YoY),0.90%,,0.40%,2023-06-21 12:55:00
USD,1.0,Fed Governor Cook Testifies,,,,2023-06-21 14:00:00
USD,1.0,Fed Governor Jefferson Testifies,,,,2023-06-21 14:00:00
USD,3.0,Fed Chair Powell Testifies,,,,2023-06-21 14:00:00
USD,1.0,Fed Goolsbee Speaks,,,,2023-06-21 15:40:00
USD,2.0,20-Year Bond Auction,4.01%,,3.95%,2023-06-21 17:00:00
USD,2.0,FOMC Member Mester Speaks,,,,2023-06-21 20:00:00
USD,2.0,API Weekly Crude Oil Stock,-1.246M,-0.433M,1.024M,2023-06-21 20:30:00
USD,2.0,Fed Waller Speaks,,,,2023-06-22 08:00:00
USD,1.0,Chicago Fed National Activity (May),-0.15,0,0.14,2023-06-22 12:30:00
USD,2.0,Continuing Jobless Claims,"1,759K","1,782K","1,772K",2023-06-22 12:30:00
USD,2.0,Current Account (Q1),-219.3B,-216.9B,-216.2B,2023-06-22 12:30:00
USD,3.0,Initial Jobless Claims,264K,260K,264K,2023-06-22 12:30:00
USD,1.0,Jobless Claims 4-Week Avg.,255.75K,242.01K,247.25K,2023-06-22 12:30:00
USD,2.0,FOMC Member Bowman Speaks,,,,2023-06-22 13:55:00
USD,2.0,US Leading Index (MoM) (May),-0.70%,-0.70%,-0.60%,2023-06-22 14:00:00
USD,2.0,FOMC Member Mester Speaks,,,,2023-06-22 14:00:00
USD,3.0,Existing Home Sales (May),4.30M,4.25M,4.29M,2023-06-22 14:00:00
USD,3.0,Fed Chair Powell Testifies,,,,2023-06-22 14:00:00
USD,2.0,Existing Home Sales (MoM) (May),0.20%,,-3.20%,2023-06-22 14:00:00
USD,1.0,Natural Gas Storage,95B,91B,84B,2023-06-22 14:30:00
USD,1.0,KC Fed Composite Index (Jun),-12,-5,-1,2023-06-22 15:00:00
USD,3.0,Crude Oil Inventories,-3.831M,0.329M,7.919M,2023-06-22 15:00:00
USD,1.0,EIA Refinery Crude Runs (WoW),-0.116M,,-0.061M,2023-06-22 15:00:00
USD,1.0,Crude Oil Imports,-1.493M,-0.048M,-0.814M,2023-06-22 15:00:00
USD,2.0,Cushing Crude Oil Inventories,-0.098M,0.618M,1.554M,2023-06-22 15:00:00
USD,1.0,Distillate Fuel Production,0.089M,0.020M,-0.255M,2023-06-22 15:00:00
USD,1.0,EIA Weekly Distillates Stocks,0.433M,-0.001M,2.123M,2023-06-22 15:00:00
USD,1.0,Gasoline Production,-0.352M,0.031M,0.106M,2023-06-22 15:00:00
USD,1.0,Heating Oil Stockpiles,-0.380M,0.368M,1.405M,2023-06-22 15:00:00
USD,1.0,EIA Weekly Refinery Utilization Rates (WoW),-0.60%,,-2.10%,2023-06-22 15:00:00
USD,1.0,Gasoline Inventories,0.479M,1.091M,2.108M,2023-06-22 15:00:00
USD,1.0,KC Fed Manufacturing Index (Jun),-10,-11,-2,2023-06-22 15:00:00
USD,1.0,4-Week Bill Auction,5.01%,,5.01%,2023-06-22 15:30:00
USD,1.0,8-Week Bill Auction,5.14%,,5.08%,2023-06-22 15:30:00
USD,2.0,5-Year TIPS Auction,1.83%,,1.32%,2023-06-22 17:00:00
USD,1.0,FOMC Member Barkin Speaks,,,,2023-06-22 20:30:00
USD,1.0,Reserve Balances with Federal Reserve Banks,3.203T,,3.306T,2023-06-22 20:30:00
USD,2.0,Fed's Balance Sheet,"8,362B",,"8,388B",2023-06-22 20:30:00
USD,2.0,FOMC Member Bullard Speaks,,,,2023-06-23 09:15:00
USD,2.0,FOMC Member Bostic Speaks,,,,2023-06-23 12:00:00
USD,3.0,S&P Global US Manufacturing PMI (Jun),46.3,48.5,48.4,2023-06-23 13:45:00
USD,2.0,S&P Global Composite PMI (Jun),53,54.4,54.3,2023-06-23 13:45:00
USD,3.0,S&P Global Services PMI (Jun),54.1,54,54.9,2023-06-23 13:45:00
USD,2.0,U.S. Baker Hughes Oil Rig Count,546,,552,2023-06-23 17:00:00
USD,2.0,U.S. Baker Hughes Total Rig Count,682,,687,2023-06-23 17:00:00
USD,2.0,FOMC Member Mester Speaks,,,,2023-06-23 17:40:00
USD,1.0,CFTC Natural Gas speculative net positions,-109.3K,,-123.0K,2023-06-23 20:30:00
USD,1.0,CFTC Wheat speculative net positions,-66.4K,,-86.8K,2023-06-23 20:30:00
USD,1.0,CFTC Soybeans speculative net positions,88.5K,,62.9K,2023-06-23 20:30:00
USD,1.0,CFTC Silver speculative net positions,20.1K,,23.7K,2023-06-23 20:30:00
USD,2.0,CFTC S&P 500 speculative net positions,-239.3K,,-331.4K,2023-06-23 20:30:00
USD,2.0,CFTC Nasdaq 100 speculative net positions,16.0K,,15.7K,2023-06-23 20:30:00
USD,2.0,CFTC Gold speculative net positions,163.0K,,160.2K,2023-06-23 20:30:00
USD,2.0,CFTC Crude Oil speculative net positions,166.5K,,155.1K,2023-06-23 20:30:00
USD,1.0,CFTC Corn speculative net positions,118.8K,,45.1K,2023-06-23 20:30:00
USD,1.0,CFTC Copper speculative net positions,1.9K,,-12.9K,2023-06-23 20:30:00
USD,1.0,CFTC Aluminium speculative net positions,6.0K,,5.9K,2023-06-23 20:30:00
USD,2.0,FOMC Member Williams Speaks,,,,2023-06-25 13:15:00
USD,1.0,Dallas Fed Mfg Business Index (Jun),-23.2,-26.5,-29.1,2023-06-26 14:30:00
USD,1.0,3-Month Bill Auction,5.18%,,5.13%,2023-06-26 15:30:00
USD,1.0,6-Month Bill Auction,5.22%,,5.17%,2023-06-26 15:30:00
USD,2.0,2-Year Note Auction,4.67%,,4.30%,2023-06-26 17:00:00
USD,1.0,Building Permits (MoM) (May),5.60%,5.20%,-1.40%,2023-06-27 11:45:00
USD,2.0,Building Permits (May),1.496M,1.491M,1.417M,2023-06-27 11:45:00
USD,1.0,Goods Orders Non Defense Ex Air (MoM) (May),0.70%,0.00%,0.60%,2023-06-27 12:30:00
USD,1.0,Durables Excluding Defense (MoM) (May),3.00%,,-0.50%,2023-06-27 12:30:00
USD,2.0,Core Durable Goods Orders (MoM) (May),0.60%,-0.10%,-0.60%,2023-06-27 12:30:00
USD,3.0,Durable Goods Orders (MoM) (May),1.70%,-1.00%,1.20%,2023-06-27 12:30:00
USD,1.0,Redbook (YoY),0.50%,,0.90%,2023-06-27 12:55:00
USD,1.0,House Price Index (YoY) (Apr),3.10%,3.10%,3.70%,2023-06-27 13:00:00
USD,1.0,House Price Index (Apr),401.2,402.1,398.3,2023-06-27 13:00:00
USD,2.0,S&P/CS HPI Composite - 20 n.s.a. (YoY) (Apr),-1.70%,-2.60%,-1.10%,2023-06-27 13:00:00
USD,1.0,S&P/CS HPI Composite - 20 s.a. (MoM) (Apr),0.90%,0.50%,0.40%,2023-06-27 13:00:00
USD,2.0,S&P/CS HPI Composite - 20 n.s.a. (MoM) (Apr),1.70%,1.50%,1.60%,2023-06-27 13:00:00
USD,1.0,House Price Index (MoM) (Apr),0.70%,0.30%,0.50%,2023-06-27 13:00:00
USD,3.0,CB Consumer Confidence (Jun),109.7,104,102.5,2023-06-27 14:00:00
USD,1.0,Richmond Manufacturing Shipments (Jun),-5,,-13,2023-06-27 14:00:00
USD,1.0,Richmond Services Index (Jun),-3,7,-10,2023-06-27 14:00:00
USD,1.0,Richmond Manufacturing Index (Jun),-7,-10,-15,2023-06-27 14:00:00
USD,2.0,New Home Sales (MoM) (May),12.20%,,3.50%,2023-06-27 14:00:00
USD,3.0,New Home Sales (May),763K,675K,680K,2023-06-27 14:00:00
USD,1.0,Dallas Fed Services Revenues (Jun),3.6,6,6.9,2023-06-27 14:30:00
USD,1.0,Texas Services Sector Outlook (Jun),-8.2,,-17.3,2023-06-27 14:30:00
USD,1.0,M2 Money Supply (MoM) (May),20.67T,,20.84T,2023-06-27 17:00:00
USD,2.0,5-Year Note Auction,4.02%,,3.75%,2023-06-27 17:00:00
USD,2.0,API Weekly Crude Oil Stock,-2.408M,-1.467M,-1.246M,2023-06-27 20:30:00
USD,1.0,MBA 30-Year Mortgage Rate,6.75%,,6.73%,2023-06-28 11:00:00
USD,1.0,MBA Mortgage Applications (WoW),3.00%,,0.50%,2023-06-28 11:00:00
USD,1.0,MBA Purchase Index,170.3,,165.6,2023-06-28 11:00:00
USD,1.0,Mortgage Market Index,216.1,,209.8,2023-06-28 11:00:00
USD,1.0,Mortgage Refinance Index,439.2,,425.1,2023-06-28 11:00:00
USD,2.0,Goods Trade Balance (May),-91.13B,-92.90B,-97.10B,2023-06-28 12:30:00
USD,2.0,Retail Inventories Ex Auto (May),0.00%,,-0.30%,2023-06-28 12:30:00
USD,1.0,Wholesale Inventories (MoM),-0.10%,-0.20%,-0.30%,2023-06-28 12:30:00
USD,3.0,Fed Chair Powell Speaks,,,,2023-06-28 13:30:00
USD,1.0,Gasoline Inventories,0.603M,-0.126M,0.479M,2023-06-28 14:30:00
USD,1.0,EIA Weekly Refinery Utilization Rates (WoW),-0.90%,,-0.60%,2023-06-28 14:30:00
USD,1.0,Heating Oil Stockpiles,-0.529M,-0.034M,-0.380M,2023-06-28 14:30:00
USD,1.0,Gasoline Production,0.298M,0.024M,-0.352M,2023-06-28 14:30:00
USD,1.0,EIA Refinery Crude Runs (WoW),-0.216M,,-0.116M,2023-06-28 14:30:00
USD,1.0,Distillate Fuel Production,-0.368M,0.014M,0.089M,2023-06-28 14:30:00
USD,2.0,Cushing Crude Oil Inventories,1.209M,0.089M,-0.098M,2023-06-28 14:30:00
USD,1.0,Crude Oil Imports,-0.376M,0.923M,-1.493M,2023-06-28 14:30:00
USD,1.0,EIA Weekly Distillates Stocks,0.124M,0.782M,0.433M,2023-06-28 14:30:00
USD,3.0,Crude Oil Inventories,-9.603M,-1.757M,-3.831M,2023-06-28 14:30:00
USD,2.0,7-Year Note Auction,3.84%,,3.83%,2023-06-28 17:00:00
USD,2.0,Fed Bank Stress Test Results,,,,2023-06-28 20:30:00
USD,3.0,Fed Chair Powell Speaks,,,,2023-06-29 06:30:00
USD,2.0,Core PCE Prices (Q1),4.90%,5.00%,4.40%,2023-06-29 12:30:00
USD,1.0,Corporate Profits (QoQ) (Q1),-5.90%,-6.80%,-2.70%,2023-06-29 12:30:00
USD,3.0,GDP (QoQ) (Q1),2.00%,1.40%,2.60%,2023-06-29 12:30:00
USD,2.0,GDP Price Index (QoQ) (Q1),4.10%,4.20%,3.90%,2023-06-29 12:30:00
USD,1.0,GDP Sales (Q1),4.20%,3.50%,1.10%,2023-06-29 12:30:00
USD,3.0,Initial Jobless Claims,239K,266K,265K,2023-06-29 12:30:00
USD,1.0,Jobless Claims 4-Week Avg.,257.50K,251.27K,256.00K,2023-06-29 12:30:00
USD,1.0,PCE Prices (Q1),4.10%,4.20%,3.70%,2023-06-29 12:30:00
USD,1.0,Real Consumer Spending (Q1),4.20%,,1.00%,2023-06-29 12:30:00
USD,2.0,Continuing Jobless Claims,"1,742K","1,765K","1,761K",2023-06-29 12:30:00
USD,1.0,Pending Home Sales Index (May),76.5,,78.6,2023-06-29 14:00:00
USD,2.0,Pending Home Sales (MoM) (May),-2.70%,-0.50%,-0.40%,2023-06-29 14:00:00
USD,1.0,Natural Gas Storage,76B,83B,95B,2023-06-29 14:30:00
USD,1.0,4-Week Bill Auction,5.09%,,5.01%,2023-06-29 15:30:00
USD,1.0,8-Week Bill Auction,5.19%,,5.14%,2023-06-29 15:30:00
USD,2.0,FOMC Member Bostic Speaks,,,,2023-06-29 19:00:00
USD,2.0,Fed's Balance Sheet,"8,341B",,"8,362B",2023-06-29 20:30:00
USD,1.0,Reserve Balances with Federal Reserve Banks,3.176T,,3.203T,2023-06-29 20:30:00
USD,1.0,OPEC Crude oil Production Venezuela (Barrel),0.74M,,0.72M,2023-06-30 12:00:00
USD,1.0,OPEC Crude oil Production UAE (Barrel),3.03M,,3.04M,2023-06-30 12:00:00
USD,1.0,OPEC Crude oil Production Saudi Arabia (Barrel),9.98M,,10.50M,2023-06-30 12:00:00
USD,1.0,OPEC Crude Oil Production Kuwait (Barrel),2.56M,,2.65M,2023-06-30 12:00:00
USD,1.0,OPEC Crude Oil Production Nigeria (Barrel),1.27M,,1.18M,2023-06-30 12:00:00
USD,1.0,OPEC Crude oil Production Iran (Barrel),2.63M,,2.58M,2023-06-30 12:00:00
USD,1.0,OPEC Crude oil Production Iraq (Barrel),4.14M,,4.14M,2023-06-30 12:00:00
USD,1.0,OPEC Crude Oil Production Algeria (Barrel),0.97M,,0.96M,2023-06-30 12:00:00
USD,1.0,OPEC Crude Oil Production Congo (Barrel),0.27M,,0.26M,2023-06-30 12:00:00
USD,1.0,OPEC Crude Oil Production Libya (Barrel),1.17M,,1.14M,2023-06-30 12:00:00
USD,1.0,OPEC Crude Oil Production Guinea (Barrel),0.06M,,0.06M,2023-06-30 12:00:00
USD,1.0,OPEC Crude Oil Production Gabon (Barrel),0.21M,,0.21M,2023-06-30 12:00:00
USD,3.0,Core PCE Price Index (MoM) (May),0.30%,0.30%,0.40%,2023-06-30 12:30:00
USD,3.0,Core PCE Price Index (YoY) (May),4.60%,4.70%,4.70%,2023-06-30 12:30:00
USD,2.0,PCE price index (MoM) (May),0.10%,0.50%,0.40%,2023-06-30 12:30:00
USD,2.0,PCE Price index (YoY) (May),3.80%,4.60%,4.30%,2023-06-30 12:30:00
USD,1.0,Personal Income (MoM) (May),0.40%,0.30%,0.30%,2023-06-30 12:30:00
USD,2.0,Personal Spending (MoM) (May),0.10%,0.20%,0.60%,2023-06-30 12:30:00
USD,1.0,Real Personal Consumption (MoM) (May),0.00%,0.00%,0.20%,2023-06-30 12:30:00
USD,3.0,Chicago PMI (Jun),41.5,44,40.4,2023-06-30 13:45:00
USD,1.0,Michigan Current Conditions (Jun),69,68,64.9,2023-06-30 14:00:00
USD,2.0,Michigan Consumer Sentiment (Jun),64.4,63.9,59.2,2023-06-30 14:00:00
USD,2.0,Michigan 5-Year Inflation Expectations (Jun),3.00%,3.00%,3.10%,2023-06-30 14:00:00
USD,2.0,Michigan 1-Year Inflation Expectations (Jun),3.30%,3.30%,4.20%,2023-06-30 14:00:00
USD,2.0,Michigan Consumer Expectations (Jun),61.5,61.3,55.4,2023-06-30 14:00:00
USD,1.0,Dallas Fed PCE (May),3.20%,,4.30%,2023-06-30 16:40:00
USD,2.0,U.S. Baker Hughes Oil Rig Count,545,,546,2023-06-30 17:00:00
USD,2.0,U.S. Baker Hughes Total Rig Count,674,,682,2023-06-30 17:00:00
USD,1.0,CFTC Wheat speculative net positions,-47.2K,,-66.4K,2023-06-30 20:30:00
USD,1.0,CFTC Soybeans speculative net positions,101.8K,,88.5K,2023-06-30 20:30:00
USD,1.0,CFTC Silver speculative net positions,19.1K,,20.1K,2023-06-30 20:30:00
USD,1.0,CFTC Natural Gas speculative net positions,-92.8K,,-109.3K,2023-06-30 20:30:00
USD,2.0,CFTC S&P 500 speculative net positions,-208.3K,,-239.3K,2023-06-30 20:30:00
USD,2.0,CFTC Gold speculative net positions,151.9K,,163.0K,2023-06-30 20:30:00
USD,2.0,CFTC Crude Oil speculative net positions,138.4K,,166.5K,2023-06-30 20:30:00
USD,1.0,CFTC Corn speculative net positions,113.4K,,118.8K,2023-06-30 20:30:00
USD,1.0,CFTC Copper speculative net positions,2.9K,,1.9K,2023-06-30 20:30:00
USD,1.0,CFTC Aluminium speculative net positions,6.3K,,6.0K,2023-06-30 20:30:00
USD,2.0,CFTC Nasdaq 100 speculative net positions,17.2K,,16.0K,2023-06-30 20:30:00
USD,3.0,S&P Global US Manufacturing PMI (Jun),46.3,46.3,48.4,2023-07-03 13:45:00
USD,2.0,Construction Spending (MoM) (May),0.90%,0.50%,0.40%,2023-07-03 14:00:00
USD,2.0,ISM Manufacturing Employment (Jun),48.1,50.8,51.4,2023-07-03 14:00:00
USD,1.0,ISM Manufacturing New Orders Index (Jun),45.6,44,42.6,2023-07-03 14:00:00
USD,3.0,ISM Manufacturing PMI (Jun),46,47.2,46.9,2023-07-03 14:00:00
USD,3.0,ISM Manufacturing Prices (Jun),41.8,44,44.2,2023-07-03 14:00:00
USD,1.0,6-Month Bill Auction,5.26%,,5.22%,2023-07-03 15:30:00
USD,1.0,3-Month Bill Auction,5.23%,,5.18%,2023-07-03 15:30:00
USD,1.0,Redbook (YoY),0.70%,,0.50%,2023-07-05 12:55:00
USD,1.0,Durables Excluding Defense (MoM) (May),3.00%,,3.00%,2023-07-05 14:00:00
USD,1.0,Durables Excluding Transport (MoM) (May),0.70%,,-0.30%,2023-07-05 14:00:00
USD,2.0,Factory Orders (MoM) (May),0.30%,0.80%,0.30%,2023-07-05 14:00:00
USD,1.0,Factory orders ex transportation (MoM) (May),-0.50%,0.50%,-0.60%,2023-07-05 14:00:00
USD,1.0,Total Vehicle Sales,15.70M,15.30M,15.10M,2023-07-05 14:00:00
USD,3.0,FOMC Meeting Minutes,,,,2023-07-05 18:00:00
USD,2.0,FOMC Member Williams Speaks,,,,2023-07-05 20:00:00
USD,2.0,API Weekly Crude Oil Stock,-4.382M,-1.800M,-2.408M,2023-07-05 20:30:00
USD,1.0,MBA 30-Year Mortgage Rate,6.85%,,6.75%,2023-07-06 11:00:00
USD,1.0,MBA Purchase Index,162.4,,170.3,2023-07-06 11:00:00
USD,1.0,MBA Mortgage Applications (WoW),-4.40%,,3.00%,2023-07-06 11:00:00
USD,1.0,Mortgage Market Index,206.5,,216.1,2023-07-06 11:00:00
USD,1.0,Mortgage Refinance Index,421.3,,439.2,2023-07-06 11:00:00
USD,1.0,Challenger Job Cuts (Jun),40.709K,,80.089K,2023-07-06 11:30:00
USD,1.0,Challenger Job Cuts (YoY),25.20%,248.60%,286.70%,2023-07-06 11:30:00
USD,3.0,ADP Nonfarm Employment Change (Jun),497K,228K,267K,2023-07-06 12:15:00
USD,2.0,Trade Balance (May),-69.00B,-69.00B,-74.40B,2023-07-06 12:30:00
USD,1.0,Jobless Claims 4-Week Avg.,253.25K,256.64K,256.75K,2023-07-06 12:30:00
USD,3.0,Initial Jobless Claims,248K,245K,236K,2023-07-06 12:30:00
USD,2.0,Imports,316.10B,,323.60B,2023-07-06 12:30:00
USD,2.0,Exports,247.10B,,249.20B,2023-07-06 12:30:00
USD,2.0,Continuing Jobless Claims,"1,720K","1,745K","1,733K",2023-07-06 12:30:00
USD,1.0,Fed Logan Speaks,,,,2023-07-06 12:45:00
USD,2.0,S&P Global Composite PMI (Jun),53.2,53,54.3,2023-07-06 13:45:00
USD,3.0,S&P Global Services PMI (Jun),54.4,54.1,54.9,2023-07-06 13:45:00
USD,1.0,All Car Sales (Jun),3.10M,,3.05M,2023-07-06 14:00:00
USD,1.0,ISM Non-Manufacturing Business Activity (Jun),59.2,51.9,51.5,2023-07-06 14:00:00
USD,1.0,ISM Non-Manufacturing New Orders (Jun),55.5,55.9,52.9,2023-07-06 14:00:00
USD,3.0,ISM Non-Manufacturing PMI (Jun),53.9,51,50.3,2023-07-06 14:00:00
USD,3.0,ISM Non-Manufacturing Prices (Jun),54.1,53.3,56.2,2023-07-06 14:00:00
USD,3.0,JOLTs Job Openings (May),9.824M,9.935M,10.320M,2023-07-06 14:00:00
USD,1.0,All Truck Sales (Jun),12.58M,,12.02M,2023-07-06 14:00:00
USD,2.0,ISM Non-Manufacturing Employment (Jun),53.1,49.9,49.2,2023-07-06 14:00:00
USD,1.0,Cushing Crude Oil Inventories,-0.400M,-0.307M,1.209M,2023-07-06 15:00:00
USD,1.0,Crude Oil Imports,1.895M,2.054M,-0.376M,2023-07-06 15:00:00
USD,1.0,Gasoline Inventories,-2.550M,-1.417M,0.603M,2023-07-06 15:00:00
USD,1.0,Distillate Fuel Production,0.141M,-0.006M,-0.368M,2023-07-06 15:00:00
USD,1.0,EIA Weekly Refinery Utilization Rates (WoW),-1.10%,,-0.90%,2023-07-06 15:00:00
USD,1.0,Heating Oil Stockpiles,-0.061M,0.371M,-0.529M,2023-07-06 15:00:00
USD,1.0,Gasoline Production,0.148M,-0.004M,0.298M,2023-07-06 15:00:00
USD,1.0,EIA Weekly Distillates Stocks,-1.045M,0.296M,0.124M,2023-07-06 15:00:00
USD,3.0,Crude Oil Inventories,-1.508M,-0.983M,-9.603M,2023-07-06 15:00:00
USD,1.0,EIA Refinery Crude Runs (WoW),-0.224M,,-0.216M,2023-07-06 15:00:00
USD,1.0,8-Week Bill Auction,5.20%,,5.19%,2023-07-06 15:30:00
USD,1.0,4-Week Bill Auction,5.15%,,5.09%,2023-07-06 15:30:00
USD,2.0,Fed's Balance Sheet,"8,298B",,"8,341B",2023-07-06 20:30:00
USD,1.0,Reserve Balances with Federal Reserve Banks,3.180T,,3.176T,2023-07-06 20:30:00
USD,3.0,Unemployment Rate (Jun),3.60%,3.60%,3.70%,2023-07-07 12:30:00
USD,2.0,U6 Unemployment Rate (Jun),6.90%,6.60%,6.70%,2023-07-07 12:30:00
USD,2.0,Private Nonfarm Payrolls (Jun),149K,200K,259K,2023-07-07 12:30:00
USD,2.0,Participation Rate (Jun),62.60%,62.60%,62.60%,2023-07-07 12:30:00
USD,3.0,Average Hourly Earnings (MoM) (Jun),0.40%,0.30%,0.40%,2023-07-07 12:30:00
USD,3.0,Nonfarm Payrolls (Jun),209K,225K,306K,2023-07-07 12:30:00
USD,1.0,Manufacturing Payrolls (Jun),7K,0K,-3K,2023-07-07 12:30:00
USD,1.0,Average Weekly Hours (Jun),34.4,34.3,34.3,2023-07-07 12:30:00
USD,2.0,Average Hourly Earnings (YoY) (YoY) (Jun),4.40%,4.20%,4.40%,2023-07-07 12:30:00
USD,1.0,Government Payrolls (Jun),60.0K,7.0K,47.0K,2023-07-07 12:30:00
USD,1.0,Natural Gas Storage,72B,64B,76B,2023-07-07 14:30:00
USD,2.0,U.S. Baker Hughes Oil Rig Count,540,,545,2023-07-07 17:00:00
USD,2.0,U.S. Baker Hughes Total Rig Count,680,,674,2023-07-07 17:00:00
USD,1.0,CFTC Aluminium speculative net positions,6.3K,,6.3K,2023-07-07 20:30:00
USD,1.0,CFTC Copper speculative net positions,-8.8K,,2.9K,2023-07-07 20:30:00
USD,1.0,CFTC Corn speculative net positions,46.4K,,113.4K,2023-07-07 20:30:00
USD,2.0,CFTC Gold speculative net positions,163.1K,,151.9K,2023-07-07 20:30:00
USD,2.0,CFTC Nasdaq 100 speculative net positions,5.5K,,17.2K,2023-07-07 20:30:00
USD,1.0,CFTC Natural Gas speculative net positions,-98.8K,,-92.8K,2023-07-07 20:30:00
USD,2.0,CFTC S&P 500 speculative net positions,-207.2K,,-208.3K,2023-07-07 20:30:00
USD,1.0,CFTC Silver speculative net positions,18.0K,,19.1K,2023-07-07 20:30:00
USD,1.0,CFTC Soybeans speculative net positions,91.0K,,101.8K,2023-07-07 20:30:00
USD,1.0,CFTC Wheat speculative net positions,-45.5K,,-47.2K,2023-07-07 20:30:00
USD,2.0,CFTC Crude Oil speculative net positions,141.4K,,138.4K,2023-07-07 20:30:00
USD,1.0,Wholesale Inventories (MoM) (May),0.00%,-0.10%,-0.30%,2023-07-10 14:00:00
USD,1.0,Wholesale Trade Sales (MoM) (May),-0.20%,0.30%,0.00%,2023-07-10 14:00:00
USD,1.0,CB Employment Trends Index (Jun),114.31,116.26,115.53,2023-07-10 14:00:00
USD,2.0,Fed Vice Chair for Supervision Barr Speaks,,,,2023-07-10 14:00:00
USD,2.0,FOMC Member Daly Speaks,,,,2023-07-10 14:30:00
USD,2.0,FOMC Member Mester Speaks,,,,2023-07-10 15:00:00
USD,2.0,NY Fed 1-Year Consumer Inflation Expectations,3.80%,,4.10%,2023-07-10 15:00:00
USD,1.0,3-Month Bill Auction,5.25%,,5.23%,2023-07-10 15:30:00
USD,1.0,6-Month Bill Auction,5.27%,,5.26%,2023-07-10 15:30:00
USD,2.0,FOMC Member Bostic Speaks,,,,2023-07-10 16:00:00
USD,2.0,Consumer Credit (May),7.24B,20.50B,20.32B,2023-07-10 19:00:00
USD,1.0,NFIB Small Business Optimism (Jun),91,89.9,89.4,2023-07-11 10:00:00
USD,1.0,Redbook (YoY),-0.40%,,0.70%,2023-07-11 12:55:00
USD,2.0,FOMC Member Bullard Speaks,,,,2023-07-11 13:00:00
USD,1.0,IBD/TIPP Economic Optimism,41.3,45.3,41.7,2023-07-11 14:00:00
USD,1.0,52-Week Bill Auction,5.13%,,4.93%,2023-07-11 15:30:00
USD,2.0,EIA Short-Term Energy Outlook,,,,2023-07-11 16:00:00
USD,2.0,3-Year Note Auction,4.53%,,4.20%,2023-07-11 17:00:00
USD,2.0,API Weekly Crude Oil Stock,3.026M,0.200M,-4.382M,2023-07-11 20:30:00
USD,1.0,Mortgage Refinance Index,416,,421.3,2023-07-12 11:00:00
USD,1.0,Mortgage Market Index,208.4,,206.5,2023-07-12 11:00:00
USD,1.0,MBA Purchase Index,165.3,,162.4,2023-07-12 11:00:00
USD,1.0,MBA Mortgage Applications (WoW),0.90%,,-4.40%,2023-07-12 11:00:00
USD,1.0,MBA 30-Year Mortgage Rate,7.07%,,6.85%,2023-07-12 11:00:00
USD,2.0,Core CPI (YoY) (Jun),4.80%,5.00%,5.30%,2023-07-12 12:30:00
USD,3.0,Core CPI (MoM) (Jun),0.20%,0.30%,0.40%,2023-07-12 12:30:00
USD,1.0,Core CPI Index (Jun),308.31,309.03,307.82,2023-07-12 12:30:00
USD,3.0,CPI (MoM) (Jun),0.20%,0.30%,0.10%,2023-07-12 12:30:00
USD,3.0,CPI (YoY) (Jun),3.00%,3.10%,4.00%,2023-07-12 12:30:00
USD,1.0,"CPI Index, n.s.a. (Jun)",305.11,305.22,304.13,2023-07-12 12:30:00
USD,1.0,"CPI, n.s.a (MoM) (Jun)",0.32%,,0.25%,2023-07-12 12:30:00
USD,1.0,"CPI Index, s.a (Jun)",303.84,303.7,303.29,2023-07-12 12:30:00
USD,1.0,Real Earnings (MoM) (Jun),0.50%,-0.10%,-0.10%,2023-07-12 12:30:00
USD,2.0,FOMC Member Kashkari Speaks,,,,2023-07-12 13:45:00
USD,1.0,Gasoline Inventories,-0.003M,-0.727M,-2.550M,2023-07-12 14:30:00
USD,3.0,Crude Oil Inventories,5.946M,0.483M,-1.508M,2023-07-12 14:30:00
USD,1.0,EIA Refinery Crude Runs (WoW),0.629M,,-0.224M,2023-07-12 14:30:00
USD,1.0,Crude Oil Imports,0.599M,-0.527M,1.895M,2023-07-12 14:30:00
USD,2.0,Cushing Crude Oil Inventories,-1.605M,-0.805M,-0.400M,2023-07-12 14:30:00
USD,1.0,Distillate Fuel Production,0.236M,-0.011M,0.141M,2023-07-12 14:30:00
USD,1.0,EIA Weekly Distillates Stocks,4.815M,-0.262M,-1.045M,2023-07-12 14:30:00
USD,1.0,Gasoline Production,-0.158M,-0.047M,0.148M,2023-07-12 14:30:00
USD,1.0,Heating Oil Stockpiles,0.439M,-0.234M,-0.061M,2023-07-12 14:30:00
USD,1.0,EIA Weekly Refinery Utilization Rates (WoW),2.60%,,-1.10%,2023-07-12 14:30:00
USD,1.0,Cleveland CPI (MoM) (Jun),0.40%,0.40%,0.40%,2023-07-12 15:00:00
USD,1.0,Thomson Reuters IPSOS PCSI (Jul),54.41,,49.62,2023-07-12 15:00:00
USD,2.0,WASDE Report,,,,2023-07-12 16:00:00
USD,3.0,10-Year Note Auction,3.86%,,3.79%,2023-07-12 17:00:00
USD,2.0,FOMC Member Bostic Speaks,,,,2023-07-12 17:00:00
USD,2.0,Beige Book,,,,2023-07-12 18:00:00
USD,2.0,FOMC Member Mester Speaks,,,,2023-07-12 20:00:00
USD,2.0,IEA Monthly Report,,,,2023-07-13 08:00:00
USD,2.0,OPEC Monthly Report,,,,2023-07-13 11:00:00
USD,1.0,Core PPI (YoY) (Jun),2.40%,2.60%,2.60%,2023-07-13 12:30:00
USD,1.0,PPI (YoY) (Jun),0.10%,0.40%,0.90%,2023-07-13 12:30:00
USD,3.0,PPI (MoM) (Jun),0.10%,0.20%,-0.40%,2023-07-13 12:30:00
USD,1.0,Jobless Claims 4-Week Avg.,246.75K,255.39K,253.50K,2023-07-13 12:30:00
USD,3.0,Initial Jobless Claims,237K,250K,249K,2023-07-13 12:30:00
USD,2.0,Core PPI (MoM) (Jun),0.10%,0.20%,0.10%,2023-07-13 12:30:00
USD,2.0,Continuing Jobless Claims,"1,729K","1,723K","1,718K",2023-07-13 12:30:00
USD,1.0,PPI ex. Food/Energy/Transport (YoY) (Jun),2.60%,,2.80%,2023-07-13 12:30:00
USD,1.0,PPI ex. Food/Energy/Transport (MoM) (Jun),0.10%,,0.00%,2023-07-13 12:30:00
USD,1.0,Natural Gas Storage,49B,51B,68B,2023-07-13 14:30:00
USD,1.0,4-Week Bill Auction,5.21%,,5.15%,2023-07-13 15:30:00
USD,1.0,8-Week Bill Auction,5.23%,,5.20%,2023-07-13 15:30:00
USD,3.0,30-Year Bond Auction,3.91%,,3.91%,2023-07-13 17:00:00
USD,2.0,Federal Budget Balance (Jun),-228.0B,-175.0B,-240.0B,2023-07-13 18:00:00
USD,1.0,Reserve Balances with Federal Reserve Banks,3.162T,,3.180T,2023-07-13 20:30:00
USD,2.0,Fed's Balance Sheet,"8,297B",,"8,298B",2023-07-13 20:30:00
USD,2.0,Fed Waller Speaks,,,,2023-07-13 22:45:00
USD,1.0,Import Price Index ex Petroleum (MoM),-0.30%,,-0.20%,2023-07-14 12:30:00
USD,1.0,Import Price Index (YoY),-6.10%,-3.60%,-5.90%,2023-07-14 12:30:00
USD,2.0,Import Price Index (MoM) (Jun),-0.20%,-0.10%,-0.40%,2023-07-14 12:30:00
USD,2.0,Export Price Index (MoM) (Jun),-0.90%,-0.20%,-1.90%,2023-07-14 12:30:00
USD,1.0,Export Price Index (YoY),-12.00%,-11.10%,-10.10%,2023-07-14 12:30:00
USD,1.0,Michigan Current Conditions (Jul),77.5,70.4,69,2023-07-14 14:00:00
USD,2.0,Michigan 1-Year Inflation Expectations (Jul),3.40%,3.30%,3.30%,2023-07-14 14:00:00
USD,2.0,Michigan 5-Year Inflation Expectations (Jul),3.10%,3.10%,3.00%,2023-07-14 14:00:00
USD,2.0,Michigan Consumer Expectations (Jul),69.4,61.8,61.5,2023-07-14 14:00:00
USD,2.0,Michigan Consumer Sentiment (Jul),72.6,65.5,64.4,2023-07-14 14:00:00
USD,2.0,U.S. Baker Hughes Oil Rig Count,537,,540,2023-07-14 17:00:00
USD,2.0,U.S. Baker Hughes Total Rig Count,675,,680,2023-07-14 17:00:00
USD,1.0,CFTC Aluminium speculative net positions,6.2K,,6.3K,2023-07-14 20:30:00
USD,1.0,CFTC Copper speculative net positions,-11.2K,,-8.8K,2023-07-14 20:30:00
USD,1.0,CFTC Corn speculative net positions,7.8K,,46.4K,2023-07-14 20:30:00
USD,2.0,CFTC Crude Oil speculative net positions,173.4K,,141.4K,2023-07-14 20:30:00
USD,2.0,CFTC Gold speculative net positions,165.8K,,163.1K,2023-07-14 20:30:00
USD,2.0,CFTC Nasdaq 100 speculative net positions,10.9K,,5.5K,2023-07-14 20:30:00
USD,1.0,CFTC Natural Gas speculative net positions,-86.8K,,-98.8K,2023-07-14 20:30:00
USD,2.0,CFTC S&P 500 speculative net positions,-209.0K,,-207.2K,2023-07-14 20:30:00
USD,1.0,CFTC Silver speculative net positions,20.3K,,18.0K,2023-07-14 20:30:00
USD,1.0,CFTC Soybeans speculative net positions,90.9K,,91.0K,2023-07-14 20:30:00
USD,1.0,CFTC Wheat speculative net positions,-40.4K,,-45.5K,2023-07-14 20:30:00
USD,2.0,NY Empire State Manufacturing Index (Jul),1.1,-4.3,6.6,2023-07-17 12:30:00
USD,1.0,3-Month Bill Auction,5.25%,,5.25%,2023-07-17 15:30:00
USD,1.0,6-Month Bill Auction,5.25%,,5.27%,2023-07-17 15:30:00
USD,1.0,Retail Sales Ex Gas/Autos (MoM) (Jun),0.30%,0.00%,0.50%,2023-07-18 12:30:00
USD,3.0,Core Retail Sales (MoM) (Jun),0.20%,0.30%,0.30%,2023-07-18 12:30:00
USD,2.0,Retail Control (MoM) (Jun),0.60%,-0.30%,0.30%,2023-07-18 12:30:00
USD,3.0,Retail Sales (MoM) (Jun),0.20%,0.50%,0.50%,2023-07-18 12:30:00
USD,1.0,Retail Sales (YoY) (Jun),1.49%,1.60%,1.96%,2023-07-18 12:30:00
USD,1.0,Redbook (YoY),-0.20%,,-0.40%,2023-07-18 12:55:00
USD,2.0,Industrial Production (MoM) (Jun),-0.50%,0.00%,-0.50%,2023-07-18 13:15:00
USD,2.0,Industrial Production (YoY) (Jun),-0.43%,1.10%,0.03%,2023-07-18 13:15:00
USD,1.0,Manufacturing Production (MoM) (Jun),-0.30%,0.00%,-0.20%,2023-07-18 13:15:00
USD,1.0,Capacity Utilization Rate (Jun),78.90%,79.50%,79.40%,2023-07-18 13:15:00
USD,2.0,Retail Inventories Ex Auto (May),-0.10%,0.00%,-0.20%,2023-07-18 14:00:00
USD,1.0,NAHB Housing Market Index (Jul),56,56,55,2023-07-18 14:00:00
USD,2.0,Business Inventories (MoM) (May),0.20%,0.20%,0.10%,2023-07-18 14:00:00
USD,1.0,Fed Gibson Testifies,,,,2023-07-18 14:00:00
USD,2.0,Fed Vice Chair for Supervision Barr Speaks,,,,2023-07-18 14:00:00
USD,1.0,"US Foreign Buying, T-bonds (May)",37.50B,47.00B,92.20B,2023-07-18 20:00:00
USD,1.0,Overall Net Capital Flow (May),-167.60B,180.50B,35.30B,2023-07-18 20:00:00
USD,2.0,TIC Net Long-Term Transactions (May),25.8B,110.2B,127.8B,2023-07-18 20:00:00
USD,1.0,TIC Net Long-Term Transactions including Swaps (May),17.50B,122.10B,116.90B,2023-07-18 20:00:00
USD,2.0,API Weekly Crude Oil Stock,-0.797M,-2.250M,3.026M,2023-07-18 20:30:00
USD,1.0,Mortgage Refinance Index,446.4,,416,2023-07-19 11:00:00
USD,1.0,Mortgage Market Index,210.7,,208.4,2023-07-19 11:00:00
USD,1.0,MBA Purchase Index,163.2,,165.3,2023-07-19 11:00:00
USD,1.0,MBA Mortgage Applications (WoW),1.10%,,0.90%,2023-07-19 11:00:00
USD,1.0,MBA 30-Year Mortgage Rate,6.87%,,7.07%,2023-07-19 11:00:00
USD,1.0,Building Permits (MoM) (Jun),-3.70%,,5.60%,2023-07-19 12:30:00
USD,2.0,Building Permits (Jun),1.440M,1.490M,1.496M,2023-07-19 12:30:00
USD,2.0,Housing Starts (Jun),1.434M,1.480M,1.559M,2023-07-19 12:30:00
USD,2.0,Housing Starts (MoM) (Jun),-8.00%,7.20%,15.70%,2023-07-19 12:30:00
USD,3.0,Crude Oil Inventories,-0.708M,-2.440M,5.946M,2023-07-19 14:30:00
USD,1.0,Crude Oil Imports,-0.376M,-1.845M,0.599M,2023-07-19 14:30:00
USD,1.0,EIA Refinery Crude Runs (WoW),-0.074M,,0.629M,2023-07-19 14:30:00
USD,1.0,Distillate Fuel Production,-0.054M,-0.002M,0.236M,2023-07-19 14:30:00
USD,1.0,EIA Weekly Distillates Stocks,0.014M,0.460M,4.815M,2023-07-19 14:30:00
USD,1.0,Gasoline Production,-0.584M,0.034M,-0.158M,2023-07-19 14:30:00
USD,1.0,Heating Oil Stockpiles,0.223M,-0.108M,0.439M,2023-07-19 14:30:00
USD,1.0,EIA Weekly Refinery Utilization Rates (WoW),0.60%,,2.60%,2023-07-19 14:30:00
USD,1.0,Gasoline Inventories,-1.066M,-1.577M,-0.003M,2023-07-19 14:30:00
USD,2.0,Cushing Crude Oil Inventories,-2.891M,-0.835M,-1.605M,2023-07-19 14:30:00
USD,2.0,20-Year Bond Auction,4.04%,,4.01%,2023-07-19 17:00:00
USD,1.0,Philly Fed Prices Paid (Jul),9.5,10.7,10.5,2023-07-20 12:30:00
USD,1.0,Philly Fed New Orders (Jul),-15.9,-10,-11,2023-07-20 12:30:00
USD,2.0,Philly Fed Employment (Jul),-1,-4.5,-0.4,2023-07-20 12:30:00
USD,1.0,Philly Fed CAPEX Index (Jul),8.6,6.2,9.9,2023-07-20 12:30:00
USD,1.0,Jobless Claims 4-Week Avg.,237.50K,250.01K,246.75K,2023-07-20 12:30:00
USD,3.0,Philadelphia Fed Manufacturing Index (Jul),-13.5,-10,-13.7,2023-07-20 12:30:00
USD,3.0,Initial Jobless Claims,228K,242K,237K,2023-07-20 12:30:00
USD,2.0,Continuing Jobless Claims,"1,754K","1,729K","1,721K",2023-07-20 12:30:00
USD,1.0,Philly Fed Business Conditions (Jul),29.1,10,12.7,2023-07-20 12:30:00
USD,3.0,Existing Home Sales (Jun),4.16M,4.20M,4.30M,2023-07-20 14:00:00
USD,2.0,Existing Home Sales (MoM) (Jun),-3.30%,,0.20%,2023-07-20 14:00:00
USD,2.0,US Leading Index (MoM) (Jun),-0.70%,-0.60%,-0.60%,2023-07-20 14:00:00
USD,1.0,Natural Gas Storage,41B,40B,49B,2023-07-20 14:30:00
USD,1.0,8-Week Bill Auction,5.26%,,5.23%,2023-07-20 15:30:00
USD,1.0,4-Week Bill Auction,5.26%,,5.21%,2023-07-20 15:30:00
USD,2.0,10-Year TIPS Auction,1.50%,,1.40%,2023-07-20 17:00:00
USD,2.0,Fed's Balance Sheet,"8,275B",,"8,297B",2023-07-20 20:30:00
USD,1.0,Reserve Balances with Federal Reserve Banks,3.221T,,3.162T,2023-07-20 20:30:00
USD,2.0,U.S. Baker Hughes Oil Rig Count,530,,537,2023-07-21 17:00:00
USD,2.0,U.S. Baker Hughes Total Rig Count,669,,675,2023-07-21 17:00:00
USD,1.0,CFTC Wheat speculative net positions,-38.7K,,-40.4K,2023-07-21 20:30:00
USD,1.0,CFTC Soybeans speculative net positions,107.3K,,90.9K,2023-07-21 20:30:00
USD,2.0,CFTC S&P 500 speculative net positions,-263.7K,,-209.0K,2023-07-21 20:30:00
USD,1.0,CFTC Natural Gas speculative net positions,-95.8K,,-86.8K,2023-07-21 20:30:00
USD,2.0,CFTC Nasdaq 100 speculative net positions,1.2K,,10.9K,2023-07-21 20:30:00
USD,1.0,CFTC Silver speculative net positions,43.9K,,20.3K,2023-07-21 20:30:00
USD,2.0,CFTC Crude Oil speculative net positions,206.1K,,173.4K,2023-07-21 20:30:00
USD,1.0,CFTC Corn speculative net positions,19.9K,,7.8K,2023-07-21 20:30:00
USD,2.0,CFTC Gold speculative net positions,193.3K,,165.8K,2023-07-21 20:30:00
USD,1.0,CFTC Copper speculative net positions,-3.5K,,-11.2K,2023-07-21 20:30:00
USD,1.0,CFTC Aluminium speculative net positions,6.4K,,6.2K,2023-07-21 20:30:00
USD,1.0,Chicago Fed National Activity (Jun),-0.32,0.03,-0.28,2023-07-24 12:30:00
USD,2.0,S&P Global Composite PMI (Jul),52,53.1,53.2,2023-07-24 13:45:00
USD,3.0,S&P Global Services PMI (Jul),52.4,54,54.4,2023-07-24 13:45:00
USD,3.0,S&P Global US Manufacturing PMI (Jul),49,46.4,46.3,2023-07-24 13:45:00
USD,1.0,3-Month Bill Auction,5.27%,,5.25%,2023-07-24 15:30:00
USD,1.0,6-Month Bill Auction,5.27%,,5.25%,2023-07-24 15:30:00
USD,2.0,2-Year Note Auction,4.82%,,4.67%,2023-07-24 17:00:00
USD,1.0,Redbook (YoY),-0.40%,,-0.20%,2023-07-25 12:55:00
USD,1.0,S&P/CS HPI Composite - 20 s.a. (MoM) (May),1.00%,1.50%,0.90%,2023-07-25 13:00:00
USD,1.0,House Price Index (YoY) (May),2.80%,2.60%,3.10%,2023-07-25 13:00:00
USD,1.0,House Price Index (MoM) (May),0.70%,0.20%,0.70%,2023-07-25 13:00:00
USD,1.0,House Price Index (May),404.1,404.6,401.2,2023-07-25 13:00:00
USD,2.0,S&P/CS HPI Composite - 20 n.s.a. (YoY) (May),-1.70%,-2.20%,-1.70%,2023-07-25 13:00:00
USD,2.0,S&P/CS HPI Composite - 20 n.s.a. (MoM) (May),1.50%,1.20%,1.70%,2023-07-25 13:00:00
USD,1.0,Richmond Manufacturing Index (Jul),-9,-10,-8,2023-07-25 14:00:00
USD,1.0,Richmond Manufacturing Shipments (Jul),-6,,-5,2023-07-25 14:00:00
USD,1.0,Richmond Services Index (Jul),-2,9,-8,2023-07-25 14:00:00
USD,3.0,CB Consumer Confidence (Jul),117,111.8,110.1,2023-07-25 14:00:00
USD,2.0,5-Year Note Auction,4.17%,,4.02%,2023-07-25 17:00:00
USD,1.0,M2 Money Supply (MoM) (Jun),20.81T,,20.67T,2023-07-25 17:00:00
USD,2.0,API Weekly Crude Oil Stock,1.319M,-1.969M,-0.797M,2023-07-25 20:30:00
USD,1.0,MBA 30-Year Mortgage Rate,6.87%,,6.87%,2023-07-26 11:00:00
USD,1.0,MBA Mortgage Applications (WoW),-1.80%,,1.10%,2023-07-26 11:00:00
USD,1.0,MBA Purchase Index,159.2,,163.2,2023-07-26 11:00:00
USD,1.0,Mortgage Market Index,206.9,,210.7,2023-07-26 11:00:00
USD,1.0,Mortgage Refinance Index,444.5,,446.4,2023-07-26 11:00:00
USD,2.0,Building Permits (Jun),1.441M,1.440M,1.496M,2023-07-26 12:00:00
USD,1.0,Building Permits (MoM) (Jun),-3.70%,-3.70%,5.60%,2023-07-26 12:00:00
USD,3.0,New Home Sales (Jun),697K,725K,715K,2023-07-26 14:00:00
USD,2.0,New Home Sales (MoM) (Jun),-2.50%,-0.70%,6.60%,2023-07-26 14:00:00
USD,3.0,Crude Oil Inventories,-0.600M,-2.348M,-0.708M,2023-07-26 14:30:00
USD,1.0,EIA Refinery Crude Runs (WoW),-0.107M,,-0.074M,2023-07-26 14:30:00
USD,1.0,Crude Oil Imports,-1.584M,-1.937M,-0.376M,2023-07-26 14:30:00
USD,2.0,Cushing Crude Oil Inventories,-2.609M,-1.442M,-2.891M,2023-07-26 14:30:00
USD,1.0,Distillate Fuel Production,-0.251M,0.002M,-0.054M,2023-07-26 14:30:00
USD,1.0,EIA Weekly Distillates Stocks,-0.245M,-0.301M,0.014M,2023-07-26 14:30:00
USD,1.0,Gasoline Production,-0.035M,0.045M,-0.584M,2023-07-26 14:30:00
USD,1.0,Heating Oil Stockpiles,-1.002M,0.222M,0.223M,2023-07-26 14:30:00
USD,1.0,EIA Weekly Refinery Utilization Rates (WoW),-0.90%,,0.60%,2023-07-26 14:30:00
USD,1.0,Gasoline Inventories,-0.786M,-1.678M,-1.066M,2023-07-26 14:30:00
USD,3.0,FOMC Statement,,,,2023-07-26 18:00:00
USD,3.0,Fed Interest Rate Decision,5.50%,5.50%,5.25%,2023-07-26 18:00:00
USD,3.0,FOMC Press Conference,,,,2023-07-26 18:30:00
USD,3.0,Initial Jobless Claims,221K,235K,228K,2023-07-27 12:30:00
USD,2.0,Retail Inventories Ex Auto (Jun),0.40%,,-0.10%,2023-07-27 12:30:00
USD,1.0,Wholesale Inventories (MoM),-0.30%,-0.30%,-0.30%,2023-07-27 12:30:00
USD,1.0,Real Consumer Spending (Q2),1.60%,,4.20%,2023-07-27 12:30:00
USD,1.0,PCE Prices (Q2),2.60%,,4.10%,2023-07-27 12:30:00
USD,2.0,Goods Trade Balance (Jun),-87.84B,-91.80B,-91.13B,2023-07-27 12:30:00
USD,1.0,Goods Orders Non Defense Ex Air (MoM) (Jun),0.20%,-0.10%,0.50%,2023-07-27 12:30:00
USD,1.0,GDP Sales (Q2),2.30%,1.40%,4.20%,2023-07-27 12:30:00
USD,1.0,Jobless Claims 4-Week Avg.,233.75K,242.10K,237.50K,2023-07-27 12:30:00
USD,3.0,GDP (QoQ) (Q2),2.40%,1.80%,2.00%,2023-07-27 12:30:00
USD,1.0,Durables Excluding Defense (MoM) (Jun),6.20%,0.00%,3.20%,2023-07-27 12:30:00
USD,3.0,Durable Goods Orders (MoM) (Jun),4.70%,1.00%,2.00%,2023-07-27 12:30:00
USD,2.0,Core PCE Prices (Q2),3.80%,4.00%,4.90%,2023-07-27 12:30:00
USD,2.0,Core Durable Goods Orders (MoM) (Jun),0.60%,0.00%,0.60%,2023-07-27 12:30:00
USD,2.0,Continuing Jobless Claims,"1,690K","1,750K","1,749K",2023-07-27 12:30:00
USD,2.0,GDP Price Index (QoQ) (Q2),2.20%,3.00%,4.10%,2023-07-27 12:30:00
USD,2.0,Pending Home Sales (MoM) (Jun),0.30%,-0.50%,-2.50%,2023-07-27 14:00:00
USD,1.0,Pending Home Sales Index (Jun),76.8,,76.6,2023-07-27 14:00:00
USD,1.0,Natural Gas Storage,16B,19B,41B,2023-07-27 14:30:00
USD,1.0,KC Fed Composite Index (Jul),-11,-7,-12,2023-07-27 15:00:00
USD,1.0,KC Fed Manufacturing Index (Jul),-20,-6,-10,2023-07-27 15:00:00
USD,1.0,8-Week Bill Auction,5.29%,,5.26%,2023-07-27 15:30:00
USD,1.0,4-Week Bill Auction,5.28%,,5.26%,2023-07-27 15:30:00
USD,2.0,7-Year Note Auction,4.09%,,3.84%,2023-07-27 17:00:00
USD,2.0,Fed's Balance Sheet,"8,243B",,"8,275B",2023-07-27 20:30:00
USD,1.0,Reserve Balances with Federal Reserve Banks,3.167T,,3.221T,2023-07-27 20:30:00
USD,1.0,Real Personal Consumption (MoM) (Jun),0.40%,,0.10%,2023-07-28 12:30:00
USD,2.0,Personal Spending (MoM) (Jun),0.50%,0.40%,0.20%,2023-07-28 12:30:00
USD,1.0,Personal Income (MoM) (Jun),0.30%,0.50%,0.50%,2023-07-28 12:30:00
USD,2.0,PCE Price index (YoY) (Jun),3.00%,3.10%,3.80%,2023-07-28 12:30:00
USD,1.0,Employment Wages (QoQ) (Q2),1.00%,1.20%,1.20%,2023-07-28 12:30:00
USD,2.0,PCE price index (MoM) (Jun),0.20%,0.20%,0.10%,2023-07-28 12:30:00
USD,1.0,Employment Benefits (QoQ) (Q2),0.90%,1.30%,1.20%,2023-07-28 12:30:00
USD,2.0,Employment Cost Index (QoQ) (Q2),1.00%,1.10%,1.20%,2023-07-28 12:30:00
USD,3.0,Core PCE Price Index (YoY) (Jun),4.10%,4.20%,4.60%,2023-07-28 12:30:00
USD,3.0,Core PCE Price Index (MoM) (Jun),0.20%,0.20%,0.30%,2023-07-28 12:30:00
USD,1.0,Michigan Current Conditions (Jul),76.6,77.5,69,2023-07-28 14:00:00
USD,2.0,Michigan 1-Year Inflation Expectations (Jul),3.40%,3.40%,3.30%,2023-07-28 14:00:00
USD,2.0,Michigan 5-Year Inflation Expectations (Jul),3.00%,3.10%,3.00%,2023-07-28 14:00:00
USD,2.0,Michigan Consumer Expectations (Jul),68.3,69.4,61.5,2023-07-28 14:00:00
USD,2.0,Michigan Consumer Sentiment (Jul),71.6,72.6,64.4,2023-07-28 14:00:00
USD,1.0,Dallas Fed PCE (Jun),2.50%,4.30%,3.50%,2023-07-28 14:20:00
USD,2.0,U.S. Baker Hughes Oil Rig Count,529,,530,2023-07-28 17:00:00
USD,2.0,U.S. Baker Hughes Total Rig Count,664,,669,2023-07-28 17:00:00
USD,1.0,CFTC Corn speculative net positions,70.5K,,19.9K,2023-07-28 20:30:00
USD,2.0,CFTC Crude Oil speculative net positions,225.2K,,206.1K,2023-07-28 20:30:00
USD,2.0,CFTC Gold speculative net positions,173.6K,,193.3K,2023-07-28 20:30:00
USD,2.0,CFTC Nasdaq 100 speculative net positions,-10.7K,,1.2K,2023-07-28 20:30:00
USD,1.0,CFTC Natural Gas speculative net positions,-97.1K,,-95.8K,2023-07-28 20:30:00
USD,2.0,CFTC S&P 500 speculative net positions,-232.6K,,-263.7K,2023-07-28 20:30:00
USD,1.0,CFTC Silver speculative net positions,36.9K,,43.9K,2023-07-28 20:30:00
USD,1.0,CFTC Soybeans speculative net positions,135.0K,,107.3K,2023-07-28 20:30:00
USD,1.0,CFTC Wheat speculative net positions,-20.6K,,-38.7K,2023-07-28 20:30:00
USD,1.0,CFTC Aluminium speculative net positions,6.8K,,6.4K,2023-07-28 20:30:00
USD,1.0,CFTC Copper speculative net positions,1.2K,,-3.5K,2023-07-28 20:30:00
USD,3.0,Chicago PMI (Jul),42.8,43,41.5,2023-07-31 13:45:00
USD,1.0,Dallas Fed Mfg Business Index (Jul),-20,-26.3,-23.2,2023-07-31 14:30:00
USD,1.0,OPEC Crude Oil Production Congo (Barrel),0.26M,,0.27M,2023-07-31 14:44:00
USD,1.0,OPEC Crude Oil Production Gabon (Barrel),0.21M,,0.21M,2023-07-31 14:44:00
USD,1.0,OPEC Crude Oil Production Guinea (Barrel),0.06M,,0.06M,2023-07-31 14:44:00
USD,1.0,OPEC Crude oil Production Iran (Barrel),2.75M,,2.68M,2023-07-31 14:44:00
USD,1.0,OPEC Crude Oil Production Kuwait (Barrel),2.55M,,2.56M,2023-07-31 14:44:00
USD,1.0,OPEC Crude Oil Production Libya (Barrel),1.16M,,1.17M,2023-07-31 14:44:00
USD,1.0,OPEC Crude Oil Production Nigeria (Barrel),1.30M,,1.27M,2023-07-31 14:44:00
USD,1.0,OPEC Crude oil Production Saudi Arabia (Barrel),10.00M,,9.98M,2023-07-31 14:44:00
USD,1.0,OPEC Crude Oil Production Algeria (Barrel),0.96M,,0.97M,2023-07-31 14:44:00
USD,1.0,OPEC Crude oil Production Iraq (Barrel),4.18M,,4.14M,2023-07-31 14:44:00
USD,1.0,OPEC Crude oil Production UAE (Barrel),2.89M,,3.03M,2023-07-31 14:44:00
USD,1.0,OPEC Crude oil Production Venezuela (Barrel),0.77M,,0.74M,2023-07-31 14:44:00
USD,1.0,3-Month Bill Auction,5.28%,,5.27%,2023-07-31 15:30:00
USD,1.0,6-Month Bill Auction,5.27%,,5.27%,2023-07-31 15:30:00
USD,1.0,Loan Officer Survey,,,,2023-07-31 18:00:00
USD,1.0,Redbook (YoY),0.10%,,-0.40%,2023-08-01 12:55:00
USD,3.0,S&P Global US Manufacturing PMI (Jul),49,49,46.3,2023-08-01 13:45:00
USD,1.0,Total Vehicle Sales,15.70M,15.70M,15.70M,2023-08-01 14:00:00
USD,3.0,JOLTs Job Openings (Jun),9.582M,9.610M,9.616M,2023-08-01 14:00:00
USD,3.0,ISM Manufacturing Prices (Jul),42.6,42.8,41.8,2023-08-01 14:00:00
USD,1.0,ISM Manufacturing New Orders Index (Jul),47.3,44,45.6,2023-08-01 14:00:00
USD,2.0,ISM Manufacturing Employment (Jul),44.4,48,48.1,2023-08-01 14:00:00
USD,2.0,Construction Spending (MoM) (Jun),0.50%,0.60%,1.10%,2023-08-01 14:00:00
USD,3.0,ISM Manufacturing PMI (Jul),46.4,46.8,46,2023-08-01 14:00:00
USD,1.0,Dallas Fed Services Revenues (Jul),12.9,5.6,3.6,2023-08-01 14:30:00
USD,1.0,Texas Services Sector Outlook (Jul),-4.2,-12.5,-8.2,2023-08-01 14:30:00
USD,2.0,API Weekly Crude Oil Stock,-15.400M,-0.900M,1.319M,2023-08-01 20:30:00
USD,1.0,Mortgage Refinance Index,433.6,,444.5,2023-08-02 11:00:00
USD,1.0,MBA Purchase Index,154.1,,159.2,2023-08-02 11:00:00
USD,1.0,Mortgage Market Index,200.7,,206.9,2023-08-02 11:00:00
USD,1.0,MBA 30-Year Mortgage Rate,6.93%,,6.87%,2023-08-02 11:00:00
USD,1.0,MBA Mortgage Applications (WoW),-3.00%,,-1.80%,2023-08-02 11:00:00
USD,1.0,All Car Sales (Jul),3.14M,,3.08M,2023-08-02 12:00:00
USD,1.0,All Truck Sales (Jul),12.59M,,12.58M,2023-08-02 12:00:00
USD,3.0,ADP Nonfarm Employment Change (Jul),324K,189K,455K,2023-08-02 12:15:00
USD,3.0,Crude Oil Inventories,-17.049M,-1.367M,-0.600M,2023-08-02 14:30:00
USD,2.0,Cushing Crude Oil Inventories,-1.259M,-2.494M,-2.609M,2023-08-02 14:30:00
USD,1.0,EIA Refinery Crude Runs (WoW),0.039M,,-0.107M,2023-08-02 14:30:00
USD,1.0,Distillate Fuel Production,0.080M,-0.005M,-0.251M,2023-08-02 14:30:00
USD,1.0,EIA Weekly Distillates Stocks,-0.796M,0.112M,-0.245M,2023-08-02 14:30:00
USD,1.0,Gasoline Production,0.341M,-0.049M,-0.035M,2023-08-02 14:30:00
USD,1.0,Heating Oil Stockpiles,0.230M,0.082M,-1.002M,2023-08-02 14:30:00
USD,1.0,EIA Weekly Refinery Utilization Rates (WoW),-0.70%,,-0.90%,2023-08-02 14:30:00
USD,1.0,Gasoline Inventories,1.480M,-1.300M,-0.786M,2023-08-02 14:30:00
USD,1.0,Crude Oil Imports,-0.391M,0.908M,-1.584M,2023-08-02 14:30:00
USD,1.0,Challenger Job Cuts (Jul),23.697K,,40.709K,2023-08-03 11:30:00
USD,1.0,Challenger Job Cuts (YoY),-8.20%,,25.20%,2023-08-03 11:30:00
USD,2.0,Continuing Jobless Claims,"1,700K","1,700K","1,679K",2023-08-03 12:30:00
USD,3.0,Initial Jobless Claims,227K,227K,221K,2023-08-03 12:30:00
USD,1.0,Jobless Claims 4-Week Avg.,228.25K,235.63K,233.75K,2023-08-03 12:30:00
USD,2.0,Nonfarm Productivity (QoQ) (Q2),3.70%,2.00%,-1.20%,2023-08-03 12:30:00
USD,2.0,Unit Labor Costs (QoQ) (Q2),1.60%,2.60%,3.30%,2023-08-03 12:30:00
USD,2.0,S&P Global Composite PMI (Jul),52,52,53.2,2023-08-03 13:45:00
USD,3.0,S&P Global Services PMI (Jul),52.3,52.4,54.4,2023-08-03 13:45:00
USD,1.0,Durables Excluding Defense (MoM) (Jun),6.00%,,6.20%,2023-08-03 14:00:00
USD,1.0,Durables Excluding Transport (MoM) (Jun),0.50%,,0.60%,2023-08-03 14:00:00
USD,2.0,Factory Orders (MoM) (Jun),2.30%,2.20%,0.40%,2023-08-03 14:00:00
USD,1.0,Factory orders ex transportation (MoM) (Jun),0.20%,0.40%,-0.40%,2023-08-03 14:00:00
USD,1.0,ISM Non-Manufacturing Business Activity (Jul),57.1,57.2,59.2,2023-08-03 14:00:00
USD,2.0,ISM Non-Manufacturing Employment (Jul),50.7,51.1,53.1,2023-08-03 14:00:00
USD,1.0,ISM Non-Manufacturing New Orders (Jul),55,55.6,55.5,2023-08-03 14:00:00
USD,3.0,ISM Non-Manufacturing PMI (Jul),52.7,53,53.9,2023-08-03 14:00:00
USD,3.0,ISM Non-Manufacturing Prices (Jul),56.8,52.1,54.1,2023-08-03 14:00:00
USD,1.0,Natural Gas Storage,14B,17B,16B,2023-08-03 14:30:00
USD,1.0,4-Week Bill Auction,5.28%,,5.28%,2023-08-03 15:30:00
USD,1.0,8-Week Bill Auction,5.29%,,5.29%,2023-08-03 15:30:00
USD,2.0,Fed's Balance Sheet,"8,207B",,"8,243B",2023-08-03 20:30:00
USD,1.0,Reserve Balances with Federal Reserve Banks,3.217T,,3.167T,2023-08-03 20:30:00
USD,2.0,Average Hourly Earnings (YoY) (YoY) (Jul),4.40%,4.20%,4.40%,2023-08-04 12:30:00
USD,3.0,Average Hourly Earnings (MoM) (Jul),0.40%,0.30%,0.40%,2023-08-04 12:30:00
USD,1.0,Average Weekly Hours (Jul),34.3,34.4,34.4,2023-08-04 12:30:00
USD,1.0,Government Payrolls (Jul),15.0K,,57.0K,2023-08-04 12:30:00
USD,1.0,Manufacturing Payrolls (Jul),-2K,5K,6K,2023-08-04 12:30:00
USD,2.0,Participation Rate (Jul),62.60%,62.60%,62.60%,2023-08-04 12:30:00
USD,3.0,Unemployment Rate (Jul),3.50%,3.60%,3.60%,2023-08-04 12:30:00
USD,2.0,U6 Unemployment Rate (Jul),6.70%,6.80%,6.90%,2023-08-04 12:30:00
USD,2.0,Private Nonfarm Payrolls (Jul),172K,179K,128K,2023-08-04 12:30:00
USD,3.0,Nonfarm Payrolls (Jul),187K,200K,185K,2023-08-04 12:30:00
USD,2.0,U.S. Baker Hughes Total Rig Count,659,,664,2023-08-04 17:00:00
USD,2.0,U.S. Baker Hughes Oil Rig Count,525,,529,2023-08-04 17:00:00
USD,2.0,CFTC Nasdaq 100 speculative net positions,-11.4K,,-10.7K,2023-08-04 20:30:00
USD,1.0,CFTC Soybeans speculative net positions,113.8K,,135.0K,2023-08-04 20:30:00
USD,1.0,CFTC Silver speculative net positions,30.8K,,36.9K,2023-08-04 20:30:00
USD,1.0,CFTC Wheat speculative net positions,-26.1K,,-20.6K,2023-08-04 20:30:00
USD,2.0,CFTC S&P 500 speculative net positions,-200.0K,,-232.6K,2023-08-04 20:30:00
USD,2.0,CFTC Gold speculative net positions,164.9K,,173.6K,2023-08-04 20:30:00
USD,1.0,CFTC Corn speculative net positions,80.1K,,70.5K,2023-08-04 20:30:00
USD,2.0,CFTC Crude Oil speculative net positions,241.9K,,225.2K,2023-08-04 20:30:00
USD,1.0,CFTC Aluminium speculative net positions,6.8K,,6.8K,2023-08-04 20:30:00
USD,1.0,CFTC Copper speculative net positions,10.7K,,1.2K,2023-08-04 20:30:00
USD,1.0,CFTC Natural Gas speculative net positions,-107.0K,,-97.1K,2023-08-04 20:30:00
USD,2.0,FOMC Member Harker Speaks,,,,2023-08-07 12:15:00
USD,2.0,FOMC Member Bowman Speaks,,,,2023-08-07 12:30:00
USD,2.0,FOMC Member Bostic Speaks,,,,2023-08-07 12:30:00
USD,1.0,CB Employment Trends Index (Jul),115.45,115.31,113.56,2023-08-07 14:00:00
USD,1.0,3-Month Bill Auction,5.29%,,5.28%,2023-08-07 15:30:00
USD,1.0,6-Month Bill Auction,5.27%,,5.27%,2023-08-07 15:30:00
USD,2.0,Consumer Credit (Jun),17.85B,13.00B,9.46B,2023-08-07 19:00:00
USD,1.0,NFIB Small Business Optimism (Jul),91.9,90.6,91,2023-08-08 10:00:00
USD,2.0,FOMC Member Harker Speaks,,,,2023-08-08 12:15:00
USD,1.0,FOMC Member Barkin Speaks,,,,2023-08-08 12:30:00
USD,2.0,Imports,313.00B,,316.10B,2023-08-08 12:30:00
USD,2.0,Trade Balance (Jun),-65.50B,-65.00B,-68.30B,2023-08-08 12:30:00
USD,2.0,Exports,247.50B,,247.10B,2023-08-08 12:30:00
USD,1.0,Wholesale Trade Sales (MoM) (Jun),-0.70%,0.30%,-0.50%,2023-08-08 14:00:00
USD,1.0,IBD/TIPP Economic Optimism,40.3,43,41.3,2023-08-08 14:00:00
USD,1.0,Redbook (YoY),0.30%,,0.10%,2023-08-08 14:00:00
USD,1.0,Wholesale Inventories (MoM) (Jun),-0.50%,-0.30%,-0.40%,2023-08-08 14:00:00
USD,1.0,52-Week Bill Auction,5.06%,,5.13%,2023-08-08 15:30:00
USD,2.0,EIA Short-Term Energy Outlook,,,,2023-08-08 16:00:00
USD,2.0,3-Year Note Auction,4.40%,,4.53%,2023-08-08 17:00:00
USD,2.0,API Weekly Crude Oil Stock,4.067M,-0.233M,-15.400M,2023-08-08 20:30:00
USD,1.0,MBA 30-Year Mortgage Rate,7.09%,,6.93%,2023-08-09 11:00:00
USD,1.0,MBA Mortgage Applications (WoW),-3.10%,,-3.00%,2023-08-09 11:00:00
USD,1.0,MBA Purchase Index,149.9,,154.1,2023-08-09 11:00:00
USD,1.0,Mortgage Market Index,194.5,,200.7,2023-08-09 11:00:00
USD,1.0,Mortgage Refinance Index,416.1,,433.6,2023-08-09 11:00:00
USD,1.0,Gasoline Inventories,-2.661M,-0.008M,1.480M,2023-08-09 14:30:00
USD,1.0,EIA Weekly Refinery Utilization Rates (WoW),1.10%,,-0.70%,2023-08-09 14:30:00
USD,1.0,Heating Oil Stockpiles,0.166M,0.361M,0.230M,2023-08-09 14:30:00
USD,1.0,Gasoline Production,0.092M,-0.056M,0.341M,2023-08-09 14:30:00
USD,1.0,Distillate Fuel Production,0.050M,0.000M,0.080M,2023-08-09 14:30:00
USD,2.0,Cushing Crude Oil Inventories,0.159M,-1.783M,-1.259M,2023-08-09 14:30:00
USD,1.0,EIA Refinery Crude Runs (WoW),0.062M,,0.039M,2023-08-09 14:30:00
USD,3.0,Crude Oil Inventories,5.851M,0.567M,-17.049M,2023-08-09 14:30:00
USD,1.0,EIA Weekly Distillates Stocks,-1.706M,0.006M,-0.796M,2023-08-09 14:30:00
USD,1.0,Crude Oil Imports,2.937M,2.173M,-0.391M,2023-08-09 14:30:00
USD,1.0,Thomson Reuters IPSOS PCSI (Aug),52.24,,54.41,2023-08-09 15:00:00
USD,3.0,10-Year Note Auction,4.00%,,3.86%,2023-08-09 17:00:00
USD,2.0,OPEC Monthly Report,,,,2023-08-10 11:00:00
USD,3.0,CPI (YoY) (Jul),3.20%,3.30%,3.00%,2023-08-10 12:30:00
USD,3.0,Initial Jobless Claims,248K,230K,227K,2023-08-10 12:30:00
USD,2.0,Continuing Jobless Claims,"1,684K","1,710K","1,692K",2023-08-10 12:30:00
USD,3.0,Core CPI (MoM) (Jul),0.20%,0.20%,0.20%,2023-08-10 12:30:00
USD,2.0,Core CPI (YoY) (Jul),4.70%,4.80%,4.80%,2023-08-10 12:30:00
USD,1.0,Core CPI Index (Jul),308.8,308.33,308.31,2023-08-10 12:30:00
USD,3.0,CPI (MoM) (Jul),0.20%,0.20%,0.20%,2023-08-10 12:30:00
USD,1.0,"CPI Index, n.s.a. (Jul)",305.69,305.84,305.11,2023-08-10 12:30:00
USD,1.0,"CPI Index, s.a (Jul)",304.35,,303.84,2023-08-10 12:30:00
USD,1.0,"CPI, n.s.a (MoM) (Jul)",0.19%,,0.32%,2023-08-10 12:30:00
USD,1.0,Real Earnings (MoM) (Jul),0.00%,-0.10%,0.60%,2023-08-10 12:30:00
USD,1.0,Jobless Claims 4-Week Avg.,231.00K,231.01K,228.25K,2023-08-10 12:30:00
USD,1.0,Natural Gas Storage,29B,25B,14B,2023-08-10 14:30:00
USD,1.0,Cleveland CPI (MoM) (Jul),0.20%,0.40%,0.40%,2023-08-10 15:00:00
USD,1.0,4-Week Bill Auction,5.28%,,5.28%,2023-08-10 15:30:00
USD,1.0,8-Week Bill Auction,5.28%,,5.29%,2023-08-10 15:30:00
USD,3.0,30-Year Bond Auction,4.19%,,3.91%,2023-08-10 17:01:00
USD,2.0,Federal Budget Balance (Jul),-221.0B,-109.3B,-228.0B,2023-08-10 18:00:00
USD,2.0,FOMC Member Harker Speaks,,,,2023-08-10 19:00:00
USD,2.0,FOMC Member Bostic Speaks,,,,2023-08-10 19:00:00
USD,2.0,FOMC Member Harker Speaks,,,,2023-08-10 20:15:00
USD,2.0,Fed's Balance Sheet,"8,208B",,"8,207B",2023-08-10 20:30:00
USD,1.0,Reserve Balances with Federal Reserve Banks,3.229T,,3.217T,2023-08-10 20:30:00
USD,2.0,IEA Monthly Report,,,,2023-08-11 08:00:00
USD,3.0,PPI (MoM) (Jul),0.30%,0.20%,0.00%,2023-08-11 12:30:00
USD,1.0,PPI (YoY) (Jul),0.80%,0.70%,0.20%,2023-08-11 12:30:00
USD,2.0,Core PPI (MoM) (Jul),0.30%,0.20%,-0.10%,2023-08-11 12:30:00
USD,1.0,Core PPI (YoY) (Jul),2.40%,2.30%,2.40%,2023-08-11 12:30:00
USD,1.0,PPI ex. Food/Energy/Transport (MoM) (Jul),0.20%,0.10%,0.10%,2023-08-11 12:30:00
USD,1.0,PPI ex. Food/Energy/Transport (YoY) (Jul),2.70%,,2.70%,2023-08-11 12:30:00
USD,2.0,Michigan 1-Year Inflation Expectations (Aug),3.30%,3.80%,3.40%,2023-08-11 14:00:00
USD,2.0,Michigan 5-Year Inflation Expectations (Aug),2.90%,3.00%,3.00%,2023-08-11 14:00:00
USD,2.0,Michigan Consumer Expectations (Aug),67.3,68.1,68.3,2023-08-11 14:00:00
USD,2.0,Michigan Consumer Sentiment (Aug),71.2,71,71.6,2023-08-11 14:00:00
USD,1.0,Michigan Current Conditions (Aug),77.4,76.9,76.6,2023-08-11 14:00:00
USD,2.0,WASDE Report,,,,2023-08-11 16:00:00
USD,2.0,U.S. Baker Hughes Oil Rig Count,525,,525,2023-08-11 17:00:00
USD,2.0,U.S. Baker Hughes Total Rig Count,654,,659,2023-08-11 17:00:00
USD,1.0,CFTC Wheat speculative net positions,-22.8K,,-26.1K,2023-08-11 20:30:00
USD,2.0,CFTC S&P 500 speculative net positions,-159.6K,,-200.0K,2023-08-11 20:30:00
USD,1.0,CFTC Soybeans speculative net positions,83.5K,,113.8K,2023-08-11 20:30:00
USD,1.0,CFTC Silver speculative net positions,13.3K,,30.8K,2023-08-11 20:30:00
USD,2.0,CFTC Nasdaq 100 speculative net positions,-10.9K,,-11.4K,2023-08-11 20:30:00
USD,1.0,CFTC Natural Gas speculative net positions,-107.8K,,-107.0K,2023-08-11 20:30:00
USD,2.0,CFTC Crude Oil speculative net positions,255.9K,,241.9K,2023-08-11 20:30:00
USD,1.0,CFTC Corn speculative net positions,25.7K,,80.1K,2023-08-11 20:30:00
USD,1.0,CFTC Copper speculative net positions,-10.1K,,10.7K,2023-08-11 20:30:00
USD,1.0,CFTC Aluminium speculative net positions,5.8K,,6.8K,2023-08-11 20:30:00
USD,2.0,CFTC Gold speculative net positions,143.0K,,164.9K,2023-08-11 20:30:00
USD,2.0,NY Fed 1-Year Consumer Inflation Expectations,3.50%,,3.80%,2023-08-14 15:00:00
USD,1.0,3-Month Bill Auction,5.30%,,5.29%,2023-08-14 15:30:00
USD,1.0,6-Month Bill Auction,5.29%,,5.27%,2023-08-14 15:30:00
USD,2.0,Retail Control (MoM) (Jul),1.00%,0.20%,0.50%,2023-08-15 12:30:00
USD,1.0,Retail Sales Ex Gas/Autos (MoM) (Jul),1.00%,0.10%,0.40%,2023-08-15 12:30:00
USD,3.0,Retail Sales (MoM) (Jul),0.70%,0.40%,0.30%,2023-08-15 12:30:00
USD,1.0,Retail Sales (YoY) (Jul),3.17%,1.50%,1.59%,2023-08-15 12:30:00
USD,2.0,NY Empire State Manufacturing Index (Aug),-19,-1,1.1,2023-08-15 12:30:00
USD,3.0,Core Retail Sales (MoM) (Jul),1.00%,-0.30%,0.20%,2023-08-15 12:30:00
USD,1.0,Import Price Index (YoY),-4.40%,-6.50%,-6.10%,2023-08-15 12:30:00
USD,2.0,Import Price Index (MoM) (Jul),0.40%,0.20%,-0.10%,2023-08-15 12:30:00
USD,1.0,Export Price Index (YoY),-7.90%,-14.10%,-12.00%,2023-08-15 12:30:00
USD,2.0,Export Price Index (MoM) (Jul),0.70%,0.20%,-0.70%,2023-08-15 12:30:00
USD,1.0,Import Price Index ex Petroleum (MoM),0.00%,,-0.30%,2023-08-15 12:30:00
USD,1.0,Redbook (YoY),0.70%,,0.30%,2023-08-15 12:55:00
USD,2.0,Business Inventories (MoM) (Jun),0.00%,0.10%,0.20%,2023-08-15 14:00:00
USD,1.0,NAHB Housing Market Index (Aug),50,56,56,2023-08-15 14:00:00
USD,2.0,Retail Inventories Ex Auto (Jun),0.30%,0.40%,-0.10%,2023-08-15 14:00:00
USD,2.0,FOMC Member Kashkari Speaks,,,,2023-08-15 15:00:00
USD,1.0,TIC Net Long-Term Transactions including Swaps (Jun),195.90B,114.50B,23.60B,2023-08-15 20:00:00
USD,2.0,TIC Net Long-Term Transactions (Jun),195.9B,107.2B,23.6B,2023-08-15 20:00:00
USD,1.0,"US Foreign Buying, T-bonds (Jun)",66.40B,49.90B,34.30B,2023-08-15 20:00:00
USD,1.0,Overall Net Capital Flow (Jun),147.80B,42.80B,-161.60B,2023-08-15 20:00:00
USD,2.0,API Weekly Crude Oil Stock,-6.195M,-2.050M,4.067M,2023-08-15 20:30:00
USD,1.0,Mortgage Refinance Index,408.4,,416.1,2023-08-16 11:00:00
USD,1.0,MBA 30-Year Mortgage Rate,7.16%,,7.09%,2023-08-16 11:00:00
USD,1.0,MBA Mortgage Applications (WoW),-0.80%,,-3.10%,2023-08-16 11:00:00
USD,1.0,MBA Purchase Index,149.5,,149.9,2023-08-16 11:00:00
USD,1.0,Mortgage Market Index,193,,194.5,2023-08-16 11:00:00
USD,2.0,Housing Starts (Jul),1.452M,1.448M,1.398M,2023-08-16 12:30:00
USD,2.0,Housing Starts (MoM) (Jul),3.90%,2.70%,-11.70%,2023-08-16 12:30:00
USD,2.0,Building Permits (Jul),1.442M,1.463M,1.441M,2023-08-16 12:30:00
USD,1.0,Building Permits (MoM) (Jul),0.10%,-1.70%,-3.70%,2023-08-16 12:30:00
USD,1.0,Capacity Utilization Rate (Jul),79.30%,79.10%,78.60%,2023-08-16 13:15:00
USD,2.0,Industrial Production (MoM) (Jul),1.00%,0.30%,-0.80%,2023-08-16 13:15:00
USD,2.0,Industrial Production (YoY) (Jul),-0.23%,-0.10%,-0.78%,2023-08-16 13:15:00
USD,1.0,Manufacturing Production (MoM) (Jul),0.50%,0.00%,-0.50%,2023-08-16 13:15:00
USD,1.0,Gasoline Inventories,-0.261M,-1.260M,-2.661M,2023-08-16 14:30:00
USD,1.0,EIA Weekly Refinery Utilization Rates (WoW),0.90%,,1.10%,2023-08-16 14:30:00
USD,1.0,Heating Oil Stockpiles,-0.101M,0.038M,0.166M,2023-08-16 14:30:00
USD,1.0,EIA Weekly Distillates Stocks,0.296M,-0.473M,-1.706M,2023-08-16 14:30:00
USD,1.0,Gasoline Production,-0.336M,0.081M,0.092M,2023-08-16 14:30:00
USD,2.0,Cushing Crude Oil Inventories,-0.837M,0.131M,0.159M,2023-08-16 14:30:00
USD,1.0,Crude Oil Imports,-1.763M,0.374M,2.937M,2023-08-16 14:30:00
USD,1.0,EIA Refinery Crude Runs (WoW),0.167M,,0.062M,2023-08-16 14:30:00
USD,3.0,Crude Oil Inventories,-5.960M,-2.320M,5.851M,2023-08-16 14:30:00
USD,1.0,Distillate Fuel Production,-0.182M,0.041M,0.050M,2023-08-16 14:30:00
USD,3.0,FOMC Meeting Minutes,,,,2023-08-16 18:00:00
USD,2.0,Philly Fed Employment (Aug),-6,-0.7,-1,2023-08-17 12:30:00
USD,2.0,Continuing Jobless Claims,"1,716K","1,700K","1,684K",2023-08-17 12:30:00
USD,3.0,Initial Jobless Claims,239K,240K,250K,2023-08-17 12:30:00
USD,1.0,Jobless Claims 4-Week Avg.,234.25K,229.63K,231.50K,2023-08-17 12:30:00
USD,3.0,Philadelphia Fed Manufacturing Index (Aug),12,-10,-13.5,2023-08-17 12:30:00
USD,1.0,Philly Fed Business Conditions (Aug),3.9,31.6,29.1,2023-08-17 12:30:00
USD,1.0,Philly Fed CAPEX Index (Aug),-4.5,9.2,8.6,2023-08-17 12:30:00
USD,1.0,Philly Fed New Orders (Aug),16,-13.5,-15.9,2023-08-17 12:30:00
USD,1.0,Philly Fed Prices Paid (Aug),20.8,10.1,9.5,2023-08-17 12:30:00
USD,2.0,US Leading Index (MoM) (Jul),-0.40%,-0.40%,-0.70%,2023-08-17 14:00:00
USD,1.0,Natural Gas Storage,35B,34B,29B,2023-08-17 14:30:00
USD,1.0,4-Week Bill Auction,5.28%,,5.28%,2023-08-17 15:30:00
USD,1.0,8-Week Bill Auction,5.28%,,5.28%,2023-08-17 15:30:00
USD,1.0,Reserve Balances with Federal Reserve Banks,3.229T,,3.229T,2023-08-17 20:30:00
USD,2.0,Fed's Balance Sheet,"8,146B",,"8,208B",2023-08-17 20:30:00
USD,2.0,U.S. Baker Hughes Total Rig Count,642,,654,2023-08-18 17:00:00
USD,2.0,U.S. Baker Hughes Oil Rig Count,520,,525,2023-08-18 17:00:00
USD,2.0,CFTC S&P 500 speculative net positions,-118.4K,,-159.6K,2023-08-18 20:30:00
USD,1.0,CFTC Natural Gas speculative net positions,-95.2K,,-107.8K,2023-08-18 20:30:00
USD,2.0,CFTC Nasdaq 100 speculative net positions,5.2K,,-10.9K,2023-08-18 20:30:00
USD,1.0,CFTC Corn speculative net positions,-27.0K,,25.7K,2023-08-18 20:30:00
USD,2.0,CFTC Crude Oil speculative net positions,242.1K,,255.9K,2023-08-18 20:30:00
USD,1.0,CFTC Soybeans speculative net positions,65.3K,,83.5K,2023-08-18 20:30:00
USD,1.0,CFTC Copper speculative net positions,-25.7K,,-10.1K,2023-08-18 20:30:00
USD,1.0,CFTC Aluminium speculative net positions,5.9K,,5.8K,2023-08-18 20:30:00
USD,2.0,CFTC Gold speculative net positions,121.1K,,143.0K,2023-08-18 20:30:00
USD,1.0,CFTC Wheat speculative net positions,-31.9K,,-22.8K,2023-08-18 20:30:00
USD,1.0,CFTC Silver speculative net positions,7.9K,,13.3K,2023-08-18 20:30:00
USD,1.0,6-Month Bill Auction,5.30%,,5.29%,2023-08-21 15:30:00
USD,1.0,3-Month Bill Auction,5.30%,,5.30%,2023-08-21 15:30:00
USD,1.0,FOMC Member Barkin Speaks,,,,2023-08-22 11:30:00
USD,1.0,Redbook (YoY),2.90%,,0.70%,2023-08-22 12:55:00
USD,3.0,Existing Home Sales (Jul),4.07M,4.15M,4.16M,2023-08-22 14:00:00
USD,2.0,Existing Home Sales (MoM) (Jul),-2.20%,,-3.30%,2023-08-22 14:00:00
USD,1.0,Richmond Manufacturing Index (Aug),-7,-7,-9,2023-08-22 14:00:00
USD,1.0,Richmond Manufacturing Shipments (Aug),-5,,-6,2023-08-22 14:00:00
USD,1.0,Richmond Services Index (Aug),4,-4,-2,2023-08-22 14:00:00
USD,1.0,M2 Money Supply (MoM) (Jul),20.90T,,20.81T,2023-08-22 17:00:00
USD,1.0,Fed Goolsbee Speaks,,,,2023-08-22 18:30:00
USD,2.0,FOMC Member Bowman Speaks,,,,2023-08-22 18:30:00
USD,2.0,API Weekly Crude Oil Stock,-2.418M,-2.900M,-6.195M,2023-08-22 20:30:00
USD,1.0,Mortgage Refinance Index,397.1,,408.4,2023-08-23 11:00:00
USD,1.0,MBA 30-Year Mortgage Rate,7.31%,,7.16%,2023-08-23 11:00:00
USD,1.0,MBA Mortgage Applications (WoW),-4.20%,,-0.80%,2023-08-23 11:00:00
USD,1.0,MBA Purchase Index,142,,149.5,2023-08-23 11:00:00
USD,1.0,Mortgage Market Index,184.8,,193,2023-08-23 11:00:00
USD,1.0,Building Permits (MoM) (Jul),0.10%,0.10%,-3.70%,2023-08-23 12:00:00
USD,2.0,Building Permits (Jul),1.443M,1.442M,1.441M,2023-08-23 12:00:00
USD,2.0,S&P Global Composite PMI (Aug),50.4,52,52,2023-08-23 13:45:00
USD,3.0,S&P Global Services PMI (Aug),51,52.3,52.3,2023-08-23 13:45:00
USD,3.0,S&P Global US Manufacturing PMI (Aug),47,49.3,49,2023-08-23 13:45:00
USD,3.0,New Home Sales (Jul),714K,705K,684K,2023-08-23 14:00:00
USD,2.0,New Home Sales (MoM) (Jul),4.40%,0.20%,-2.80%,2023-08-23 14:00:00
USD,1.0,"Payrolls Benchmark, n.s.a.",-306.00K,,506.00K,2023-08-23 14:00:00
USD,1.0,Gasoline Inventories,1.467M,-0.888M,-0.261M,2023-08-23 14:30:00
USD,1.0,EIA Weekly Refinery Utilization Rates (WoW),-0.20%,,0.90%,2023-08-23 14:30:00
USD,1.0,Heating Oil Stockpiles,0.502M,0.183M,-0.101M,2023-08-23 14:30:00
USD,1.0,Gasoline Production,0.130M,0.015M,-0.336M,2023-08-23 14:30:00
USD,1.0,Distillate Fuel Production,0.337M,0.011M,-0.182M,2023-08-23 14:30:00
USD,1.0,EIA Weekly Distillates Stocks,0.945M,0.218M,0.296M,2023-08-23 14:30:00
USD,1.0,Crude Oil Imports,0.116M,-2.270M,-1.763M,2023-08-23 14:30:00
USD,1.0,EIA Refinery Crude Runs (WoW),0.030M,,0.167M,2023-08-23 14:30:00
USD,3.0,Crude Oil Inventories,-6.135M,-2.850M,-5.960M,2023-08-23 14:30:00
USD,2.0,Cushing Crude Oil Inventories,-3.133M,-0.906M,-0.837M,2023-08-23 14:30:00
USD,2.0,20-Year Bond Auction,4.50%,,4.04%,2023-08-23 17:00:00
USD,2.0,Jackson Hole Symposium,,,,2023-08-24 12:00:00
USD,1.0,Durables Excluding Defense (MoM) (Jul),-5.40%,,5.90%,2023-08-24 12:30:00
USD,3.0,Initial Jobless Claims,230K,240K,240K,2023-08-24 12:30:00
USD,1.0,Goods Orders Non Defense Ex Air (MoM),0.10%,0.10%,-0.40%,2023-08-24 12:30:00
USD,3.0,Durable Goods Orders (MoM) (Jul),-5.20%,-4.00%,4.40%,2023-08-24 12:30:00
USD,1.0,Jobless Claims 4-Week Avg.,236.75K,232.63K,234.50K,2023-08-24 12:30:00
USD,2.0,Continuing Jobless Claims,"1,702K","1,708K","1,711K",2023-08-24 12:30:00
USD,1.0,Chicago Fed National Activity (Jul),0.12,,-0.33,2023-08-24 12:30:00
USD,2.0,Core Durable Goods Orders (MoM) (Jul),0.50%,0.20%,0.20%,2023-08-24 12:30:00
USD,1.0,Natural Gas Storage,18B,33B,35B,2023-08-24 14:30:00
USD,1.0,KC Fed Manufacturing Index (Aug),12,,-20,2023-08-24 15:00:00
USD,1.0,KC Fed Composite Index (Aug),0,,-11,2023-08-24 15:00:00
USD,1.0,8-Week Bill Auction,5.29%,,5.28%,2023-08-24 15:30:00
USD,1.0,4-Week Bill Auction,5.29%,,5.28%,2023-08-24 15:30:00
USD,2.0,30-Year TIPS Auction,1.97%,,1.55%,2023-08-24 17:00:00
USD,2.0,Fed's Balance Sheet,"8,139B",,"8,146B",2023-08-24 20:30:00
USD,1.0,Reserve Balances with Federal Reserve Banks,3.177T,,3.229T,2023-08-24 20:30:00
USD,2.0,Jackson Hole Symposium,,,,2023-08-25 12:00:00
USD,2.0,Michigan 1-Year Inflation Expectations (Aug),3.50%,3.30%,3.40%,2023-08-25 14:00:00
USD,2.0,Michigan 5-Year Inflation Expectations (Aug),3.00%,2.90%,3.00%,2023-08-25 14:00:00
USD,2.0,Michigan Consumer Expectations (Aug),65.5,67.3,68.3,2023-08-25 14:00:00
USD,2.0,Michigan Consumer Sentiment (Aug),69.5,71.2,71.6,2023-08-25 14:00:00
USD,1.0,Michigan Current Conditions (Aug),75.7,77.4,76.6,2023-08-25 14:00:00
USD,3.0,Fed Chair Powell Speaks,,,,2023-08-25 14:05:00
USD,2.0,U.S. Baker Hughes Total Rig Count,632,,642,2023-08-25 17:00:00
USD,2.0,U.S. Baker Hughes Oil Rig Count,512,,520,2023-08-25 17:00:00
USD,1.0,CFTC Aluminium speculative net positions,5.9K,,5.9K,2023-08-25 20:30:00
USD,1.0,CFTC Copper speculative net positions,-24.6K,,-25.7K,2023-08-25 20:30:00
USD,1.0,CFTC Corn speculative net positions,-51.5K,,-27.0K,2023-08-25 20:30:00
USD,2.0,CFTC Crude Oil speculative net positions,234.4K,,242.1K,2023-08-25 20:30:00
USD,2.0,CFTC Gold speculative net positions,101.9K,,121.1K,2023-08-25 20:30:00
USD,2.0,CFTC Nasdaq 100 speculative net positions,13.8K,,5.2K,2023-08-25 20:30:00
USD,1.0,CFTC Natural Gas speculative net positions,-107.3K,,-95.2K,2023-08-25 20:30:00
USD,2.0,CFTC S&P 500 speculative net positions,-133.5K,,-118.4K,2023-08-25 20:30:00
USD,1.0,CFTC Soybeans speculative net positions,66.1K,,65.3K,2023-08-25 20:30:00
USD,1.0,CFTC Silver speculative net positions,12.9K,,7.9K,2023-08-25 20:30:00
USD,1.0,CFTC Wheat speculative net positions,-34.8K,,-31.9K,2023-08-25 20:30:00
USD,1.0,Jackson Hole Symposium,,,,2023-08-26 12:00:00
USD,1.0,Dallas Fed Mfg Business Index (Aug),-17.2,-21.6,-20,2023-08-28 14:30:00
USD,2.0,2-Year Note Auction,5.02%,,4.82%,2023-08-28 15:30:00
USD,1.0,6-Month Bill Auction,5.35%,,5.30%,2023-08-28 15:30:00
USD,1.0,3-Month Bill Auction,5.34%,,5.30%,2023-08-28 17:00:00
USD,2.0,5-Year Note Auction,4.40%,,4.17%,2023-08-28 17:00:00
USD,1.0,Redbook (YoY),4.20%,,2.90%,2023-08-29 12:55:00
USD,2.0,S&P/CS HPI Composite - 20 n.s.a. (YoY) (Jun),-1.20%,-1.30%,-1.70%,2023-08-29 13:00:00
USD,2.0,S&P/CS HPI Composite - 20 n.s.a. (MoM) (Jun),0.90%,0.60%,1.50%,2023-08-29 13:00:00
USD,1.0,S&P/CS HPI Composite - 20 s.a. (MoM) (Jun),0.90%,1.20%,1.00%,2023-08-29 13:00:00
USD,1.0,House Price Index (MoM) (Jun),0.30%,0.20%,0.70%,2023-08-29 13:00:00
USD,1.0,House Price Index (YoY) (Jun),3.10%,,2.90%,2023-08-29 13:00:00
USD,1.0,House Price Index (Jun),405.8,,404.4,2023-08-29 13:00:00
USD,3.0,CB Consumer Confidence (Aug),106.1,116,114,2023-08-29 14:00:00
USD,3.0,JOLTs Job Openings (Jul),8.827M,9.465M,9.165M,2023-08-29 14:00:00
USD,1.0,Texas Services Sector Outlook (Aug),-2.7,-6.1,-4.2,2023-08-29 14:30:00
USD,1.0,Dallas Fed Services Revenues (Aug),16.2,6.8,12.9,2023-08-29 14:30:00
USD,2.0,7-Year Note Auction,4.21%,,4.09%,2023-08-29 17:00:00
USD,2.0,API Weekly Crude Oil Stock,-11.486M,-2.900M,-2.418M,2023-08-29 20:30:00
USD,1.0,MBA 30-Year Mortgage Rate,7.31%,,7.31%,2023-08-30 11:00:00
USD,1.0,MBA Mortgage Applications (WoW),2.30%,,-4.20%,2023-08-30 11:00:00
USD,1.0,MBA Purchase Index,144.9,,142,2023-08-30 11:00:00
USD,1.0,Mortgage Market Index,189,,184.8,2023-08-30 11:00:00
USD,1.0,Mortgage Refinance Index,407.1,,397.1,2023-08-30 11:00:00
USD,3.0,ADP Nonfarm Employment Change (Aug),177K,195K,371K,2023-08-30 12:15:00
USD,2.0,GDP Price Index (QoQ) (Q2),2.00%,2.20%,4.10%,2023-08-30 12:30:00
USD,1.0,Wholesale Inventories (MoM),-0.10%,-0.40%,-0.70%,2023-08-30 12:30:00
USD,2.0,Retail Inventories Ex Auto (Jul),0.10%,,0.20%,2023-08-30 12:30:00
USD,1.0,Real Consumer Spending (Q2),1.70%,1.60%,4.20%,2023-08-30 12:30:00
USD,1.0,PCE Prices (Q2),2.50%,2.60%,4.10%,2023-08-30 12:30:00
USD,2.0,Goods Trade Balance (Jul),-91.18B,-89.94B,-88.83B,2023-08-30 12:30:00
USD,3.0,GDP (QoQ) (Q2),2.10%,2.40%,2.00%,2023-08-30 12:30:00
USD,1.0,Corporate Profits (QoQ) (Q2),1.60%,-5.90%,-5.90%,2023-08-30 12:30:00
USD,2.0,Core PCE Prices (Q2),3.70%,3.80%,4.90%,2023-08-30 12:30:00
USD,1.0,GDP Sales (Q2),2.20%,2.30%,4.20%,2023-08-30 12:30:00
USD,2.0,Pending Home Sales (MoM) (Jul),0.90%,-0.60%,0.40%,2023-08-30 14:00:00
USD,1.0,Pending Home Sales Index (Jul),77.6,,76.9,2023-08-30 14:00:00
USD,1.0,Gasoline Production,0.290M,-0.073M,0.130M,2023-08-30 14:30:00
USD,1.0,EIA Weekly Distillates Stocks,1.235M,0.189M,0.945M,2023-08-30 14:30:00
USD,1.0,Heating Oil Stockpiles,0.170M,0.197M,0.502M,2023-08-30 14:30:00
USD,1.0,Distillate Fuel Production,-0.043M,0.006M,0.337M,2023-08-30 14:30:00
USD,1.0,EIA Weekly Refinery Utilization Rates (WoW),-1.20%,,-0.20%,2023-08-30 14:30:00
USD,1.0,Crude Oil Imports,-0.586M,-1.555M,0.116M,2023-08-30 14:30:00
USD,1.0,EIA Refinery Crude Runs (WoW),-0.173M,,0.030M,2023-08-30 14:30:00
USD,3.0,Crude Oil Inventories,-10.584M,-3.267M,-6.135M,2023-08-30 14:30:00
USD,1.0,Gasoline Inventories,-0.214M,-0.933M,1.467M,2023-08-30 14:30:00
USD,2.0,Cushing Crude Oil Inventories,-1.504M,-2.440M,-3.133M,2023-08-30 14:30:00
USD,1.0,Challenger Job Cuts (YoY),266.90%,,-8.20%,2023-08-31 11:30:00
USD,1.0,Challenger Job Cuts (Aug),75.151K,,23.697K,2023-08-31 11:30:00
USD,2.0,Continuing Jobless Claims,"1,725K","1,703K","1,697K",2023-08-31 12:30:00
USD,2.0,Personal Spending (MoM) (Jul),0.80%,0.70%,0.60%,2023-08-31 12:30:00
USD,1.0,Personal Income (MoM) (Jul),0.20%,0.30%,0.30%,2023-08-31 12:30:00
USD,2.0,PCE Price index (YoY) (Jul),3.30%,3.30%,3.00%,2023-08-31 12:30:00
USD,3.0,Core PCE Price Index (MoM) (Jul),0.20%,0.20%,0.20%,2023-08-31 12:30:00
USD,1.0,Jobless Claims 4-Week Avg.,237.50K,235.51K,237.25K,2023-08-31 12:30:00
USD,3.0,Initial Jobless Claims,228K,235K,232K,2023-08-31 12:30:00
USD,3.0,Core PCE Price Index (YoY) (Jul),4.20%,4.20%,4.10%,2023-08-31 12:30:00
USD,2.0,PCE price index (MoM) (Jul),0.20%,0.20%,0.20%,2023-08-31 12:30:00
USD,1.0,Real Personal Consumption (MoM) (Jul),0.60%,0.00%,0.40%,2023-08-31 12:30:00
USD,1.0,Fed Collins Speaks,,,,2023-08-31 13:00:00
USD,3.0,Chicago PMI (Aug),48.7,44.1,42.8,2023-08-31 13:45:00
USD,1.0,Natural Gas Storage,32B,25B,18B,2023-08-31 14:30:00
USD,1.0,4-Week Bill Auction,5.28%,,5.29%,2023-08-31 15:30:00
USD,1.0,8-Week Bill Auction,5.29%,,5.29%,2023-08-31 15:30:00
USD,1.0,Dallas Fed PCE (Jul),2.40%,,2.60%,2023-08-31 16:41:00
USD,1.0,Reserve Balances with Federal Reserve Banks,3.196T,,3.177T,2023-08-31 20:30:00
USD,2.0,Fed's Balance Sheet,"8,121B",,"8,139B",2023-08-31 20:30:00
USD,1.0,OPEC Crude Oil Production Congo (Barrel),0.27M,,0.26M,2023-08-31 21:21:00
USD,1.0,OPEC Crude Oil Production Algeria (Barrel),0.96M,,0.96M,2023-08-31 21:21:00
USD,1.0,OPEC Crude oil Production UAE (Barrel),2.90M,,2.89M,2023-08-31 21:21:00
USD,1.0,OPEC Crude oil Production Saudi Arabia (Barrel),9.02M,,10.00M,2023-08-31 21:21:00
USD,1.0,OPEC Crude Oil Production Nigeria (Barrel),1.26M,,1.30M,2023-08-31 21:21:00
USD,1.0,OPEC Crude oil Production Venezuela (Barrel),0.77M,,0.77M,2023-08-31 21:21:00
USD,1.0,OPEC Crude Oil Production Kuwait (Barrel),2.56M,,2.55M,2023-08-31 21:21:00
USD,1.0,OPEC Crude oil Production Iraq (Barrel),4.20M,,4.18M,2023-08-31 21:21:00
USD,1.0,OPEC Crude oil Production Iran (Barrel),2.83M,,2.75M,2023-08-31 21:21:00
USD,1.0,OPEC Crude Oil Production Guinea (Barrel),0.06M,,0.06M,2023-08-31 21:21:00
USD,1.0,OPEC Crude Oil Production Libya (Barrel),1.11M,,1.16M,2023-08-31 21:21:00
USD,1.0,OPEC Crude Oil Production Gabon (Barrel),0.21M,,0.21M,2023-08-31 21:21:00
USD,3.0,Unemployment Rate (Aug),3.80%,3.50%,3.50%,2023-09-01 12:30:00
USD,2.0,U6 Unemployment Rate (Aug),7.10%,6.80%,6.70%,2023-09-01 12:30:00
USD,3.0,Average Hourly Earnings (MoM) (Aug),0.20%,0.30%,0.40%,2023-09-01 12:30:00
USD,2.0,Average Hourly Earnings (YoY) (YoY) (Aug),4.30%,4.40%,4.40%,2023-09-01 12:30:00
USD,1.0,Average Weekly Hours (Aug),34.4,34.3,34.3,2023-09-01 12:30:00
USD,1.0,Government Payrolls (Aug),8.0K,-2.0K,2.0K,2023-09-01 12:30:00
USD,1.0,Manufacturing Payrolls (Aug),16K,0K,-4K,2023-09-01 12:30:00
USD,3.0,Nonfarm Payrolls (Aug),187K,170K,157K,2023-09-01 12:30:00
USD,2.0,Private Nonfarm Payrolls (Aug),179K,150K,155K,2023-09-01 12:30:00
USD,2.0,Participation Rate (Aug),62.80%,62.60%,62.60%,2023-09-01 12:30:00
USD,3.0,S&P Global US Manufacturing PMI (Aug),47.9,47,49,2023-09-01 13:45:00
USD,1.0,Total Vehicle Sales,15.00M,15.50M,15.70M,2023-09-01 14:00:00
USD,3.0,ISM Manufacturing Prices (Aug),48.4,43.9,42.6,2023-09-01 14:00:00
USD,3.0,ISM Manufacturing PMI (Aug),47.6,47,46.4,2023-09-01 14:00:00
USD,1.0,ISM Manufacturing New Orders Index (Aug),46.8,,47.3,2023-09-01 14:00:00
USD,2.0,ISM Manufacturing Employment (Aug),48.5,44.2,44.4,2023-09-01 14:00:00
USD,2.0,Construction Spending (MoM) (Jul),0.70%,0.50%,0.60%,2023-09-01 14:00:00
USD,2.0,U.S. Baker Hughes Oil Rig Count,512,,512,2023-09-01 17:00:00
USD,1.0,U.S. Baker Hughes Total Rig Count,631,,632,2023-09-01 17:00:00
USD,1.0,CFTC Copper speculative net positions,-16.6K,,-24.6K,2023-09-01 20:30:00
USD,1.0,CFTC Wheat speculative net positions,-50.3K,,-34.8K,2023-09-01 20:30:00
USD,2.0,CFTC Crude Oil speculative net positions,240.9K,,234.4K,2023-09-01 20:30:00
USD,2.0,CFTC Gold speculative net positions,123.3K,,101.9K,2023-09-01 20:30:00
USD,2.0,CFTC Nasdaq 100 speculative net positions,16.2K,,13.8K,2023-09-01 20:30:00
USD,1.0,CFTC Natural Gas speculative net positions,-116.3K,,-107.3K,2023-09-01 20:30:00
USD,2.0,CFTC S&P 500 speculative net positions,-142.1K,,-133.5K,2023-09-01 20:30:00
USD,1.0,CFTC Silver speculative net positions,27.1K,,12.9K,2023-09-01 20:30:00
USD,1.0,CFTC Soybeans speculative net positions,92.2K,,66.1K,2023-09-01 20:30:00
USD,1.0,CFTC Aluminium speculative net positions,6.0K,,5.9K,2023-09-01 20:30:00
USD,1.0,CFTC Corn speculative net positions,-35.8K,,-51.5K,2023-09-01 20:30:00
USD,1.0,All Truck Sales (Aug),11.99M,,12.60M,2023-09-05 12:15:00
USD,1.0,All Car Sales (Aug),3.05M,,3.14M,2023-09-05 12:15:00
USD,1.0,CB Employment Trends Index (Aug),113.02,,114.71,2023-09-05 14:00:00
USD,1.0,Factory orders ex transportation (MoM) (Jul),0.80%,,0.30%,2023-09-05 14:00:00
USD,1.0,Durables Excluding Transport (MoM) (Jul),0.40%,,0.50%,2023-09-05 14:00:00
USD,1.0,Durables Excluding Defense (MoM) (Jul),-5.50%,,-5.40%,2023-09-05 14:00:00
USD,2.0,Factory Orders (MoM) (Jul),-2.10%,-2.50%,2.30%,2023-09-05 14:00:00
USD,1.0,3-Month Bill Auction,5.32%,,5.34%,2023-09-05 15:30:00
USD,1.0,6-Month Bill Auction,5.30%,,5.35%,2023-09-05 15:30:00
USD,1.0,52-Week Bill Auction,5.12%,,5.06%,2023-09-05 17:00:00
USD,1.0,MBA 30-Year Mortgage Rate,7.21%,,7.31%,2023-09-06 11:00:00
USD,1.0,MBA Mortgage Applications (WoW),-2.90%,,2.30%,2023-09-06 11:00:00
USD,1.0,Mortgage Market Index,183.6,,189,2023-09-06 11:00:00
USD,1.0,Mortgage Refinance Index,388.1,,407.1,2023-09-06 11:00:00
USD,1.0,MBA Purchase Index,141.9,,144.9,2023-09-06 11:00:00
USD,2.0,Exports,251.66B,,247.50B,2023-09-06 12:30:00
USD,1.0,Fed Collins Speaks,,,,2023-09-06 12:30:00
USD,2.0,Imports,316.70B,,313.00B,2023-09-06 12:30:00
USD,2.0,Trade Balance (Jul),-65.00B,-68.00B,-63.70B,2023-09-06 12:30:00
USD,1.0,Redbook (YoY),4.10%,,4.20%,2023-09-06 12:55:00
USD,2.0,S&P Global Composite PMI (Aug),50.2,50.4,52,2023-09-06 13:45:00
USD,3.0,S&P Global Services PMI (Aug),50.5,51,52.3,2023-09-06 13:45:00
USD,1.0,ISM Non-Manufacturing New Orders (Aug),57.5,,55,2023-09-06 14:00:00
USD,2.0,ISM Non-Manufacturing Employment (Aug),54.7,,50.7,2023-09-06 14:00:00
USD,1.0,ISM Non-Manufacturing Business Activity (Aug),57.3,,57.1,2023-09-06 14:00:00
USD,1.0,IBD/TIPP Economic Optimism,43.2,41.1,40.3,2023-09-06 14:00:00
USD,3.0,ISM Non-Manufacturing PMI (Aug),54.5,52.5,52.7,2023-09-06 14:00:00
USD,3.0,ISM Non-Manufacturing Prices (Aug),58.9,,56.8,2023-09-06 14:00:00
USD,2.0,Beige Book,,,,2023-09-06 18:00:00
USD,1.0,Fed Logan Speaks,,,,2023-09-06 19:00:00
USD,2.0,API Weekly Crude Oil Stock,-5.521M,-1.429M,-11.486M,2023-09-06 20:30:00
USD,2.0,Continuing Jobless Claims,"1,679K","1,715K","1,719K",2023-09-07 12:30:00
USD,3.0,Initial Jobless Claims,216K,234K,229K,2023-09-07 12:30:00
USD,1.0,Jobless Claims 4-Week Avg.,229.25K,,237.75K,2023-09-07 12:30:00
USD,2.0,Nonfarm Productivity (QoQ) (Q2),3.50%,3.70%,-2.10%,2023-09-07 12:30:00
USD,2.0,Unit Labor Costs (QoQ) (Q2),2.20%,1.60%,4.20%,2023-09-07 12:30:00
USD,2.0,FOMC Member Harker Speaks,,,,2023-09-07 14:00:00
USD,1.0,Natural Gas Storage,33B,43B,32B,2023-09-07 14:30:00
USD,1.0,EIA Refinery Crude Runs (WoW),0.020M,,-0.173M,2023-09-07 15:00:00
USD,3.0,Crude Oil Inventories,-6.307M,-2.064M,-10.584M,2023-09-07 15:00:00
USD,1.0,Crude Oil Imports,-0.251M,,-0.586M,2023-09-07 15:00:00
USD,2.0,Cushing Crude Oil Inventories,-1.750M,,-1.504M,2023-09-07 15:00:00
USD,1.0,Distillate Fuel Production,-0.006M,,-0.043M,2023-09-07 15:00:00
USD,1.0,EIA Weekly Distillates Stocks,0.679M,0.239M,1.235M,2023-09-07 15:00:00
USD,1.0,Gasoline Production,-0.217M,,0.290M,2023-09-07 15:00:00
USD,1.0,Heating Oil Stockpiles,-0.048M,,0.170M,2023-09-07 15:00:00
USD,1.0,EIA Weekly Refinery Utilization Rates (WoW),-0.20%,,-1.20%,2023-09-07 15:00:00
USD,1.0,Gasoline Inventories,-2.666M,-0.950M,-0.214M,2023-09-07 15:00:00
USD,1.0,8-Week Bill Auction,5.29%,,5.29%,2023-09-07 15:30:00
USD,1.0,4-Week Bill Auction,5.28%,,5.28%,2023-09-07 15:30:00
USD,1.0,Fed Goolsbee Speaks,,,,2023-09-07 15:45:00
USD,2.0,FOMC Member Williams Speaks,,,,2023-09-07 19:30:00
USD,2.0,FOMC Member Bostic Speaks,,,,2023-09-07 19:45:00
USD,2.0,Fed's Balance Sheet,"8,101B",,"8,121B",2023-09-07 20:30:00
USD,1.0,Reserve Balances with Federal Reserve Banks,3.290T,,3.196T,2023-09-07 20:30:00
USD,2.0,FOMC Member Bowman Speaks,,,,2023-09-07 20:55:00
USD,1.0,Fed Logan Speaks,,,,2023-09-07 23:05:00
USD,2.0,Fed Vice Chair for Supervision Barr Speaks,,,,2023-09-08 05:00:00
USD,2.0,Fed Vice Chair for Supervision Barr Speaks,,,,2023-09-08 13:00:00
USD,1.0,Wholesale Inventories (MoM) (Jul),-0.20%,-0.10%,-0.50%,2023-09-08 14:00:00
USD,1.0,Wholesale Trade Sales (MoM) (Jul),0.80%,-0.20%,-0.80%,2023-09-08 14:00:00
USD,2.0,U.S. Baker Hughes Total Rig Count,632,,631,2023-09-08 17:00:00
USD,2.0,U.S. Baker Hughes Oil Rig Count,513,,512,2023-09-08 17:00:00
USD,2.0,Consumer Credit (Jul),10.40B,16.00B,17.85B,2023-09-08 19:00:00
USD,1.0,CFTC Corn speculative net positions,-45.6K,,-35.8K,2023-09-08 20:30:00
USD,2.0,CFTC Crude Oil speculative net positions,299.3K,,240.9K,2023-09-08 20:30:00
USD,2.0,CFTC Gold speculative net positions,138.0K,,123.3K,2023-09-08 20:30:00
USD,2.0,CFTC Nasdaq 100 speculative net positions,13.6K,,16.2K,2023-09-08 20:30:00
USD,1.0,CFTC Natural Gas speculative net positions,-118.3K,,-116.3K,2023-09-08 20:30:00
USD,2.0,CFTC S&P 500 speculative net positions,-144.2K,,-142.1K,2023-09-08 20:30:00
USD,1.0,CFTC Silver speculative net positions,26.8K,,27.1K,2023-09-08 20:30:00
USD,1.0,CFTC Soybeans speculative net positions,87.3K,,92.2K,2023-09-08 20:30:00
USD,1.0,CFTC Wheat speculative net positions,-46.4K,,-50.3K,2023-09-08 20:30:00
USD,1.0,CFTC Aluminium speculative net positions,5.0K,,6.0K,2023-09-08 20:30:00
USD,1.0,CFTC Copper speculative net positions,-6.8K,,-16.6K,2023-09-08 20:30:00
USD,2.0,NY Fed 1-Year Consumer Inflation Expectations,3.63%,,3.55%,2023-09-11 15:00:00
USD,1.0,3-Month Bill Auction,5.32%,,5.32%,2023-09-11 15:30:00
USD,1.0,6-Month Bill Auction,5.30%,,5.30%,2023-09-11 15:30:00
USD,1.0,3-Year Note Auction,4.66%,,4.40%,2023-09-11 17:00:00
USD,1.0,NFIB Small Business Optimism (Aug),91.3,91.6,91.9,2023-09-12 10:00:00
USD,2.0,OPEC Monthly Report,,,,2023-09-12 11:00:00
USD,1.0,Redbook (YoY),4.60%,,4.10%,2023-09-12 14:30:00
USD,2.0,WASDE Report,,,,2023-09-12 16:00:00
USD,2.0,EIA Short-Term Energy Outlook,,,,2023-09-12 16:00:00
USD,3.0,10-Year Note Auction,4.29%,,4.00%,2023-09-12 17:00:00
USD,2.0,API Weekly Crude Oil Stock,1.174M,-2.000M,-5.521M,2023-09-12 20:30:00
USD,2.0,IEA Monthly Report,,,,2023-09-13 08:00:00
USD,1.0,MBA Mortgage Applications (WoW),-0.80%,,-2.90%,2023-09-13 11:00:00
USD,1.0,MBA Purchase Index,143.7,,141.9,2023-09-13 11:00:00
USD,1.0,Mortgage Market Index,182.2,,183.6,2023-09-13 11:00:00
USD,1.0,Mortgage Refinance Index,367,,388.1,2023-09-13 11:00:00
USD,1.0,MBA 30-Year Mortgage Rate,7.27%,,7.21%,2023-09-13 11:00:00
USD,2.0,Core CPI (YoY) (Aug),4.30%,4.30%,4.70%,2023-09-13 12:30:00
USD,3.0,Core CPI (MoM) (Aug),0.30%,0.20%,0.20%,2023-09-13 12:30:00
USD,1.0,Core CPI Index (Aug),309.66,,308.8,2023-09-13 12:30:00
USD,3.0,CPI (YoY) (Aug),3.70%,3.60%,3.20%,2023-09-13 12:30:00
USD,1.0,"CPI Index, n.s.a. (Aug)",307.03,306.98,305.69,2023-09-13 12:30:00
USD,1.0,"CPI Index, s.a (Aug)",306.27,,304.35,2023-09-13 12:30:00
USD,1.0,"CPI, n.s.a (MoM) (Aug)",0.44%,,0.19%,2023-09-13 12:30:00
USD,1.0,Real Earnings (MoM) (Aug),-0.10%,,0.00%,2023-09-13 12:30:00
USD,3.0,CPI (MoM) (Aug),0.60%,0.60%,0.20%,2023-09-13 12:30:00
USD,1.0,Gasoline Inventories,5.560M,0.237M,-2.666M,2023-09-13 14:30:00
USD,1.0,EIA Weekly Refinery Utilization Rates (WoW),0.60%,,-0.20%,2023-09-13 14:30:00
USD,1.0,Heating Oil Stockpiles,0.113M,,-0.048M,2023-09-13 14:30:00
USD,1.0,EIA Weekly Distillates Stocks,3.931M,1.303M,0.679M,2023-09-13 14:30:00
USD,1.0,Gasoline Production,-0.576M,,-0.217M,2023-09-13 14:30:00
USD,2.0,Cushing Crude Oil Inventories,-2.450M,,-1.750M,2023-09-13 14:30:00
USD,1.0,Crude Oil Imports,2.654M,,-0.251M,2023-09-13 14:30:00
USD,1.0,EIA Refinery Crude Runs (WoW),0.177M,,0.020M,2023-09-13 14:30:00
USD,3.0,Crude Oil Inventories,3.954M,-1.912M,-6.307M,2023-09-13 14:30:00
USD,1.0,Distillate Fuel Production,-0.006M,,-0.006M,2023-09-13 14:30:00
USD,1.0,Cleveland CPI (MoM) (Aug),0.30%,,0.20%,2023-09-13 15:00:00
USD,1.0,Thomson Reuters IPSOS PCSI (Sep),52.02,,52.24,2023-09-13 15:00:00
USD,3.0,30-Year Bond Auction,4.35%,,4.19%,2023-09-13 17:00:00
USD,2.0,Federal Budget Balance (Aug),89.3B,-240.0B,-221.0B,2023-09-13 18:00:00
USD,1.0,Retail Sales Ex Gas/Autos (MoM) (Aug),0.20%,0.50%,0.70%,2023-09-14 12:30:00
USD,1.0,Retail Sales (YoY) (Aug),2.47%,,2.64%,2023-09-14 12:30:00
USD,3.0,Retail Sales (MoM) (Aug),0.60%,0.20%,0.50%,2023-09-14 12:30:00
USD,2.0,Retail Control (MoM) (Aug),0.10%,,0.70%,2023-09-14 12:30:00
USD,1.0,PPI (YoY) (Aug),1.60%,1.20%,0.80%,2023-09-14 12:30:00
USD,3.0,PPI (MoM) (Aug),0.70%,0.40%,0.40%,2023-09-14 12:30:00
USD,3.0,Core Retail Sales (MoM) (Aug),0.60%,0.40%,0.70%,2023-09-14 12:30:00
USD,3.0,Initial Jobless Claims,220K,225K,217K,2023-09-14 12:30:00
USD,1.0,Core PPI (YoY) (Aug),2.20%,2.20%,2.40%,2023-09-14 12:30:00
USD,2.0,Core PPI (MoM) (Aug),0.20%,0.20%,0.40%,2023-09-14 12:30:00
USD,2.0,Continuing Jobless Claims,"1,688K","1,695K","1,684K",2023-09-14 12:30:00
USD,1.0,PPI ex. Food/Energy/Transport (YoY) (Aug),3.00%,,2.90%,2023-09-14 12:30:00
USD,1.0,Jobless Claims 4-Week Avg.,224.50K,,229.50K,2023-09-14 12:30:00
USD,1.0,PPI ex. Food/Energy/Transport (MoM) (Aug),0.30%,,0.30%,2023-09-14 12:30:00
USD,2.0,Business Inventories (MoM) (Jul),0.00%,0.10%,-0.10%,2023-09-14 14:00:00
USD,2.0,Retail Inventories Ex Auto (Jul),0.00%,,0.10%,2023-09-14 14:00:00
USD,1.0,Natural Gas Storage,57B,48B,33B,2023-09-14 14:30:00
USD,1.0,4-Week Bill Auction,5.29%,,5.28%,2023-09-14 15:30:00
USD,1.0,8-Week Bill Auction,5.30%,,5.29%,2023-09-14 15:30:00
USD,2.0,Fed's Balance Sheet,"8,099B",,"8,101B",2023-09-14 20:30:00
USD,1.0,Reserve Balances with Federal Reserve Banks,3.310T,,3.290T,2023-09-14 20:30:00
USD,2.0,Export Price Index (MoM) (Aug),1.30%,0.40%,0.50%,2023-09-15 12:30:00
USD,2.0,Import Price Index (MoM) (Aug),0.50%,0.30%,0.10%,2023-09-15 12:30:00
USD,1.0,Import Price Index (YoY),-3.00%,-2.90%,-4.40%,2023-09-15 12:30:00
USD,1.0,Import Price Index ex Petroleum (MoM),0.00%,,0.00%,2023-09-15 12:30:00
USD,2.0,NY Empire State Manufacturing Index (Sep),1.9,-10,-19,2023-09-15 12:30:00
USD,1.0,Export Price Index (YoY),-5.50%,-6.80%,-7.90%,2023-09-15 12:30:00
USD,1.0,Capacity Utilization Rate (Aug),79.70%,79.30%,79.50%,2023-09-15 13:15:00
USD,2.0,Industrial Production (YoY) (Aug),0.25%,,-0.04%,2023-09-15 13:15:00
USD,2.0,Industrial Production (MoM) (Aug),0.40%,0.10%,0.70%,2023-09-15 13:15:00
USD,1.0,Manufacturing Production (MoM) (Aug),0.10%,0.10%,0.40%,2023-09-15 13:15:00
USD,2.0,Michigan 1-Year Inflation Expectations (Sep),3.10%,3.50%,3.50%,2023-09-15 14:00:00
USD,2.0,Michigan Consumer Expectations (Sep),66.3,66,65.5,2023-09-15 14:00:00
USD,2.0,Michigan Consumer Sentiment (Sep),67.7,69.1,69.5,2023-09-15 14:00:00
USD,1.0,Michigan Current Conditions (Sep),69.8,75.3,75.7,2023-09-15 14:00:00
USD,2.0,Michigan 5-Year Inflation Expectations (Sep),2.70%,3.00%,3.00%,2023-09-15 14:00:00
USD,2.0,U.S. Baker Hughes Oil Rig Count,515,,513,2023-09-15 17:00:00
USD,2.0,U.S. Baker Hughes Total Rig Count,641,,632,2023-09-15 17:00:00
USD,1.0,CFTC Natural Gas speculative net positions,-112.0K,,-118.3K,2023-09-15 20:30:00
USD,1.0,CFTC Soybeans speculative net positions,85.2K,,87.3K,2023-09-15 20:30:00
USD,1.0,CFTC Aluminium speculative net positions,5.1K,,5.0K,2023-09-15 20:30:00
USD,1.0,CFTC Copper speculative net positions,-12.3K,,-6.8K,2023-09-15 20:30:00
USD,1.0,CFTC Corn speculative net positions,-88.0K,,-45.6K,2023-09-15 20:30:00
USD,2.0,CFTC Crude Oil speculative net positions,326.9K,,299.3K,2023-09-15 20:30:00
USD,2.0,CFTC S&P 500 speculative net positions,-116.3K,,-144.2K,2023-09-15 20:30:00
USD,1.0,CFTC Silver speculative net positions,18.0K,,26.8K,2023-09-15 20:30:00
USD,2.0,CFTC Nasdaq 100 speculative net positions,9.1K,,13.6K,2023-09-15 20:30:00
USD,1.0,CFTC Wheat speculative net positions,-49.6K,,-46.4K,2023-09-15 20:30:00
USD,2.0,CFTC Gold speculative net positions,123.9K,,138.0K,2023-09-15 20:30:00
USD,1.0,NAHB Housing Market Index (Sep),45,50,50,2023-09-18 14:00:00
USD,1.0,6-Month Bill Auction,5.30%,,5.30%,2023-09-18 15:30:00
USD,1.0,3-Month Bill Auction,5.32%,,5.32%,2023-09-18 15:30:00
USD,1.0,Overall Net Capital Flow (Jul),140.60B,,137.90B,2023-09-18 20:00:00
USD,2.0,TIC Net Long-Term Transactions (Jul),8.8B,116.5B,186.0B,2023-09-18 20:00:00
USD,1.0,TIC Net Long-Term Transactions including Swaps (Jul),8.80B,,186.00B,2023-09-18 20:00:00
USD,1.0,"US Foreign Buying, T-bonds (Jul)",0.20B,,57.30B,2023-09-18 20:00:00
USD,2.0,Building Permits (Aug),1.543M,1.440M,1.443M,2023-09-19 12:30:00
USD,1.0,Building Permits (MoM) (Aug),6.90%,,0.10%,2023-09-19 12:30:00
USD,2.0,Housing Starts (Aug),1.283M,1.440M,1.447M,2023-09-19 12:30:00
USD,2.0,Housing Starts (MoM) (Aug),-11.30%,,2.00%,2023-09-19 12:30:00
USD,1.0,Redbook (YoY),3.60%,,4.60%,2023-09-19 12:55:00
USD,2.0,20-Year Bond Auction,4.59%,,4.50%,2023-09-19 17:00:00
USD,2.0,API Weekly Crude Oil Stock,-5.250M,-2.667M,1.174M,2023-09-19 20:30:00
USD,1.0,Mortgage Refinance Index,415.4,,367,2023-09-20 11:00:00
USD,1.0,MBA Purchase Index,147,,143.7,2023-09-20 11:00:00
USD,1.0,MBA Mortgage Applications (WoW),5.40%,,-0.80%,2023-09-20 11:00:00
USD,1.0,Mortgage Market Index,192.1,,182.2,2023-09-20 11:00:00
USD,1.0,MBA 30-Year Mortgage Rate,7.31%,,7.27%,2023-09-20 11:00:00
USD,1.0,EIA Refinery Crude Runs (WoW),-0.496M,,0.177M,2023-09-20 14:30:00
USD,1.0,Crude Oil Imports,-3.042M,,2.654M,2023-09-20 14:30:00
USD,2.0,Cushing Crude Oil Inventories,-2.064M,,-2.450M,2023-09-20 14:30:00
USD,1.0,Distillate Fuel Production,-0.229M,,-0.006M,2023-09-20 14:30:00
USD,1.0,EIA Weekly Distillates Stocks,-2.867M,0.217M,3.931M,2023-09-20 14:30:00
USD,1.0,Gasoline Production,0.499M,,-0.576M,2023-09-20 14:30:00
USD,1.0,Heating Oil Stockpiles,-0.109M,,0.113M,2023-09-20 14:30:00
USD,1.0,EIA Weekly Refinery Utilization Rates (WoW),-1.80%,,0.60%,2023-09-20 14:30:00
USD,1.0,Gasoline Inventories,-0.831M,0.317M,5.560M,2023-09-20 14:30:00
USD,3.0,Crude Oil Inventories,-2.135M,-2.200M,3.954M,2023-09-20 14:30:00
USD,2.0,Interest Rate Projection - Current (Q3),5.60%,,5.60%,2023-09-20 18:00:00
USD,3.0,FOMC Statement,,,,2023-09-20 18:00:00
USD,2.0,Interest Rate Projection - 3rd Yr (Q3),2.90%,,3.10%,2023-09-20 18:00:00
USD,2.0,Interest Rate Projection - 2nd Yr (Q3),3.90%,,3.40%,2023-09-20 18:00:00
USD,2.0,Interest Rate Projection - 1st Yr (Q3),5.10%,,4.60%,2023-09-20 18:00:00
USD,3.0,Fed Interest Rate Decision,5.50%,5.50%,5.50%,2023-09-20 18:00:00
USD,2.0,Interest Rate Projection - Longer (Q3),2.50%,,2.50%,2023-09-20 18:00:00
USD,3.0,FOMC Economic Projections,,,,2023-09-20 18:00:00
USD,3.0,FOMC Press Conference,,,,2023-09-20 18:30:00
USD,2.0,Philly Fed Employment (Sep),-5.7,,-6,2023-09-21 12:30:00
USD,2.0,Continuing Jobless Claims,"1,662K","1,695K","1,683K",2023-09-21 12:30:00
USD,2.0,Current Account (Q2),-212.1B,-221.0B,-214.5B,2023-09-21 12:30:00
USD,3.0,Initial Jobless Claims,201K,225K,221K,2023-09-21 12:30:00
USD,1.0,Jobless Claims 4-Week Avg.,217.00K,,224.75K,2023-09-21 12:30:00
USD,3.0,Philadelphia Fed Manufacturing Index (Sep),-13.5,-0.7,12,2023-09-21 12:30:00
USD,1.0,Philly Fed Business Conditions (Sep),11.1,,3.9,2023-09-21 12:30:00
USD,1.0,Philly Fed CAPEX Index (Sep),7.5,,-4.5,2023-09-21 12:30:00
USD,1.0,Philly Fed New Orders (Sep),-10.2,,16,2023-09-21 12:30:00
USD,1.0,Philly Fed Prices Paid (Sep),25.7,,20.8,2023-09-21 12:30:00
USD,3.0,Existing Home Sales (Aug),4.04M,4.10M,4.07M,2023-09-21 14:00:00
USD,2.0,Existing Home Sales (MoM) (Aug),-0.70%,,-2.20%,2023-09-21 14:00:00
USD,2.0,US Leading Index (MoM) (Aug),-0.40%,-0.50%,-0.30%,2023-09-21 14:00:00
USD,1.0,Natural Gas Storage,64B,67B,57B,2023-09-21 14:30:00
USD,1.0,4-Week Bill Auction,5.28%,,5.29%,2023-09-21 15:30:00
USD,1.0,8-Week Bill Auction,5.30%,,5.30%,2023-09-21 15:30:00
USD,2.0,10-Year TIPS Auction,2.09%,,1.50%,2023-09-21 17:00:00
USD,1.0,Reserve Balances with Federal Reserve Banks,3.144T,,3.310T,2023-09-21 20:30:00
USD,2.0,Fed's Balance Sheet,"8,024B",,"8,099B",2023-09-21 20:30:00
USD,1.0,Fed Governor Cook Speaks,,,,2023-09-22 12:50:00
USD,3.0,S&P Global US Manufacturing PMI (Sep),48.9,48,47.9,2023-09-22 13:45:00
USD,2.0,S&P Global Composite PMI (Sep),50.1,,50.2,2023-09-22 13:45:00
USD,3.0,S&P Global Services PMI (Sep),50.2,50.6,50.5,2023-09-22 13:45:00
USD,2.0,U.S. Baker Hughes Total Rig Count,630,,641,2023-09-22 17:00:00
USD,2.0,U.S. Baker Hughes Oil Rig Count,507,,515,2023-09-22 17:00:00
USD,1.0,CFTC Aluminium speculative net positions,6.4K,,5.1K,2023-09-22 20:30:00
USD,1.0,CFTC Copper speculative net positions,-16.3K,,-12.3K,2023-09-22 20:30:00
USD,1.0,CFTC Corn speculative net positions,-101.2K,,-88.0K,2023-09-22 20:30:00
USD,2.0,CFTC Crude Oil speculative net positions,328.4K,,326.9K,2023-09-22 20:30:00
USD,2.0,CFTC Gold speculative net positions,135.2K,,123.9K,2023-09-22 20:30:00
USD,1.0,CFTC Soybeans speculative net positions,62.7K,,85.2K,2023-09-22 20:30:00
USD,1.0,CFTC Natural Gas speculative net positions,-93.9K,,-112.0K,2023-09-22 20:30:00
USD,2.0,CFTC S&P 500 speculative net positions,-139.0K,,-116.3K,2023-09-22 20:30:00
USD,2.0,CFTC Nasdaq 100 speculative net positions,3.2K,,9.1K,2023-09-22 20:30:00
USD,1.0,CFTC Silver speculative net positions,15.2K,,18.0K,2023-09-22 20:30:00
USD,1.0,CFTC Wheat speculative net positions,-56.9K,,-49.6K,2023-09-22 20:30:00
USD,1.0,Chicago Fed National Activity (Aug),-0.16,,0.07,2023-09-25 12:30:00
USD,1.0,Dallas Fed Mfg Business Index (Sep),-18.1,,-17.2,2023-09-25 14:30:00
USD,1.0,3-Month Bill Auction,5.33%,,5.32%,2023-09-25 15:30:00
USD,1.0,6-Month Bill Auction,5.32%,,5.30%,2023-09-25 15:30:00
USD,2.0,FOMC Member Kashkari Speaks,,,,2023-09-25 22:00:00
USD,2.0,Building Permits (Aug),1.541M,1.543M,1.443M,2023-09-26 12:00:00
USD,1.0,Building Permits (MoM) (Aug),6.80%,6.90%,0.10%,2023-09-26 12:00:00
USD,1.0,Redbook (YoY),3.80%,,3.60%,2023-09-26 12:55:00
USD,1.0,S&P/CS HPI Composite - 20 s.a. (MoM) (Jul),0.90%,,0.90%,2023-09-26 13:00:00
USD,1.0,House Price Index (MoM) (Jul),0.80%,0.50%,0.40%,2023-09-26 13:00:00
USD,1.0,House Price Index (YoY) (Jul),4.60%,,3.20%,2023-09-26 13:00:00
USD,1.0,House Price Index (Jul),409.5,,406.1,2023-09-26 13:00:00
USD,2.0,S&P/CS HPI Composite - 20 n.s.a. (MoM) (Jul),0.60%,,0.90%,2023-09-26 13:00:00
USD,2.0,S&P/CS HPI Composite - 20 n.s.a. (YoY) (Jul),0.10%,-0.30%,-1.20%,2023-09-26 13:00:00
USD,3.0,CB Consumer Confidence (Sep),103,105.5,108.7,2023-09-26 14:00:00
USD,1.0,New Home Sales (MoM) (Aug),-8.70%,,8.00%,2023-09-26 14:00:00
USD,1.0,New Home Sales (Aug),675K,700K,739K,2023-09-26 14:00:00
USD,1.0,Richmond Manufacturing Index (Sep),5,-6,-7,2023-09-26 14:00:00
USD,1.0,Richmond Manufacturing Shipments (Sep),7,,-5,2023-09-26 14:00:00
USD,1.0,Richmond Services Index (Sep),4,,4,2023-09-26 14:00:00
USD,1.0,Dallas Fed Services Revenues (Sep),8.7,,16.2,2023-09-26 14:30:00
USD,1.0,Texas Services Sector Outlook (Sep),-8.6,,-2.7,2023-09-26 14:30:00
USD,2.0,2-Year Note Auction,5.09%,,5.02%,2023-09-26 17:00:00
USD,1.0,M2 Money Supply (MoM) (Aug),20.87T,,20.91T,2023-09-26 17:00:00
USD,2.0,FOMC Member Bowman Speaks,,,,2023-09-26 17:30:00
USD,2.0,API Weekly Crude Oil Stock,1.586M,-1.650M,-5.250M,2023-09-26 20:30:00
USD,1.0,MBA 30-Year Mortgage Rate,7.41%,,7.31%,2023-09-27 11:00:00
USD,1.0,MBA Mortgage Applications (WoW),-1.30%,,5.40%,2023-09-27 11:00:00
USD,1.0,MBA Purchase Index,144.8,,147,2023-09-27 11:00:00
USD,1.0,Mortgage Refinance Index,411.7,,415.4,2023-09-27 11:00:00
USD,1.0,Mortgage Market Index,189.6,,192.1,2023-09-27 11:00:00
USD,2.0,FOMC Member Kashkari Speaks,,,,2023-09-27 12:00:00
USD,1.0,Durables Excluding Defense (MoM) (Aug),-0.70%,,-6.00%,2023-09-27 12:30:00
USD,1.0,Goods Orders Non Defense Ex Air (MoM) (Aug),0.90%,0.00%,-0.40%,2023-09-27 12:30:00
USD,2.0,Core Durable Goods Orders (MoM) (Aug),0.40%,0.10%,0.10%,2023-09-27 12:30:00
USD,3.0,Durable Goods Orders (MoM) (Aug),0.20%,-0.50%,-5.60%,2023-09-27 12:30:00
USD,1.0,Gasoline Inventories,1.027M,-0.120M,-0.831M,2023-09-27 14:30:00
USD,3.0,Crude Oil Inventories,-2.170M,-1.320M,-2.135M,2023-09-27 14:30:00
USD,1.0,EIA Refinery Crude Runs (WoW),-0.239M,,-0.496M,2023-09-27 14:30:00
USD,1.0,Crude Oil Imports,1.767M,,-3.042M,2023-09-27 14:30:00
USD,2.0,Cushing Crude Oil Inventories,-0.943M,,-2.064M,2023-09-27 14:30:00
USD,1.0,Distillate Fuel Production,0.150M,,-0.229M,2023-09-27 14:30:00
USD,1.0,EIA Weekly Distillates Stocks,0.398M,-1.298M,-2.867M,2023-09-27 14:30:00
USD,1.0,Gasoline Production,-0.572M,,0.499M,2023-09-27 14:30:00
USD,1.0,Heating Oil Stockpiles,0.517M,,-0.109M,2023-09-27 14:30:00
USD,1.0,EIA Weekly Refinery Utilization Rates (WoW),-2.40%,,-1.80%,2023-09-27 14:30:00
USD,2.0,5-Year Note Auction,4.66%,,4.40%,2023-09-27 17:00:00
USD,2.0,Core PCE Prices (Q2),3.70%,3.70%,4.90%,2023-09-28 12:30:00
USD,1.0,Corporate Profits (QoQ) (Q2),0.50%,1.60%,-5.90%,2023-09-28 12:30:00
USD,3.0,GDP (QoQ) (Q2),2.10%,2.10%,2.00%,2023-09-28 12:30:00
USD,2.0,GDP Price Index (QoQ) (Q2),1.70%,2.00%,4.10%,2023-09-28 12:30:00
USD,1.0,GDP Sales (Q2),2.10%,2.20%,4.20%,2023-09-28 12:30:00
USD,3.0,Initial Jobless Claims,204K,215K,202K,2023-09-28 12:30:00
USD,1.0,Jobless Claims 4-Week Avg.,211.00K,,217.25K,2023-09-28 12:30:00
USD,1.0,PCE Prices (Q2),2.50%,2.50%,4.10%,2023-09-28 12:30:00
USD,1.0,Real Consumer Spending (Q2),0.80%,1.70%,4.20%,2023-09-28 12:30:00
USD,2.0,Continuing Jobless Claims,"1,670K","1,675K","1,658K",2023-09-28 12:30:00
USD,1.0,Fed Goolsbee Speaks,,,,2023-09-28 13:00:00
USD,1.0,Pending Home Sales Index (Aug),71.8,,77.3,2023-09-28 14:00:00
USD,2.0,Pending Home Sales (MoM) (Aug),-7.10%,-0.80%,0.50%,2023-09-28 14:00:00
USD,1.0,Natural Gas Storage,90B,88B,64B,2023-09-28 14:30:00
USD,1.0,KC Fed Composite Index (Sep),-8,,0,2023-09-28 15:00:00
USD,1.0,KC Fed Manufacturing Index (Sep),-13,,12,2023-09-28 15:00:00
USD,1.0,4-Week Bill Auction,5.29%,,5.28%,2023-09-28 15:30:00
USD,1.0,8-Week Bill Auction,5.33%,,5.30%,2023-09-28 15:30:00
USD,1.0,Fed Governor Cook Speaks,,,,2023-09-28 17:00:00
USD,2.0,7-Year Note Auction,4.67%,,4.21%,2023-09-28 17:00:00
USD,3.0,Fed Chair Powell Speaks,,,,2023-09-28 20:00:00
USD,1.0,Reserve Balances with Federal Reserve Banks,3.168T,,3.144T,2023-09-28 20:30:00
USD,2.0,Fed's Balance Sheet,"8,002B",,"8,024B",2023-09-28 20:30:00
USD,1.0,Wholesale Inventories (MoM),-0.10%,0.10%,-0.20%,2023-09-29 12:30:00
USD,1.0,Real Personal Consumption (MoM) (Aug),0.10%,,0.60%,2023-09-29 12:30:00
USD,2.0,Personal Spending (MoM) (Aug),0.40%,0.40%,0.90%,2023-09-29 12:30:00
USD,1.0,Personal Income (MoM) (Aug),0.40%,0.40%,0.20%,2023-09-29 12:30:00
USD,2.0,PCE Price index (YoY) (Aug),3.50%,3.50%,3.40%,2023-09-29 12:30:00
USD,2.0,PCE price index (MoM) (Aug),0.40%,0.50%,0.20%,2023-09-29 12:30:00
USD,2.0,Goods Trade Balance (Aug),-84.27B,-91.20B,-90.92B,2023-09-29 12:30:00
USD,3.0,Core PCE Price Index (MoM) (Aug),0.10%,0.20%,0.20%,2023-09-29 12:30:00
USD,3.0,Core PCE Price Index (YoY) (Aug),3.90%,3.90%,4.30%,2023-09-29 12:30:00
USD,2.0,Retail Inventories Ex Auto (Aug),0.60%,,0.00%,2023-09-29 12:30:00
USD,3.0,Chicago PMI (Sep),44.1,47.6,48.7,2023-09-29 13:45:00
USD,2.0,Michigan 1-Year Inflation Expectations (Sep),3.20%,3.10%,3.50%,2023-09-29 14:00:00
USD,2.0,Michigan 5-Year Inflation Expectations (Sep),2.80%,2.70%,3.00%,2023-09-29 14:00:00
USD,2.0,Michigan Consumer Expectations (Sep),66,66.3,65.5,2023-09-29 14:00:00
USD,2.0,Michigan Consumer Sentiment (Sep),68.1,67.7,69.5,2023-09-29 14:00:00
USD,1.0,Michigan Current Conditions (Sep),71.4,69.8,75.7,2023-09-29 14:00:00
USD,1.0,OPEC Crude oil Production Saudi Arabia (Barrel),8.97M,,9.02M,2023-09-29 15:00:00
USD,1.0,OPEC Crude Oil Production Algeria (Barrel),0.93M,,0.96M,2023-09-29 15:00:00
USD,1.0,OPEC Crude oil Production UAE (Barrel),2.91M,,2.90M,2023-09-29 15:00:00
USD,1.0,OPEC Crude Oil Production Congo (Barrel),0.26M,,0.27M,2023-09-29 15:00:00
USD,1.0,OPEC Crude Oil Production Gabon (Barrel),0.22M,,0.21M,2023-09-29 15:00:00
USD,1.0,OPEC Crude Oil Production Guinea (Barrel),0.07M,,0.06M,2023-09-29 15:00:00
USD,1.0,OPEC Crude oil Production Iran (Barrel),3.00M,,2.83M,2023-09-29 15:00:00
USD,1.0,OPEC Crude oil Production Iraq (Barrel),4.28M,,4.20M,2023-09-29 15:00:00
USD,1.0,OPEC Crude Oil Production Kuwait (Barrel),2.55M,,2.56M,2023-09-29 15:00:00
USD,1.0,OPEC Crude Oil Production Libya (Barrel),1.15M,,1.11M,2023-09-29 15:00:00
USD,1.0,OPEC Crude Oil Production Nigeria (Barrel),1.27M,,1.26M,2023-09-29 15:00:00
USD,1.0,OPEC Crude oil Production Venezuela (Barrel),0.73M,,0.77M,2023-09-29 15:00:00
USD,1.0,Dallas Fed PCE (Aug),2.70%,,2.60%,2023-09-29 16:00:00
USD,2.0,FOMC Member Williams Speaks,,,,2023-09-29 16:45:00
USD,2.0,U.S. Baker Hughes Total Rig Count,623,,630,2023-09-29 17:00:00
USD,2.0,U.S. Baker Hughes Oil Rig Count,502,,507,2023-09-29 17:00:00
USD,1.0,CFTC Soybeans speculative net positions,46.5K,,62.7K,2023-09-29 20:30:00
USD,1.0,CFTC Silver speculative net positions,20.1K,,15.2K,2023-09-29 20:30:00
USD,2.0,CFTC S&P 500 speculative net positions,-89.3K,,-139.0K,2023-09-29 20:30:00
USD,1.0,CFTC Natural Gas speculative net positions,-94.2K,,-93.9K,2023-09-29 20:30:00
USD,2.0,CFTC Nasdaq 100 speculative net positions,0.8K,,3.2K,2023-09-29 20:30:00
USD,1.0,CFTC Copper speculative net positions,-28.8K,,-16.3K,2023-09-29 20:30:00
USD,1.0,CFTC Aluminium speculative net positions,6.7K,,6.4K,2023-09-29 20:30:00
USD,2.0,CFTC Crude Oil speculative net positions,350.1K,,328.4K,2023-09-29 20:30:00
USD,2.0,CFTC Gold speculative net positions,115.8K,,135.2K,2023-09-29 20:30:00
USD,1.0,CFTC Wheat speculative net positions,-60.0K,,-56.9K,2023-09-29 20:30:00
USD,1.0,CFTC Corn speculative net positions,-118.5K,,-101.2K,2023-09-29 20:30:00
USD,3.0,S&P Global US Manufacturing PMI (Sep),49.8,48.9,47.9,2023-10-02 13:45:00
USD,1.0,ISM Manufacturing New Orders Index (Sep),49.2,,46.8,2023-10-02 14:00:00
USD,3.0,ISM Manufacturing Prices (Sep),43.8,48.6,48.4,2023-10-02 14:00:00
USD,3.0,ISM Manufacturing PMI (Sep),49,47.7,47.6,2023-10-02 14:00:00
USD,2.0,Construction Spending (MoM) (Aug),0.50%,0.50%,0.90%,2023-10-02 14:00:00
USD,2.0,ISM Manufacturing Employment (Sep),51.2,48.3,48.5,2023-10-02 14:00:00
USD,2.0,FOMC Member Harker Speaks,,,,2023-10-02 15:00:00
USD,3.0,Fed Chair Powell Speaks,,,,2023-10-02 15:00:00
USD,1.0,3-Month Bill Auction,5.35%,,5.33%,2023-10-02 15:30:00
USD,1.0,6-Month Bill Auction,5.34%,,5.32%,2023-10-02 15:30:00
USD,2.0,Fed Vice Chair for Supervision Barr Speaks,,,,2023-10-02 17:00:00
USD,2.0,FOMC Member Williams Speaks,,,,2023-10-02 17:30:00
USD,2.0,FOMC Member Mester Speaks,,,,2023-10-02 23:30:00
USD,2.0,FOMC Member Bostic Speaks,,,,2023-10-03 12:00:00
USD,1.0,Redbook (YoY),3.50%,,3.80%,2023-10-03 12:55:00
USD,1.0,IBD/TIPP Economic Optimism,36.3,41.6,43.2,2023-10-03 14:00:00
USD,3.0,JOLTs Job Openings (Aug),9.610M,8.800M,8.920M,2023-10-03 14:00:00
USD,1.0,52-Week Bill Auction,5.19%,,5.12%,2023-10-03 15:30:00
USD,2.0,API Weekly Crude Oil Stock,-4.210M,-0.092M,1.586M,2023-10-03 20:30:00
USD,2.0,OPEC Meeting,,,,2023-10-04 10:00:00
USD,1.0,Mortgage Refinance Index,384.6,,411.7,2023-10-04 11:00:00
USD,1.0,MBA 30-Year Mortgage Rate,7.53%,,7.41%,2023-10-04 11:00:00
USD,1.0,MBA Mortgage Applications (WoW),-6.00%,,-1.30%,2023-10-04 11:00:00
USD,1.0,MBA Purchase Index,136.6,,144.8,2023-10-04 11:00:00
USD,1.0,Mortgage Market Index,178.2,,189.6,2023-10-04 11:00:00
USD,3.0,ADP Nonfarm Employment Change (Sep),89K,153K,180K,2023-10-04 12:15:00
USD,2.0,S&P Global Composite PMI (Sep),50.2,50.1,50.2,2023-10-04 13:45:00
USD,3.0,S&P Global Services PMI (Sep),50.1,50.2,50.5,2023-10-04 13:45:00
USD,3.0,ISM Non-Manufacturing Prices (Sep),58.9,,58.9,2023-10-04 14:00:00
USD,1.0,All Car Sales (Sep),3.21M,,3.12M,2023-10-04 14:00:00
USD,2.0,ISM Non-Manufacturing Employment (Sep),53.4,,54.7,2023-10-04 14:00:00
USD,1.0,All Truck Sales (Sep),12.46M,,12.22M,2023-10-04 14:00:00
USD,1.0,Durables Excluding Defense (MoM) (Aug),-0.70%,,-0.70%,2023-10-04 14:00:00
USD,1.0,ISM Non-Manufacturing New Orders (Sep),51.8,,57.5,2023-10-04 14:00:00
USD,2.0,Factory Orders (MoM) (Aug),1.20%,0.20%,-2.10%,2023-10-04 14:00:00
USD,1.0,Factory orders ex transportation (MoM) (Aug),1.40%,,0.90%,2023-10-04 14:00:00
USD,1.0,Durables Excluding Transport (MoM) (Aug),0.40%,,0.40%,2023-10-04 14:00:00
USD,3.0,ISM Non-Manufacturing PMI (Sep),53.6,53.6,54.5,2023-10-04 14:00:00
USD,1.0,ISM Non-Manufacturing Business Activity (Sep),58.8,56.5,57.3,2023-10-04 14:00:00
USD,2.0,FOMC Member Bowman Speaks,,,,2023-10-04 14:25:00
USD,2.0,Cushing Crude Oil Inventories,0.132M,,-0.943M,2023-10-04 14:30:00
USD,1.0,Gasoline Inventories,6.481M,0.161M,1.027M,2023-10-04 14:30:00
USD,3.0,Crude Oil Inventories,-2.224M,-0.446M,-2.170M,2023-10-04 14:30:00
USD,1.0,EIA Refinery Crude Runs (WoW),-0.463M,,-0.239M,2023-10-04 14:30:00
USD,1.0,Distillate Fuel Production,-0.243M,,0.150M,2023-10-04 14:30:00
USD,1.0,Crude Oil Imports,-1.958M,,1.767M,2023-10-04 14:30:00
USD,1.0,EIA Weekly Refinery Utilization Rates (WoW),-2.20%,,-2.40%,2023-10-04 14:30:00
USD,1.0,Heating Oil Stockpiles,-0.303M,,0.517M,2023-10-04 14:30:00
USD,1.0,Gasoline Production,-0.313M,,-0.572M,2023-10-04 14:30:00
USD,1.0,EIA Weekly Distillates Stocks,-1.269M,-0.333M,0.398M,2023-10-04 14:30:00
USD,1.0,Fed Goolsbee Speaks,,,,2023-10-04 14:30:00
USD,2.0,FOMC Member Bowman Speaks,,,,2023-10-04 15:25:00
USD,1.0,Challenger Job Cuts (YoY),58.20%,,266.90%,2023-10-05 11:30:00
USD,1.0,Challenger Job Cuts (Sep),47.457K,,75.151K,2023-10-05 11:30:00
USD,2.0,Continuing Jobless Claims,"1,664K","1,675K","1,665K",2023-10-05 12:30:00
USD,2.0,Exports,256.00B,,251.90B,2023-10-05 12:30:00
USD,2.0,Imports,314.30B,,316.60B,2023-10-05 12:30:00
USD,3.0,Initial Jobless Claims,207K,210K,205K,2023-10-05 12:30:00
USD,1.0,Jobless Claims 4-Week Avg.,208.75K,,211.25K,2023-10-05 12:30:00
USD,2.0,Trade Balance (Aug),-58.30B,-62.30B,-64.70B,2023-10-05 12:30:00
USD,2.0,FOMC Member Mester Speaks,,,,2023-10-05 13:00:00
USD,1.0,Natural Gas Storage,86B,92B,90B,2023-10-05 14:30:00
USD,1.0,4-Week Bill Auction,5.31%,,5.29%,2023-10-05 15:30:00
USD,1.0,8-Week Bill Auction,5.36%,,5.33%,2023-10-05 15:30:00
USD,1.0,FOMC Member Barkin Speaks,,,,2023-10-05 15:30:00
USD,2.0,FOMC Member Daly Speaks,,,,2023-10-05 16:00:00
USD,2.0,Fed Vice Chair for Supervision Barr Speaks,,,,2023-10-05 16:15:00
USD,2.0,Fed's Balance Sheet,"7,956B",,"8,002B",2023-10-05 20:30:00
USD,1.0,Reserve Balances with Federal Reserve Banks,3.241T,,3.168T,2023-10-05 20:30:00
USD,1.0,Total Vehicle Sales,15.67M,,15.33M,2023-10-06 10:50:00
USD,3.0,Unemployment Rate (Sep),3.80%,3.70%,3.80%,2023-10-06 12:30:00
USD,2.0,U6 Unemployment Rate (Sep),7.00%,,7.10%,2023-10-06 12:30:00
USD,2.0,Private Nonfarm Payrolls (Sep),263K,160K,177K,2023-10-06 12:30:00
USD,2.0,Participation Rate (Sep),62.80%,,62.80%,2023-10-06 12:30:00
USD,3.0,Nonfarm Payrolls (Sep),336K,170K,227K,2023-10-06 12:30:00
USD,1.0,Government Payrolls (Sep),73.0K,,50.0K,2023-10-06 12:30:00
USD,1.0,Average Weekly Hours (Sep),34.4,34.4,34.4,2023-10-06 12:30:00
USD,3.0,Average Hourly Earnings (MoM) (Sep),0.20%,0.30%,0.20%,2023-10-06 12:30:00
USD,2.0,Average Hourly Earnings (YoY) (YoY) (Sep),4.20%,4.30%,4.30%,2023-10-06 12:30:00
USD,1.0,Manufacturing Payrolls (Sep),17K,5K,11K,2023-10-06 12:30:00
USD,2.0,Fed Waller Speaks,,,,2023-10-06 16:00:00
USD,2.0,U.S. Baker Hughes Oil Rig Count,497,,502,2023-10-06 17:00:00
USD,2.0,U.S. Baker Hughes Total Rig Count,619,,623,2023-10-06 17:00:00
USD,2.0,Consumer Credit (Aug),-15.63B,11.70B,10.99B,2023-10-06 19:00:00
USD,1.0,CFTC Natural Gas speculative net positions,-79.2K,,-94.2K,2023-10-06 20:30:00
USD,1.0,CFTC Wheat speculative net positions,-61.3K,,-60.0K,2023-10-06 20:30:00
USD,1.0,CFTC Soybeans speculative net positions,22.5K,,46.5K,2023-10-06 20:30:00
USD,1.0,CFTC Silver speculative net positions,15.3K,,20.1K,2023-10-06 20:30:00
USD,2.0,CFTC S&P 500 speculative net positions,-73.2K,,-89.3K,2023-10-06 20:30:00
USD,2.0,CFTC Nasdaq 100 speculative net positions,1.4K,,0.8K,2023-10-06 20:30:00
USD,2.0,CFTC Crude Oil speculative net positions,349.6K,,350.1K,2023-10-06 20:30:00
USD,1.0,CFTC Corn speculative net positions,-107.5K,,-118.5K,2023-10-06 20:30:00
USD,1.0,CFTC Copper speculative net positions,-21.9K,,-28.8K,2023-10-06 20:30:00
USD,1.0,CFTC Aluminium speculative net positions,5.8K,,6.7K,2023-10-06 20:30:00
USD,2.0,CFTC Gold speculative net positions,91.2K,,115.8K,2023-10-06 20:30:00
USD,1.0,IMF Meetings,,,,2023-10-09 10:00:00
USD,1.0,Fed Logan Speaks,,,,2023-10-09 13:00:00
USD,2.0,Fed Vice Chair for Supervision Barr Speaks,,,,2023-10-09 13:15:00
USD,1.0,CB Employment Trends Index (Sep),114.66,,114.16,2023-10-09 14:00:00
USD,1.0,Fed Governor Jefferson Speaks,,,,2023-10-09 17:30:00
USD,1.0,NFIB Small Business Optimism (Sep),90.8,91.4,91.3,2023-10-10 10:00:00
USD,1.0,IMF Meetings,,,,2023-10-10 10:00:00
USD,1.0,Redbook (YoY),4.00%,,3.50%,2023-10-10 12:55:00
USD,2.0,FOMC Member Bostic Speaks,,,,2023-10-10 13:30:00
USD,1.0,Wholesale Inventories (MoM) (Aug),-0.10%,-0.10%,-0.30%,2023-10-10 14:00:00
USD,1.0,Wholesale Trade Sales (MoM) (Aug),1.80%,,1.20%,2023-10-10 14:00:00
USD,2.0,NY Fed 1-Year Consumer Inflation Expectations,3.70%,,3.63%,2023-10-10 15:00:00
USD,1.0,3-Month Bill Auction,5.34%,,5.35%,2023-10-10 15:30:00
USD,1.0,6-Month Bill Auction,5.32%,,5.34%,2023-10-10 15:30:00
USD,2.0,3-Year Note Auction,4.74%,,4.66%,2023-10-10 17:00:00
USD,2.0,Fed Waller Speaks,,,,2023-10-10 17:30:00
USD,2.0,FOMC Member Kashkari Speaks,,,,2023-10-10 19:00:00
USD,2.0,FOMC Member Daly Speaks,,,,2023-10-10 22:00:00
USD,2.0,FOMC Member Bowman Speaks,,,,2023-10-11 08:15:00
USD,1.0,IMF Meetings,,,,2023-10-11 10:00:00
USD,1.0,Mortgage Market Index,179.3,,178.2,2023-10-11 11:00:00
USD,1.0,MBA Purchase Index,137.5,,136.6,2023-10-11 11:00:00
USD,1.0,Mortgage Refinance Index,385.8,,384.6,2023-10-11 11:00:00
USD,1.0,MBA 30-Year Mortgage Rate,7.67%,,7.53%,2023-10-11 11:00:00
USD,1.0,MBA Mortgage Applications (WoW),0.60%,,-6.00%,2023-10-11 11:00:00
USD,1.0,PPI ex. Food/Energy/Transport (MoM) (Sep),0.20%,0.20%,0.20%,2023-10-11 12:30:00
USD,1.0,PPI ex. Food/Energy/Transport (YoY) (Sep),2.80%,3.00%,2.90%,2023-10-11 12:30:00
USD,1.0,Core PPI (YoY) (Sep),2.70%,2.30%,2.50%,2023-10-11 12:30:00
USD,2.0,Core PPI (MoM) (Sep),0.30%,0.20%,0.20%,2023-10-11 12:30:00
USD,3.0,PPI (MoM) (Sep),0.50%,0.30%,0.70%,2023-10-11 12:30:00
USD,1.0,PPI (YoY) (Sep),2.20%,1.60%,2.00%,2023-10-11 12:30:00
USD,2.0,Fed Waller Speaks,,,,2023-10-11 14:15:00
USD,1.0,Thomson Reuters IPSOS PCSI (Oct),52.02,,52.02,2023-10-11 15:00:00
USD,2.0,EIA Short-Term Energy Outlook,,,,2023-10-11 16:00:00
USD,2.0,FOMC Member Bostic Speaks,,,,2023-10-11 16:15:00
USD,3.0,10-Year Note Auction,4.61%,,4.29%,2023-10-11 17:00:00
USD,3.0,FOMC Meeting Minutes,,,,2023-10-11 18:00:00
USD,2.0,API Weekly Crude Oil Stock,12.940M,1.300M,-4.210M,2023-10-11 20:30:00
USD,2.0,IEA Monthly Report,,,,2023-10-12 08:00:00
USD,1.0,IMF Meetings,,,,2023-10-12 10:00:00
USD,2.0,OPEC Monthly Report,,,,2023-10-12 11:00:00
USD,1.0,Real Earnings (MoM) (Sep),-0.20%,,-0.10%,2023-10-12 12:30:00
USD,1.0,Jobless Claims 4-Week Avg.,206.25K,,209.25K,2023-10-12 12:30:00
USD,3.0,Initial Jobless Claims,209K,210K,209K,2023-10-12 12:30:00
USD,1.0,"CPI, n.s.a (MoM) (Sep)",0.25%,,0.44%,2023-10-12 12:30:00
USD,1.0,"CPI Index, n.s.a. (Sep)",307.79,307.39,307.03,2023-10-12 12:30:00
USD,1.0,"CPI Index, s.a (Sep)",307.48,,306.27,2023-10-12 12:30:00
USD,3.0,CPI (MoM) (Sep),0.40%,0.30%,0.50%,2023-10-12 12:30:00
USD,3.0,CPI (YoY) (Sep),3.70%,3.60%,3.70%,2023-10-12 12:30:00
USD,1.0,Core CPI Index (Sep),310.66,,309.66,2023-10-12 12:30:00
USD,2.0,Core CPI (YoY) (Sep),4.10%,4.10%,4.30%,2023-10-12 12:30:00
USD,3.0,Core CPI (MoM) (Sep),0.30%,0.30%,0.30%,2023-10-12 12:30:00
USD,2.0,Continuing Jobless Claims,"1,702K","1,680K","1,672K",2023-10-12 12:30:00
USD,1.0,Natural Gas Storage,84B,88B,86B,2023-10-12 14:30:00
USD,1.0,EIA Weekly Refinery Utilization Rates (WoW),-1.60%,,-2.20%,2023-10-12 15:00:00
USD,1.0,Heating Oil Stockpiles,-0.433M,,-0.303M,2023-10-12 15:00:00
USD,1.0,Gasoline Production,0.858M,,-0.313M,2023-10-12 15:00:00
USD,1.0,EIA Weekly Distillates Stocks,-1.837M,-0.802M,-1.269M,2023-10-12 15:00:00
USD,1.0,Distillate Fuel Production,0.038M,,-0.243M,2023-10-12 15:00:00
USD,1.0,Gasoline Inventories,-1.313M,-0.800M,6.481M,2023-10-12 15:00:00
USD,1.0,Crude Oil Imports,2.003M,,-1.958M,2023-10-12 15:00:00
USD,1.0,EIA Refinery Crude Runs (WoW),-0.399M,,-0.463M,2023-10-12 15:00:00
USD,3.0,Crude Oil Inventories,10.176M,0.492M,-2.224M,2023-10-12 15:00:00
USD,1.0,Cleveland CPI (MoM) (Sep),0.50%,,0.30%,2023-10-12 15:00:00
USD,2.0,Cushing Crude Oil Inventories,-0.319M,,0.132M,2023-10-12 15:00:00
USD,1.0,4-Week Bill Auction,5.33%,,5.31%,2023-10-12 15:30:00
USD,1.0,8-Week Bill Auction,5.35%,,5.36%,2023-10-12 15:30:00
USD,2.0,WASDE Report,,,,2023-10-12 16:00:00
USD,3.0,30-Year Bond Auction,4.84%,,4.35%,2023-10-12 17:00:00
USD,2.0,FOMC Member Bostic Speaks,,,,2023-10-12 17:00:00
USD,1.0,Reserve Balances with Federal Reserve Banks,3.316T,,3.241T,2023-10-12 20:30:00
USD,2.0,Fed's Balance Sheet,"7,952B",,"7,956B",2023-10-12 20:30:00
USD,1.0,IMF Meetings,,,,2023-10-13 10:00:00
USD,2.0,Export Price Index (MoM) (Sep),0.70%,0.50%,1.10%,2023-10-13 12:30:00
USD,1.0,Export Price Index (YoY),-4.10%,,-5.70%,2023-10-13 12:30:00
USD,2.0,Import Price Index (MoM) (Sep),0.10%,0.50%,0.60%,2023-10-13 12:30:00
USD,1.0,Import Price Index (YoY),-1.70%,,-2.90%,2023-10-13 12:30:00
USD,1.0,Import Price Index ex Petroleum (MoM),-0.30%,,-0.10%,2023-10-13 12:30:00
USD,2.0,FOMC Member Harker Speaks,,,,2023-10-13 13:00:00
USD,1.0,Michigan Current Conditions (Oct),66.7,70.4,71.4,2023-10-13 14:00:00
USD,2.0,Michigan Consumer Sentiment (Oct),63,67.2,68.1,2023-10-13 14:00:00
USD,2.0,Michigan Consumer Expectations (Oct),60.7,65.5,66,2023-10-13 14:00:00
USD,2.0,Michigan 1-Year Inflation Expectations (Oct),3.80%,3.20%,3.20%,2023-10-13 14:00:00
USD,2.0,Michigan 5-Year Inflation Expectations (Oct),3.00%,2.80%,2.80%,2023-10-13 14:00:00
USD,2.0,U.S. Baker Hughes Oil Rig Count,501,,497,2023-10-13 17:00:00
USD,2.0,U.S. Baker Hughes Total Rig Count,622,,619,2023-10-13 17:00:00
USD,1.0,CFTC Corn speculative net positions,-64.8K,,-107.5K,2023-10-13 20:30:00
USD,1.0,CFTC Wheat speculative net positions,-67.7K,,-61.3K,2023-10-13 20:30:00
USD,1.0,CFTC Soybeans speculative net positions,23.4K,,22.5K,2023-10-13 20:30:00
USD,1.0,CFTC Copper speculative net positions,-14.8K,,-21.9K,2023-10-13 20:30:00
USD,2.0,CFTC S&P 500 speculative net positions,-94.4K,,-73.2K,2023-10-13 20:30:00
USD,1.0,CFTC Silver speculative net positions,12.3K,,15.3K,2023-10-13 20:30:00
USD,2.0,CFTC Nasdaq 100 speculative net positions,7.8K,,1.4K,2023-10-13 20:30:00
USD,2.0,CFTC Gold speculative net positions,71.4K,,91.2K,2023-10-13 20:30:00
USD,1.0,CFTC Aluminium speculative net positions,5.8K,,5.8K,2023-10-13 20:30:00
USD,1.0,CFTC Natural Gas speculative net positions,-50.7K,,-79.2K,2023-10-13 20:30:00
USD,2.0,CFTC Crude Oil speculative net positions,322.0K,,349.6K,2023-10-13 20:30:00
USD,1.0,IMF Meetings,,,,2023-10-14 10:00:00
USD,1.0,IMF Meetings,,,,2023-10-15 10:00:00
USD,2.0,NY Empire State Manufacturing Index (Oct),-4.6,-7,1.9,2023-10-16 12:30:00
USD,2.0,FOMC Member Harker Speaks,,,,2023-10-16 14:30:00
USD,1.0,3-Month Bill Auction,5.34%,,5.34%,2023-10-16 15:30:00
USD,1.0,6-Month Bill Auction,5.34%,,5.32%,2023-10-16 15:30:00
USD,2.0,FOMC Member Harker Speaks,,,,2023-10-16 20:30:00
USD,2.0,FOMC Member Williams Speaks,,,,2023-10-17 12:00:00
USD,3.0,Core Retail Sales (MoM) (Sep),0.60%,0.20%,0.90%,2023-10-17 12:30:00
USD,2.0,Retail Control (MoM) (Sep),0.60%,0.10%,0.20%,2023-10-17 12:30:00
USD,1.0,Retail Sales (YoY) (Sep),3.75%,,2.89%,2023-10-17 12:30:00
USD,3.0,Retail Sales (MoM) (Sep),0.70%,0.30%,0.80%,2023-10-17 12:30:00
USD,1.0,Retail Sales Ex Gas/Autos (MoM) (Sep),0.60%,0.10%,0.30%,2023-10-17 12:30:00
USD,1.0,Redbook (YoY),4.60%,,4.00%,2023-10-17 12:55:00
USD,1.0,Capacity Utilization Rate (Sep),79.70%,79.60%,79.50%,2023-10-17 13:15:00
USD,2.0,Industrial Production (YoY) (Sep),0.08%,,0.08%,2023-10-17 13:15:00
USD,2.0,Industrial Production (MoM) (Sep),0.30%,0.10%,0.00%,2023-10-17 13:15:00
USD,1.0,Manufacturing Production (MoM) (Sep),0.40%,0.10%,-0.10%,2023-10-17 13:15:00
USD,2.0,FOMC Member Bowman Speaks,,,,2023-10-17 13:20:00
USD,2.0,Business Inventories (MoM) (Aug),0.40%,0.30%,0.10%,2023-10-17 14:00:00
USD,1.0,NAHB Housing Market Index (Oct),40,44,44,2023-10-17 14:00:00
USD,2.0,Retail Inventories Ex Auto (Aug),0.50%,0.60%,0.00%,2023-10-17 14:00:00
USD,1.0,FOMC Member Barkin Speaks,,,,2023-10-17 14:45:00
USD,2.0,API Weekly Crude Oil Stock,-4.383M,-1.267M,12.940M,2023-10-17 20:30:00
USD,2.0,FOMC Member Kashkari Speaks,,,,2023-10-17 21:00:00
USD,1.0,Mortgage Refinance Index,347.6,,385.8,2023-10-18 11:00:00
USD,1.0,MBA 30-Year Mortgage Rate,7.70%,,7.67%,2023-10-18 11:00:00
USD,1.0,MBA Mortgage Applications (WoW),-6.90%,,0.60%,2023-10-18 11:00:00
USD,1.0,MBA Purchase Index,129.8,,137.5,2023-10-18 11:00:00
USD,1.0,Mortgage Market Index,166.9,,179.3,2023-10-18 11:00:00
USD,2.0,Housing Starts (MoM) (Sep),7.00%,,-12.50%,2023-10-18 12:30:00
USD,2.0,Housing Starts (Sep),1.358M,1.380M,1.269M,2023-10-18 12:30:00
USD,1.0,Building Permits (MoM) (Sep),-4.40%,,6.80%,2023-10-18 12:30:00
USD,2.0,Building Permits (Sep),1.473M,1.455M,1.541M,2023-10-18 12:30:00
USD,2.0,Cushing Crude Oil Inventories,-0.758M,,-0.319M,2023-10-18 14:30:00
USD,3.0,Crude Oil Inventories,-4.491M,-0.300M,10.176M,2023-10-18 14:30:00
USD,1.0,EIA Refinery Crude Runs (WoW),0.193M,,-0.399M,2023-10-18 14:30:00
USD,1.0,Crude Oil Imports,-2.621M,,2.003M,2023-10-18 14:30:00
USD,1.0,Distillate Fuel Production,-0.033M,,0.038M,2023-10-18 14:30:00
USD,1.0,EIA Weekly Distillates Stocks,-3.185M,-1.360M,-1.837M,2023-10-18 14:30:00
USD,1.0,Gasoline Production,0.077M,,0.858M,2023-10-18 14:30:00
USD,1.0,Heating Oil Stockpiles,0.140M,,-0.433M,2023-10-18 14:30:00
USD,1.0,EIA Weekly Refinery Utilization Rates (WoW),0.40%,,-1.60%,2023-10-18 14:30:00
USD,1.0,Gasoline Inventories,-2.371M,-1.097M,-1.313M,2023-10-18 14:30:00
USD,2.0,Fed Waller Speaks,,,,2023-10-18 16:00:00
USD,2.0,FOMC Member Williams Speaks,,,,2023-10-18 16:30:00
USD,2.0,FOMC Member Bowman Speaks,,,,2023-10-18 17:00:00
USD,2.0,20-Year Bond Auction,5.25%,,4.59%,2023-10-18 17:00:00
USD,2.0,Beige Book,,,,2023-10-18 18:00:00
USD,2.0,FOMC Member Harker Speaks,,,,2023-10-18 19:15:00
USD,1.0,"US Foreign Buying, T-bonds (Aug)",22.10B,,-4.40B,2023-10-18 20:00:00
USD,1.0,Overall Net Capital Flow (Aug),134.40B,,141.40B,2023-10-18 20:00:00
USD,2.0,TIC Net Long-Term Transactions (Aug),63.5B,76.8B,9.5B,2023-10-18 20:00:00
USD,1.0,TIC Net Long-Term Transactions including Swaps (Aug),63.50B,,9.50B,2023-10-18 20:00:00
USD,1.0,Fed Governor Cook Speaks,,,,2023-10-18 22:55:00
USD,1.0,Philly Fed Prices Paid (Oct),23.1,,25.7,2023-10-19 12:30:00
USD,2.0,Philly Fed Employment (Oct),4,,-5.7,2023-10-19 12:30:00
USD,1.0,Philly Fed CAPEX Index (Oct),-4.8,,7.5,2023-10-19 12:30:00
USD,1.0,Philly Fed Business Conditions (Oct),9.2,,11.1,2023-10-19 12:30:00
USD,1.0,Philly Fed New Orders (Oct),4.4,,-10.2,2023-10-19 12:30:00
USD,1.0,Jobless Claims 4-Week Avg.,205.75K,,206.75K,2023-10-19 12:30:00
USD,3.0,Initial Jobless Claims,198K,212K,211K,2023-10-19 12:30:00
USD,3.0,Philadelphia Fed Manufacturing Index (Oct),-9,-6.4,-13.5,2023-10-19 12:30:00
USD,2.0,Continuing Jobless Claims,"1,734K","1,710K","1,705K",2023-10-19 12:30:00
USD,1.0,Fed Governor Jefferson Speaks,,,,2023-10-19 13:00:00
USD,2.0,Existing Home Sales (MoM) (Sep),-2.00%,,-0.70%,2023-10-19 14:00:00
USD,3.0,Existing Home Sales (Sep),3.96M,3.89M,4.04M,2023-10-19 14:00:00
USD,2.0,US Leading Index (MoM) (Sep),-0.70%,-0.40%,-0.50%,2023-10-19 14:00:00
USD,1.0,Natural Gas Storage,97B,80B,84B,2023-10-19 14:30:00
USD,1.0,4-Week Bill Auction,5.31%,,5.33%,2023-10-19 15:30:00
USD,1.0,8-Week Bill Auction,5.33%,,5.35%,2023-10-19 15:30:00
USD,3.0,Fed Chair Powell Speaks,,,,2023-10-19 16:00:00
USD,2.0,5-Year TIPS Auction,2.44%,,1.83%,2023-10-19 17:00:00
USD,1.0,Fed Goolsbee Speaks,,,,2023-10-19 17:20:00
USD,2.0,Fed Vice Chair for Supervision Barr Speaks,,,,2023-10-19 17:30:00
USD,2.0,FOMC Member Bostic Speaks,,,,2023-10-19 20:00:00
USD,2.0,Fed's Balance Sheet,"7,933B",,"7,952B",2023-10-19 20:30:00
USD,1.0,Reserve Balances with Federal Reserve Banks,3.250T,,3.316T,2023-10-19 20:30:00
USD,2.0,FOMC Member Harker Speaks,,,,2023-10-19 21:30:00
USD,1.0,Fed Logan Speaks,,,,2023-10-19 23:00:00
USD,2.0,FOMC Member Harker Speaks,,,,2023-10-20 13:00:00
USD,2.0,FOMC Member Mester Speaks,,,,2023-10-20 16:15:00
USD,2.0,U.S. Baker Hughes Oil Rig Count,502,,501,2023-10-20 17:00:00
USD,2.0,U.S. Baker Hughes Total Rig Count,624,,622,2023-10-20 17:00:00
USD,2.0,Federal Budget Balance (Sep),-171.0B,-78.6B,89.0B,2023-10-20 18:00:00
USD,1.0,CFTC Wheat speculative net positions,-69.2K,,-67.7K,2023-10-20 20:30:00
USD,1.0,CFTC Soybeans speculative net positions,27.1K,,23.4K,2023-10-20 20:30:00
USD,1.0,CFTC Silver speculative net positions,19.7K,,12.3K,2023-10-20 20:30:00
USD,2.0,CFTC S&P 500 speculative net positions,-63.2K,,-94.4K,2023-10-20 20:30:00
USD,2.0,CFTC Nasdaq 100 speculative net positions,14.3K,,7.8K,2023-10-20 20:30:00
USD,1.0,CFTC Natural Gas speculative net positions,-57.3K,,-50.7K,2023-10-20 20:30:00
USD,2.0,CFTC Gold speculative net positions,112.7K,,71.4K,2023-10-20 20:30:00
USD,2.0,CFTC Crude Oil speculative net positions,306.4K,,322.0K,2023-10-20 20:30:00
USD,1.0,CFTC Corn speculative net positions,-62.6K,,-64.8K,2023-10-20 20:30:00
USD,1.0,CFTC Copper speculative net positions,-25.9K,,-14.8K,2023-10-20 20:30:00
USD,1.0,CFTC Aluminium speculative net positions,6.4K,,5.8K,2023-10-20 20:30:00
USD,1.0,Redbook (YoY),5.00%,,4.60%,2023-10-24 12:55:00
USD,3.0,S&P Global US Manufacturing PMI (Oct),50,49.5,49.8,2023-10-24 13:45:00
USD,2.0,S&P Global Composite PMI (Oct),51,,50.2,2023-10-24 13:45:00
USD,3.0,S&P Global Services PMI (Oct),50.9,49.8,50.1,2023-10-24 13:45:00
USD,1.0,Richmond Manufacturing Index (Oct),3,3,5,2023-10-24 14:00:00
USD,1.0,Richmond Manufacturing Shipments (Oct),9,,7,2023-10-24 14:00:00
USD,1.0,Richmond Services Index (Oct),-11,,4,2023-10-24 14:00:00
USD,2.0,2-Year Note Auction,5.06%,,5.09%,2023-10-24 17:00:00
USD,1.0,M2 Money Supply (MoM) (Sep),20.75T,,20.83T,2023-10-24 17:00:00
USD,2.0,API Weekly Crude Oil Stock,-2.668M,1.550M,-4.383M,2023-10-24 20:30:00
USD,1.0,MBA 30-Year Mortgage Rate,7.90%,,7.70%,2023-10-25 11:00:00
USD,1.0,MBA Mortgage Applications (WoW),-1.00%,,-6.90%,2023-10-25 11:00:00
USD,1.0,MBA Purchase Index,127,,129.8,2023-10-25 11:00:00
USD,1.0,Mortgage Market Index,165.2,,166.9,2023-10-25 11:00:00
USD,1.0,Mortgage Refinance Index,354,,347.6,2023-10-25 11:00:00
USD,2.0,Building Permits (Sep),1.471M,1.473M,1.541M,2023-10-25 11:40:00
USD,1.0,Building Permits (MoM) (Sep),-4.50%,-4.40%,6.80%,2023-10-25 11:40:00
USD,3.0,New Home Sales (Sep),759K,680K,676K,2023-10-25 14:00:00
USD,2.0,New Home Sales (MoM) (Sep),12.30%,,-8.20%,2023-10-25 14:00:00
USD,1.0,Gasoline Inventories,0.156M,-0.897M,-2.371M,2023-10-25 14:30:00
USD,1.0,EIA Weekly Refinery Utilization Rates (WoW),-0.50%,,0.40%,2023-10-25 14:30:00
USD,1.0,Heating Oil Stockpiles,-0.037M,,0.140M,2023-10-25 14:30:00
USD,1.0,Gasoline Production,0.063M,,0.077M,2023-10-25 14:30:00
USD,1.0,Distillate Fuel Production,0.039M,,-0.033M,2023-10-25 14:30:00
USD,1.0,Crude Oil Imports,0.539M,,-2.621M,2023-10-25 14:30:00
USD,2.0,Cushing Crude Oil Inventories,0.213M,,-0.758M,2023-10-25 14:30:00
USD,1.0,EIA Refinery Crude Runs (WoW),-0.207M,,0.193M,2023-10-25 14:30:00
USD,3.0,Crude Oil Inventories,1.371M,0.239M,-4.491M,2023-10-25 14:30:00
USD,1.0,EIA Weekly Distillates Stocks,-1.686M,-1.168M,-3.185M,2023-10-25 14:30:00
USD,2.0,5-Year Note Auction,4.90%,,4.66%,2023-10-25 17:00:00
USD,3.0,Fed Chair Powell Speaks,,,,2023-10-25 20:35:00
USD,1.0,Wholesale Inventories (MoM),0.00%,0.10%,-0.10%,2023-10-26 12:30:00
USD,2.0,Retail Inventories Ex Auto (Sep),0.30%,,0.60%,2023-10-26 12:30:00
USD,1.0,Real Consumer Spending (Q3),4.00%,,0.80%,2023-10-26 12:30:00
USD,1.0,PCE Prices (Q3),2.90%,,2.50%,2023-10-26 12:30:00
USD,1.0,Jobless Claims 4-Week Avg.,207.50K,,206.25K,2023-10-26 12:30:00
USD,3.0,Initial Jobless Claims,210K,208K,200K,2023-10-26 12:30:00
USD,2.0,Goods Trade Balance (Sep),-85.78B,-86.20B,-84.64B,2023-10-26 12:30:00
USD,1.0,Goods Orders Non Defense Ex Air (MoM) (Sep),0.60%,0.10%,1.10%,2023-10-26 12:30:00
USD,3.0,GDP (QoQ) (Q3),4.90%,4.30%,2.10%,2023-10-26 12:30:00
USD,2.0,GDP Price Index (QoQ) (Q3),3.50%,2.50%,1.70%,2023-10-26 12:30:00
USD,1.0,Durables Excluding Defense (MoM) (Sep),5.80%,,-0.70%,2023-10-26 12:30:00
USD,3.0,Durable Goods Orders (MoM) (Sep),4.70%,1.70%,-0.10%,2023-10-26 12:30:00
USD,2.0,Core PCE Prices (Q3),2.40%,2.50%,3.70%,2023-10-26 12:30:00
USD,2.0,Core Durable Goods Orders (MoM) (Sep),0.50%,0.20%,0.50%,2023-10-26 12:30:00
USD,2.0,Continuing Jobless Claims,"1,790K","1,740K","1,727K",2023-10-26 12:30:00
USD,1.0,GDP Sales (Q3),3.50%,4.50%,2.10%,2023-10-26 12:30:00
USD,2.0,Fed Waller Speaks,,,,2023-10-26 13:00:00
USD,2.0,Pending Home Sales (MoM) (Sep),1.10%,-1.80%,-7.10%,2023-10-26 14:00:00
USD,1.0,Pending Home Sales Index (Sep),72.6,,71.8,2023-10-26 14:00:00
USD,1.0,Natural Gas Storage,74B,80B,97B,2023-10-26 14:30:00
USD,1.0,KC Fed Composite Index (Oct),-8,,-8,2023-10-26 15:00:00
USD,1.0,KC Fed Manufacturing Index (Oct),-8,,-13,2023-10-26 15:00:00
USD,1.0,4-Week Bill Auction,5.30%,,5.31%,2023-10-26 15:30:00
USD,1.0,8-Week Bill Auction,5.33%,,5.33%,2023-10-26 15:30:00
USD,2.0,7-Year Note Auction,4.91%,,4.67%,2023-10-26 17:00:00
USD,2.0,Fed's Balance Sheet,"7,908B",,"7,933B",2023-10-26 20:30:00
USD,1.0,Reserve Balances with Federal Reserve Banks,3.264T,,3.250T,2023-10-26 20:30:00
USD,3.0,Core PCE Price Index (YoY) (Sep),3.70%,3.70%,3.80%,2023-10-27 12:30:00
USD,3.0,Core PCE Price Index (MoM) (Sep),0.30%,0.30%,0.10%,2023-10-27 12:30:00
USD,2.0,PCE price index (MoM) (Sep),0.40%,0.30%,0.40%,2023-10-27 12:30:00
USD,2.0,PCE Price index (YoY) (Sep),3.40%,3.40%,3.40%,2023-10-27 12:30:00
USD,1.0,Personal Income (MoM) (Sep),0.30%,0.40%,0.40%,2023-10-27 12:30:00
USD,2.0,Personal Spending (MoM) (Sep),0.70%,0.50%,0.40%,2023-10-27 12:30:00
USD,1.0,Real Personal Consumption (MoM) (Sep),0.40%,,0.10%,2023-10-27 12:30:00
USD,2.0,Fed Vice Chair for Supervision Barr Speaks,,,,2023-10-27 13:00:00
USD,2.0,Michigan Consumer Expectations (Oct),59.3,60.7,66,2023-10-27 14:00:00
USD,2.0,Michigan Consumer Sentiment (Oct),63.8,63,68.1,2023-10-27 14:00:00
USD,1.0,Michigan Current Conditions (Oct),70.6,66.7,71.4,2023-10-27 14:00:00
USD,1.0,Dallas Fed PCE (Sep),4.00%,,2.80%,2023-10-27 14:00:00
USD,2.0,Michigan 5-Year Inflation Expectations (Oct),3.00%,3.00%,2.80%,2023-10-27 14:00:00
USD,2.0,Michigan 1-Year Inflation Expectations (Oct),4.20%,3.80%,3.20%,2023-10-27 14:00:00
USD,2.0,U.S. Baker Hughes Total Rig Count,625,,624,2023-10-27 17:30:00
USD,2.0,U.S. Baker Hughes Oil Rig Count,504,,502,2023-10-27 17:30:00
USD,2.0,Atlanta Fed GDPNow (Q4),2.30%,,,2023-10-27 17:30:00
USD,1.0,CFTC Soybeans speculative net positions,36.5K,,27.1K,2023-10-27 20:30:00
USD,1.0,CFTC Wheat speculative net positions,-59.9K,,-69.2K,2023-10-27 20:30:00
USD,1.0,CFTC Silver speculative net positions,24.3K,,19.7K,2023-10-27 20:30:00
USD,1.0,CFTC Aluminium speculative net positions,7.1K,,6.4K,2023-10-27 20:30:00
USD,1.0,CFTC Natural Gas speculative net positions,-70.3K,,-57.3K,2023-10-27 20:30:00
USD,1.0,CFTC Copper speculative net positions,-20.8K,,-25.9K,2023-10-27 20:30:00
USD,1.0,CFTC Corn speculative net positions,-48.3K,,-62.6K,2023-10-27 20:30:00
USD,2.0,CFTC Crude Oil speculative net positions,300.8K,,306.4K,2023-10-27 20:30:00
USD,2.0,CFTC S&P 500 speculative net positions,10.2K,,-63.2K,2023-10-27 20:30:00
USD,2.0,CFTC Gold speculative net positions,149.4K,,112.7K,2023-10-27 20:30:00
USD,2.0,CFTC Nasdaq 100 speculative net positions,2.7K,,14.3K,2023-10-27 20:30:00
USD,1.0,Dallas Fed Mfg Business Index (Oct),-19.2,,-18.1,2023-10-30 14:30:00
USD,1.0,6-Month Bill Auction,5.32%,,5.33%,2023-10-30 15:30:00
USD,1.0,3-Month Bill Auction,5.33%,,5.31%,2023-10-30 15:30:00
USD,1.0,Employment Wages (QoQ) (Q3),1.20%,,1.00%,2023-10-31 12:30:00
USD,1.0,Employment Benefits (QoQ) (Q3),0.90%,,0.90%,2023-10-31 12:30:00
USD,2.0,Employment Cost Index (QoQ) (Q3),1.10%,1.00%,1.00%,2023-10-31 12:30:00
USD,1.0,Redbook (YoY),5.30%,,5.00%,2023-10-31 12:55:00
USD,2.0,S&P/CS HPI Composite - 20 n.s.a. (YoY) (Aug),2.20%,1.60%,0.20%,2023-10-31 13:00:00
USD,1.0,S&P/CS HPI Composite - 20 s.a. (MoM) (Aug),1.00%,,0.80%,2023-10-31 13:00:00
USD,1.0,House Price Index (Aug),411.8,,409.4,2023-10-31 13:00:00
USD,1.0,House Price Index (MoM) (Aug),0.60%,0.50%,0.80%,2023-10-31 13:00:00
USD,1.0,House Price Index (YoY) (Aug),5.60%,,4.60%,2023-10-31 13:00:00
USD,2.0,S&P/CS HPI Composite - 20 n.s.a. (MoM) (Aug),0.40%,,0.60%,2023-10-31 13:00:00
USD,1.0,OPEC Crude Oil Production Nigeria (Barrel),1.39M,,1.27M,2023-10-31 13:30:00
USD,1.0,OPEC Crude oil Production Saudi Arabia (Barrel),9.01M,,8.97M,2023-10-31 13:30:00
USD,1.0,OPEC Crude oil Production Iraq (Barrel),4.31M,,4.28M,2023-10-31 13:30:00
USD,1.0,OPEC Crude oil Production Venezuela (Barrel),0.73M,,0.73M,2023-10-31 13:30:00
USD,1.0,OPEC Crude Oil Production Congo (Barrel),0.26M,,0.26M,2023-10-31 13:30:00
USD,1.0,OPEC Crude oil Production Iran (Barrel),3.06M,,3.00M,2023-10-31 13:30:00
USD,1.0,OPEC Crude Oil Production Guinea (Barrel),0.06M,,0.07M,2023-10-31 13:30:00
USD,1.0,OPEC Crude Oil Production Gabon (Barrel),0.21M,,0.22M,2023-10-31 13:30:00
USD,1.0,OPEC Crude Oil Production Kuwait (Barrel),2.58M,,2.55M,2023-10-31 13:30:00
USD,1.0,OPEC Crude oil Production UAE (Barrel),2.92M,,2.91M,2023-10-31 13:30:00
USD,1.0,OPEC Crude Oil Production Libya (Barrel),1.16M,,1.15M,2023-10-31 13:30:00
USD,1.0,OPEC Crude Oil Production Algeria (Barrel),0.96M,,0.93M,2023-10-31 13:30:00
USD,3.0,Chicago PMI (Oct),44,45,44.1,2023-10-31 13:45:00
USD,3.0,CB Consumer Confidence (Oct),102.6,100,104.3,2023-10-31 14:00:00
USD,1.0,Texas Services Sector Outlook (Oct),-18.2,,-8.6,2023-10-31 14:30:00
USD,1.0,Dallas Fed Services Revenues (Oct),0.7,,8.7,2023-10-31 14:30:00
USD,1.0,52-Week Bill Auction,5.14%,,5.19%,2023-10-31 15:30:00
USD,2.0,API Weekly Crude Oil Stock,1.347M,1.601M,-2.668M,2023-10-31 20:30:00
USD,1.0,MBA 30-Year Mortgage Rate,7.86%,,7.90%,2023-11-01 11:00:00
USD,1.0,MBA Mortgage Applications (WoW),-2.10%,,-1.00%,2023-11-01 11:00:00
USD,1.0,MBA Purchase Index,125.2,,127,2023-11-01 11:00:00
USD,1.0,Mortgage Market Index,161.8,,165.2,2023-11-01 11:00:00
USD,1.0,Mortgage Refinance Index,341.7,,354,2023-11-01 11:00:00
USD,3.0,ADP Nonfarm Employment Change (Oct),113K,150K,89K,2023-11-01 12:15:00
USD,3.0,S&P Global US Manufacturing PMI (Oct),50,50,49.8,2023-11-01 13:45:00
USD,1.0,ISM Manufacturing New Orders Index (Oct),45.5,,49.2,2023-11-01 14:00:00
USD,2.0,ISM Manufacturing Employment (Oct),46.8,50.3,51.2,2023-11-01 14:00:00
USD,3.0,ISM Manufacturing PMI (Oct),46.7,49,49,2023-11-01 14:00:00
USD,3.0,ISM Manufacturing Prices (Oct),45.1,45,43.8,2023-11-01 14:00:00
USD,3.0,JOLTs Job Openings (Sep),9.553M,9.250M,9.497M,2023-11-01 14:00:00
USD,2.0,Construction Spending (MoM) (Sep),0.40%,0.40%,1.00%,2023-11-01 14:00:00
USD,1.0,Crude Oil Imports,0.348M,,0.539M,2023-11-01 14:30:00
USD,3.0,Crude Oil Inventories,0.774M,1.261M,1.371M,2023-11-01 14:30:00
USD,1.0,EIA Refinery Crude Runs (WoW),0.062M,,-0.207M,2023-11-01 14:30:00
USD,1.0,Heating Oil Stockpiles,0.304M,,-0.037M,2023-11-01 14:30:00
USD,1.0,Gasoline Production,-0.330M,,0.063M,2023-11-01 14:30:00
USD,1.0,Distillate Fuel Production,-0.153M,,0.039M,2023-11-01 14:30:00
USD,1.0,EIA Weekly Refinery Utilization Rates (WoW),-0.20%,,-0.50%,2023-11-01 14:30:00
USD,1.0,Gasoline Inventories,0.065M,-0.803M,0.156M,2023-11-01 14:30:00
USD,1.0,EIA Weekly Distillates Stocks,-0.792M,-1.540M,-1.686M,2023-11-01 14:30:00
USD,2.0,Cushing Crude Oil Inventories,0.272M,,0.213M,2023-11-01 14:30:00
USD,2.0,Atlanta Fed GDPNow (Q4),1.20%,2.30%,2.30%,2023-11-01 17:30:00
USD,3.0,FOMC Statement,,,,2023-11-01 18:00:00
USD,3.0,Fed Interest Rate Decision,5.50%,5.50%,5.50%,2023-11-01 18:00:00
USD,3.0,FOMC Press Conference,,,,2023-11-01 18:30:00
USD,1.0,Challenger Job Cuts (YoY),8.80%,,58.20%,2023-11-02 11:30:00
USD,1.0,Challenger Job Cuts (Oct),36.836K,,47.457K,2023-11-02 11:30:00
USD,2.0,Continuing Jobless Claims,"1,818K","1,800K","1,783K",2023-11-02 12:30:00
USD,3.0,Initial Jobless Claims,217K,210K,212K,2023-11-02 12:30:00
USD,1.0,Jobless Claims 4-Week Avg.,210.00K,,208.00K,2023-11-02 12:30:00
USD,2.0,Unit Labor Costs (QoQ) (Q3),-0.80%,0.70%,3.20%,2023-11-02 12:30:00
USD,2.0,Nonfarm Productivity (QoQ) (Q3),4.70%,4.10%,3.60%,2023-11-02 12:30:00
USD,1.0,All Car Sales (Oct),3.10M,,3.22M,2023-11-02 13:00:00
USD,1.0,All Truck Sales (Oct),12.40M,,12.46M,2023-11-02 13:00:00
USD,1.0,Durables Excluding Defense (MoM) (Sep),5.70%,,5.80%,2023-11-02 14:00:00
USD,1.0,Durables Excluding Transport (MoM) (Sep),0.40%,,0.40%,2023-11-02 14:00:00
USD,2.0,Factory Orders (MoM) (Sep),2.80%,2.40%,1.00%,2023-11-02 14:00:00
USD,1.0,Factory orders ex transportation (MoM) (Sep),0.80%,,1.50%,2023-11-02 14:00:00
USD,1.0,Total Vehicle Sales,15.50M,15.30M,15.68M,2023-11-02 14:00:00
USD,1.0,Natural Gas Storage,79B,80B,74B,2023-11-02 14:30:00
USD,1.0,8-Week Bill Auction,5.30%,,5.33%,2023-11-02 15:30:00
USD,1.0,4-Week Bill Auction,5.29%,,5.30%,2023-11-02 15:30:00
USD,2.0,Fed's Balance Sheet,"7,867B",,"7,908B",2023-11-02 20:30:00
USD,1.0,Reserve Balances with Federal Reserve Banks,3.315T,,3.264T,2023-11-02 20:30:00
USD,2.0,Fed Vice Chair for Supervision Barr Speaks,,,,2023-11-03 12:00:00
USD,3.0,Unemployment Rate (Oct),3.90%,3.80%,3.80%,2023-11-03 12:30:00
USD,2.0,Private Nonfarm Payrolls (Oct),99K,158K,246K,2023-11-03 12:30:00
USD,2.0,Average Hourly Earnings (YoY) (YoY) (Oct),4.10%,4.00%,4.30%,2023-11-03 12:30:00
USD,3.0,Average Hourly Earnings (MoM) (Oct),0.20%,0.30%,0.30%,2023-11-03 12:30:00
USD,1.0,Average Weekly Hours (Oct),34.3,34.4,34.4,2023-11-03 12:30:00
USD,1.0,Government Payrolls (Oct),51.0K,29.0K,51.0K,2023-11-03 12:30:00
USD,1.0,Manufacturing Payrolls (Oct),-35K,-10K,14K,2023-11-03 12:30:00
USD,3.0,Nonfarm Payrolls (Oct),150K,180K,297K,2023-11-03 12:30:00
USD,2.0,Participation Rate (Oct),62.70%,62.80%,62.80%,2023-11-03 12:30:00
USD,2.0,U6 Unemployment Rate (Oct),7.20%,,7.00%,2023-11-03 12:30:00
USD,2.0,S&P Global Composite PMI (Oct),50.7,51,50.2,2023-11-03 13:45:00
USD,3.0,S&P Global Services PMI (Oct),50.6,50.9,50.1,2023-11-03 13:45:00
USD,3.0,ISM Non-Manufacturing PMI (Oct),51.8,53,53.6,2023-11-03 14:00:00
USD,2.0,ISM Non-Manufacturing Employment (Oct),50.2,53.5,53.4,2023-11-03 14:00:00
USD,1.0,ISM Non-Manufacturing New Orders (Oct),55.5,51.5,51.8,2023-11-03 14:00:00
USD,3.0,ISM Non-Manufacturing Prices (Oct),58.6,56.6,58.9,2023-11-03 14:00:00
USD,1.0,ISM Non-Manufacturing Business Activity (Oct),54.1,,58.8,2023-11-03 14:00:00
USD,2.0,U.S. Baker Hughes Oil Rig Count,496,,504,2023-11-03 17:00:00
USD,2.0,U.S. Baker Hughes Total Rig Count,618,,625,2023-11-03 17:00:00
USD,2.0,Fed Vice Chair for Supervision Barr Speaks,,,,2023-11-03 19:30:00
USD,1.0,CFTC Silver speculative net positions,20.2K,,24.3K,2023-11-03 20:30:00
USD,1.0,CFTC Wheat speculative net positions,-69.6K,,-59.9K,2023-11-03 20:30:00
USD,1.0,CFTC Soybeans speculative net positions,16.3K,,36.5K,2023-11-03 20:30:00
USD,1.0,CFTC Natural Gas speculative net positions,-54.7K,,-70.3K,2023-11-03 20:30:00
USD,2.0,CFTC Nasdaq 100 speculative net positions,6.7K,,2.7K,2023-11-03 20:30:00
USD,2.0,CFTC S&P 500 speculative net positions,4.3K,,10.2K,2023-11-03 20:30:00
USD,2.0,CFTC Crude Oil speculative net positions,262.3K,,300.8K,2023-11-03 20:30:00
USD,1.0,CFTC Corn speculative net positions,-87.7K,,-48.3K,2023-11-03 20:30:00
USD,1.0,CFTC Copper speculative net positions,-17.2K,,-20.8K,2023-11-03 20:30:00
USD,1.0,CFTC Aluminium speculative net positions,7.1K,,7.1K,2023-11-03 20:30:00
USD,2.0,CFTC Gold speculative net positions,163.4K,,149.4K,2023-11-03 20:30:00
USD,1.0,CB Employment Trends Index (Oct),114.16,,114.63,2023-11-06 15:00:00
USD,1.0,Fed Governor Cook Speaks,,,,2023-11-06 16:00:00
USD,1.0,6-Month Bill Auction,5.26%,,5.32%,2023-11-06 16:30:00
USD,1.0,3-Month Bill Auction,5.29%,,5.33%,2023-11-06 16:30:00
USD,1.0,Loan Officer Survey,,,,2023-11-06 19:00:00
USD,2.0,FOMC Member Kashkari Speaks,,,,2023-11-07 12:30:00
USD,1.0,Fed Goolsbee Speaks,,,,2023-11-07 13:00:00
USD,2.0,Imports,322.70B,,314.10B,2023-11-07 13:30:00
USD,2.0,Exports,261.10B,,255.40B,2023-11-07 13:30:00
USD,2.0,Trade Balance (Sep),-61.50B,-59.90B,-58.70B,2023-11-07 13:30:00
USD,1.0,Redbook (YoY),3.10%,,5.30%,2023-11-07 13:55:00
USD,2.0,Fed Vice Chair for Supervision Barr Speaks,,,,2023-11-07 14:15:00
USD,2.0,Fed Waller Speaks,,,,2023-11-07 15:00:00
USD,2.0,Atlanta Fed GDPNow (Q4),2.10%,1.20%,1.20%,2023-11-07 16:00:00
USD,2.0,EIA Short-Term Energy Outlook,,,,2023-11-07 17:00:00
USD,2.0,FOMC Member Williams Speaks,,,,2023-11-07 17:00:00
USD,2.0,3-Year Note Auction,4.70%,,4.74%,2023-11-07 18:00:00
USD,1.0,Fed Logan Speaks,,,,2023-11-07 18:30:00
USD,2.0,Consumer Credit (Sep),9.06B,10.00B,-15.79B,2023-11-07 20:00:00
USD,2.0,API Weekly Crude Oil Stock,11.900M,-0.300M,1.347M,2023-11-07 22:00:00
USD,1.0,Fed Governor Cook Speaks,,,,2023-11-08 10:15:00
USD,1.0,MBA 30-Year Mortgage Rate,7.61%,,7.86%,2023-11-08 12:00:00
USD,1.0,MBA Mortgage Applications (WoW),2.50%,,-2.10%,2023-11-08 12:00:00
USD,1.0,MBA Purchase Index,129,,125.2,2023-11-08 12:00:00
USD,1.0,Mortgage Market Index,165.9,,161.8,2023-11-08 12:00:00
USD,1.0,Mortgage Refinance Index,347.3,,341.7,2023-11-08 12:00:00
USD,3.0,Fed Chair Powell Speaks,,,,2023-11-08 14:15:00
USD,1.0,Thomson Reuters IPSOS PCSI (Nov),52.15,,52.02,2023-11-08 15:00:00
USD,1.0,Wholesale Inventories (MoM) (Sep),0.20%,0.00%,-0.10%,2023-11-08 15:00:00
USD,1.0,Wholesale Trade Sales (MoM) (Sep),2.20%,,2.00%,2023-11-08 15:00:00
USD,2.0,Atlanta Fed GDPNow (Q4),2.10%,2.10%,2.10%,2023-11-08 16:30:00
USD,3.0,10-Year Note Auction,4.52%,,4.61%,2023-11-08 18:00:00
USD,2.0,FOMC Member Williams Speaks,,,,2023-11-08 18:40:00
USD,2.0,Fed Vice Chair for Supervision Barr Speaks,,,,2023-11-08 19:00:00
USD,1.0,Fed Governor Jefferson Speaks,,,,2023-11-08 21:45:00
USD,2.0,Continuing Jobless Claims,"1,834K","1,820K","1,812K",2023-11-09 13:30:00
USD,3.0,Initial Jobless Claims,217K,215K,220K,2023-11-09 13:30:00
USD,1.0,Jobless Claims 4-Week Avg.,212.25K,,210.75K,2023-11-09 13:30:00
USD,2.0,FOMC Member Bostic Speaks,,,,2023-11-09 14:30:00
USD,1.0,FOMC Member Barkin Speaks,,,,2023-11-09 16:00:00
USD,1.0,4-Week Bill Auction,5.29%,,5.29%,2023-11-09 16:30:00
USD,1.0,8-Week Bill Auction,5.29%,,5.30%,2023-11-09 16:30:00
USD,2.0,WASDE Report,,,,2023-11-09 17:00:00
USD,3.0,30-Year Bond Auction,4.77%,,4.84%,2023-11-09 18:00:00
USD,3.0,Fed Chair Powell Speaks,,,,2023-11-09 19:00:00
USD,1.0,Reserve Balances with Federal Reserve Banks,3.360T,,3.315T,2023-11-09 21:30:00
USD,2.0,Fed's Balance Sheet,"7,861B",,"7,867B",2023-11-09 21:30:00
USD,1.0,Fed Logan Speaks,,,,2023-11-10 12:30:00
USD,2.0,FOMC Member Bostic Speaks,,,,2023-11-10 14:00:00
USD,2.0,Michigan 1-Year Inflation Expectations (Nov),4.40%,4.00%,4.20%,2023-11-10 15:00:00
USD,2.0,Michigan 5-Year Inflation Expectations (Nov),3.20%,3.00%,3.00%,2023-11-10 15:00:00
USD,2.0,Michigan Consumer Expectations (Nov),56.9,59.5,59.3,2023-11-10 15:00:00
USD,2.0,Michigan Consumer Sentiment (Nov),60.4,63.7,63.8,2023-11-10 15:00:00
USD,1.0,Michigan Current Conditions (Nov),65.7,69.5,70.6,2023-11-10 15:00:00
USD,2.0,U.S. Baker Hughes Oil Rig Count,494,,496,2023-11-10 18:00:00
USD,2.0,U.S. Baker Hughes Total Rig Count,616,,618,2023-11-10 18:00:00
USD,2.0,FOMC Member Bostic Speaks,,,,2023-11-11 20:30:00
USD,1.0,IBD/TIPP Economic Optimism,44.5,40.2,36.3,2023-11-13 11:40:00
USD,2.0,OPEC Monthly Report,,,,2023-11-13 12:00:00
USD,1.0,Fed Governor Cook Speaks,,,,2023-11-13 13:50:00
USD,2.0,NY Fed 1-Year Consumer Inflation Expectations,3.60%,,3.70%,2023-11-13 16:00:00
USD,1.0,3-Month Bill Auction,5.29%,,5.29%,2023-11-13 16:30:00
USD,1.0,6-Month Bill Auction,5.27%,,5.26%,2023-11-13 16:30:00
USD,2.0,Federal Budget Balance (Oct),-67.0B,-65.0B,-171.0B,2023-11-13 19:00:00
USD,2.0,CFTC Gold speculative net positions,166.2K,,163.4K,2023-11-13 20:30:00
USD,2.0,CFTC S&P 500 speculative net positions,-53.4K,,4.3K,2023-11-13 20:30:00
USD,1.0,CFTC Silver speculative net positions,18.3K,,20.2K,2023-11-13 20:30:00
USD,1.0,CFTC Soybeans speculative net positions,63.6K,,16.3K,2023-11-13 20:30:00
USD,1.0,CFTC Wheat speculative net positions,-59.6K,,-69.6K,2023-11-13 20:30:00
USD,1.0,CFTC Natural Gas speculative net positions,-70.0K,,-54.7K,2023-11-13 20:30:00
USD,2.0,CFTC Nasdaq 100 speculative net positions,16.3K,,6.7K,2023-11-13 20:30:00
USD,2.0,CFTC Crude Oil speculative net positions,236.0K,,262.3K,2023-11-13 20:30:00
USD,1.0,CFTC Aluminium speculative net positions,6.1K,,7.1K,2023-11-13 20:30:00
USD,1.0,CFTC Copper speculative net positions,-10.3K,,-17.2K,2023-11-13 20:30:00
USD,1.0,CFTC Corn speculative net positions,-106.0K,,-87.7K,2023-11-13 20:30:00
USD,2.0,FOMC Member Williams Speaks,,,,2023-11-14 08:00:00
USD,2.0,IEA Monthly Report,,,,2023-11-14 09:00:00
USD,1.0,Fed Governor Jefferson Speaks,,,,2023-11-14 10:30:00
USD,1.0,NFIB Small Business Optimism (Oct),90.7,90.5,90.8,2023-11-14 11:00:00
USD,3.0,Core CPI (MoM) (Oct),0.20%,0.30%,0.30%,2023-11-14 13:30:00
USD,2.0,Core CPI (YoY) (Oct),4.00%,4.10%,4.10%,2023-11-14 13:30:00
USD,1.0,Core CPI Index (Oct),311.37,311.67,310.66,2023-11-14 13:30:00
USD,3.0,CPI (YoY) (Oct),3.20%,3.30%,3.70%,2023-11-14 13:30:00
USD,1.0,"CPI Index, n.s.a. (Oct)",307.67,307.86,307.79,2023-11-14 13:30:00
USD,3.0,CPI (MoM) (Oct),0.00%,0.10%,0.40%,2023-11-14 13:30:00
USD,1.0,"CPI, n.s.a (MoM) (Oct)",-0.04%,,0.25%,2023-11-14 13:30:00
USD,1.0,Real Earnings (MoM) (Oct),-0.10%,,-0.10%,2023-11-14 13:30:00
USD,1.0,"CPI Index, s.a (Oct)",307.62,,307.48,2023-11-14 13:30:00
USD,1.0,Redbook (YoY),3.00%,,3.10%,2023-11-14 13:55:00
USD,2.0,Fed Vice Chair for Supervision Barr Speaks,,,,2023-11-14 15:00:00
USD,1.0,Cleveland CPI (MoM) (Oct),0.30%,,0.50%,2023-11-14 16:00:00
USD,2.0,FOMC Member Mester Speaks,,,,2023-11-14 16:00:00
USD,1.0,Fed Goolsbee Speaks,,,,2023-11-14 17:45:00
USD,2.0,API Weekly Crude Oil Stock,1.335M,1.400M,11.900M,2023-11-14 21:30:00
USD,1.0,Mortgage Market Index,170.5,,165.9,2023-11-15 12:00:00
USD,1.0,Mortgage Refinance Index,354.3,,347.3,2023-11-15 12:00:00
USD,1.0,MBA 30-Year Mortgage Rate,7.61%,,7.61%,2023-11-15 12:00:00
USD,1.0,MBA Mortgage Applications (WoW),2.80%,,2.50%,2023-11-15 12:00:00
USD,1.0,MBA Purchase Index,133.2,,129,2023-11-15 12:00:00
USD,1.0,Retail Sales (YoY) (Oct),2.48%,,4.05%,2023-11-15 13:30:00
USD,3.0,Retail Sales (MoM) (Oct),-0.10%,-0.30%,0.90%,2023-11-15 13:30:00
USD,1.0,PPI ex. Food/Energy/Transport (MoM) (Oct),0.10%,,0.30%,2023-11-15 13:30:00
USD,1.0,PPI ex. Food/Energy/Transport (YoY) (Oct),2.90%,,3.00%,2023-11-15 13:30:00
USD,2.0,Core PPI (MoM) (Oct),0.00%,0.30%,0.20%,2023-11-15 13:30:00
USD,1.0,Core PPI (YoY) (Oct),2.40%,2.70%,2.70%,2023-11-15 13:30:00
USD,3.0,Core Retail Sales (MoM) (Oct),0.10%,-0.20%,0.80%,2023-11-15 13:30:00
USD,2.0,NY Empire State Manufacturing Index (Nov),9.1,-2.8,-4.6,2023-11-15 13:30:00
USD,1.0,PPI (YoY) (Oct),1.30%,1.90%,2.20%,2023-11-15 13:30:00
USD,3.0,PPI (MoM) (Oct),-0.50%,0.10%,0.40%,2023-11-15 13:30:00
USD,1.0,Retail Sales Ex Gas/Autos (MoM) (Oct),0.10%,0.00%,0.80%,2023-11-15 13:30:00
USD,2.0,Retail Control (MoM) (Oct),0.20%,,0.70%,2023-11-15 13:30:00
USD,2.0,Fed Vice Chair for Supervision Barr Speaks,,,,2023-11-15 14:30:00
USD,2.0,Retail Inventories Ex Auto (Sep),0.40%,0.30%,0.50%,2023-11-15 15:00:00
USD,2.0,Business Inventories (MoM) (Sep),0.40%,0.40%,0.40%,2023-11-15 15:00:00
USD,1.0,Crude Oil Imports,0.341M,,0.348M,2023-11-15 15:29:00
USD,1.0,Gasoline Inventories,-6.300M,,0.065M,2023-11-15 15:29:00
USD,1.0,Heating Oil Stockpiles,-0.432M,,0.304M,2023-11-15 15:29:00
USD,1.0,Gasoline Production,0.734M,,-0.330M,2023-11-15 15:29:00
USD,1.0,EIA Weekly Distillates Stocks,-3.294M,,-0.792M,2023-11-15 15:29:00
USD,1.0,Distillate Fuel Production,0.120M,,-0.153M,2023-11-15 15:29:00
USD,2.0,Cushing Crude Oil Inventories,1.587M,,0.272M,2023-11-15 15:29:00
USD,1.0,EIA Refinery Crude Runs (WoW),-0.016M,,0.062M,2023-11-15 15:29:00
USD,3.0,Crude Oil Inventories,13.869M,,0.774M,2023-11-15 15:29:00
USD,1.0,Gasoline Production,-0.813M,,0.734M,2023-11-15 15:30:00
USD,1.0,EIA Weekly Distillates Stocks,-1.400M,-1.242M,-3.294M,2023-11-15 15:30:00
USD,1.0,EIA Refinery Crude Runs (WoW),0.164M,,-0.016M,2023-11-15 15:30:00
USD,1.0,Heating Oil Stockpiles,-0.100M,,-0.432M,2023-11-15 15:30:00
USD,2.0,Cushing Crude Oil Inventories,1.900M,,1.587M,2023-11-15 15:30:00
USD,1.0,Distillate Fuel Production,0.053M,,0.120M,2023-11-15 15:30:00
USD,3.0,Crude Oil Inventories,3.600M,1.793M,13.869M,2023-11-15 15:30:00
USD,1.0,EIA Weekly Refinery Utilization Rates (WoW),0.90%,,-0.20%,2023-11-15 15:30:00
USD,1.0,Crude Oil Imports,-0.385M,,0.341M,2023-11-15 15:30:00
USD,1.0,Gasoline Inventories,-1.500M,0.622M,-6.300M,2023-11-15 15:30:00
USD,2.0,Atlanta Fed GDPNow (Q4),2.20%,2.10%,2.10%,2023-11-15 17:00:00
USD,1.0,FOMC Member Barkin Speaks,,,,2023-11-15 20:30:00
USD,1.0,Fed Governor Cook Speaks,,,,2023-11-16 11:00:00
USD,2.0,Fed Vice Chair for Supervision Barr Speaks,,,,2023-11-16 12:10:00
USD,1.0,Import Price Index ex Petroleum (MoM),-0.20%,,-0.20%,2023-11-16 12:30:00
USD,2.0,Continuing Jobless Claims,"1,865K","1,847K","1,833K",2023-11-16 13:30:00
USD,1.0,Export Price Index (YoY),-4.90%,,-4.30%,2023-11-16 13:30:00
USD,2.0,Export Price Index (MoM) (Oct),-1.10%,-0.50%,0.50%,2023-11-16 13:30:00
USD,2.0,Import Price Index (MoM) (Oct),-0.80%,-0.30%,0.40%,2023-11-16 13:30:00
USD,3.0,Initial Jobless Claims,231K,220K,218K,2023-11-16 13:30:00
USD,1.0,Jobless Claims 4-Week Avg.,220.25K,,212.50K,2023-11-16 13:30:00
USD,3.0,Philadelphia Fed Manufacturing Index (Nov),-5.9,-9,-9,2023-11-16 13:30:00
USD,1.0,Philly Fed Business Conditions (Nov),-2.1,,9.2,2023-11-16 13:30:00
USD,1.0,Philly Fed CAPEX Index (Nov),-1.3,,-4.8,2023-11-16 13:30:00
USD,2.0,Philly Fed Employment (Nov),0.8,,4,2023-11-16 13:30:00
USD,1.0,Import Price Index (YoY),-2.00%,,-1.50%,2023-11-16 13:30:00
USD,1.0,Philly Fed New Orders (Nov),1.3,,4.4,2023-11-16 13:30:00
USD,1.0,Philly Fed Prices Paid (Nov),14.8,,23.1,2023-11-16 13:30:00
USD,1.0,Capacity Utilization Rate (Oct),78.90%,79.40%,79.50%,2023-11-16 14:15:00
USD,2.0,Industrial Production (MoM) (Oct),-0.60%,-0.30%,0.10%,2023-11-16 14:15:00
USD,2.0,Industrial Production (YoY) (Oct),-0.68%,,-0.16%,2023-11-16 14:15:00
USD,1.0,Manufacturing Production (MoM) (Oct),-0.70%,-0.30%,0.20%,2023-11-16 14:15:00
USD,2.0,FOMC Member Williams Speaks,,,,2023-11-16 14:25:00
USD,2.0,Fed Governor Kroszner Speaks,,,,2023-11-16 15:00:00
USD,1.0,NAHB Housing Market Index (Nov),34,40,40,2023-11-16 15:00:00
USD,1.0,Natural Gas Storage,-6B,,79B,2023-11-16 15:29:00
USD,2.0,Fed Waller Speaks,,,,2023-11-16 15:30:00
USD,1.0,Natural Gas Storage,60B,40B,-6B,2023-11-16 15:30:00
USD,2.0,Fed Vice Chair for Supervision Barr Speaks,,,,2023-11-16 15:35:00
USD,1.0,KC Fed Composite Index (Nov),-2,,-8,2023-11-16 16:00:00
USD,1.0,KC Fed Manufacturing Index (Nov),-3,,-8,2023-11-16 16:00:00
USD,1.0,4-Week Bill Auction,5.29%,,5.29%,2023-11-16 16:30:00
USD,1.0,8-Week Bill Auction,5.28%,,5.29%,2023-11-16 16:30:00
USD,2.0,FOMC Member Mester Speaks,,,,2023-11-16 17:00:00
USD,1.0,Fed Governor Cook Speaks,,,,2023-11-16 17:00:00
USD,1.0,Overall Net Capital Flow (Sep),-67.40B,,131.00B,2023-11-16 21:00:00
USD,1.0,TIC Net Long-Term Transactions including Swaps (Sep),-1.70B,,62.20B,2023-11-16 21:00:00
USD,2.0,TIC Net Long-Term Transactions (Sep),-1.7B,89.4B,62.2B,2023-11-16 21:00:00
USD,1.0,"US Foreign Buying, T-bonds (Sep)",-17.50B,,21.70B,2023-11-16 21:00:00
USD,1.0,Reserve Balances with Federal Reserve Banks,3.483T,,3.360T,2023-11-16 21:30:00
USD,2.0,Fed's Balance Sheet,"7,815B",,"7,861B",2023-11-16 21:30:00
USD,2.0,Building Permits (Oct),1.487M,1.450M,1.471M,2023-11-17 13:30:00
USD,2.0,Housing Starts (Oct),1.372M,1.345M,1.346M,2023-11-17 13:30:00
USD,1.0,Building Permits (MoM) (Oct),1.10%,,-4.50%,2023-11-17 13:30:00
USD,2.0,Housing Starts (MoM) (Oct),1.90%,,3.10%,2023-11-17 13:30:00
USD,1.0,Fed Collins Speaks,,,,2023-11-17 13:45:00
USD,2.0,Fed Vice Chair for Supervision Barr Speaks,,,,2023-11-17 13:45:00
USD,1.0,Fed Goolsbee Speaks,,,,2023-11-17 14:45:00
USD,2.0,FOMC Member Daly Speaks,,,,2023-11-17 15:00:00
USD,1.0,Fed Collins Speaks,,,,2023-11-17 15:15:00
USD,2.0,Atlanta Fed GDPNow (Q4),2.00%,2.20%,2.20%,2023-11-17 16:30:00
USD,2.0,U.S. Baker Hughes Oil Rig Count,500,,494,2023-11-17 18:00:00
USD,2.0,U.S. Baker Hughes Total Rig Count,618,,616,2023-11-17 18:00:00
USD,2.0,CFTC S&P 500 speculative net positions,-52.8K,,-53.4K,2023-11-17 20:30:00
USD,1.0,CFTC Silver speculative net positions,22.4K,,18.3K,2023-11-17 20:30:00
USD,1.0,CFTC Soybeans speculative net positions,86.7K,,63.6K,2023-11-17 20:30:00
USD,1.0,CFTC Natural Gas speculative net positions,-102.6K,,-70.0K,2023-11-17 20:30:00
USD,2.0,CFTC Nasdaq 100 speculative net positions,0.3K,,16.3K,2023-11-17 20:30:00
USD,2.0,CFTC Gold speculative net positions,155.4K,,166.2K,2023-11-17 20:30:00
USD,1.0,CFTC Wheat speculative net positions,-59.0K,,-59.6K,2023-11-17 20:30:00
USD,1.0,CFTC Corn speculative net positions,-109.2K,,-106.0K,2023-11-17 20:30:00
USD,1.0,CFTC Copper speculative net positions,-16.6K,,-10.3K,2023-11-17 20:30:00
USD,1.0,CFTC Aluminium speculative net positions,6.2K,,6.1K,2023-11-17 20:30:00
USD,2.0,CFTC Crude Oil speculative net positions,215.7K,,236.0K,2023-11-17 20:30:00
USD,2.0,US Leading Index (MoM) (Oct),-0.80%,-0.70%,-0.70%,2023-11-20 15:00:00
USD,1.0,6-Month Bill Auction,5.23%,,5.27%,2023-11-20 16:30:00
USD,1.0,3-Month Bill Auction,5.27%,,5.29%,2023-11-20 16:30:00
USD,2.0,20-Year Bond Auction,4.78%,,5.25%,2023-11-20 18:00:00
USD,1.0,Chicago Fed National Activity (Oct),-0.49,,-0.02,2023-11-21 13:30:00
USD,1.0,Redbook (YoY),3.40%,,3.00%,2023-11-21 13:55:00
USD,2.0,Existing Home Sales (MoM) (Oct),-4.10%,,-2.20%,2023-11-21 15:00:00
USD,3.0,Existing Home Sales (Oct),3.79M,3.90M,3.95M,2023-11-21 15:00:00
USD,2.0,10-Year TIPS Auction,2.18%,,2.09%,2023-11-21 18:00:00
USD,3.0,FOMC Meeting Minutes,,,,2023-11-21 19:00:00
USD,2.0,API Weekly Crude Oil Stock,9.047M,1.467M,1.335M,2023-11-21 21:30:00
USD,1.0,MBA 30-Year Mortgage Rate,7.41%,,7.61%,2023-11-22 12:00:00
USD,1.0,MBA Mortgage Applications (WoW),3.00%,,2.80%,2023-11-22 12:00:00
USD,1.0,Mortgage Market Index,175.6,,170.5,2023-11-22 12:00:00
USD,1.0,Mortgage Refinance Index,359.9,,354.3,2023-11-22 12:00:00
USD,1.0,MBA Purchase Index,138.4,,133.2,2023-11-22 12:00:00
USD,1.0,Jobless Claims 4-Week Avg.,220.00K,,220.75K,2023-11-22 13:30:00
USD,2.0,Continuing Jobless Claims,"1,840K",,"1,862K",2023-11-22 13:30:00
USD,2.0,Core Durable Goods Orders (MoM) (Oct),0.00%,0.10%,0.20%,2023-11-22 13:30:00
USD,3.0,Durable Goods Orders (MoM) (Oct),-5.40%,-3.10%,4.00%,2023-11-22 13:30:00
USD,1.0,Durables Excluding Defense (MoM) (Oct),-6.70%,,5.00%,2023-11-22 13:30:00
USD,1.0,Goods Orders Non Defense Ex Air (MoM) (Oct),-0.10%,0.10%,-0.20%,2023-11-22 13:30:00
USD,3.0,Initial Jobless Claims,209K,225K,233K,2023-11-22 13:30:00
USD,2.0,Michigan 1-Year Inflation Expectations (Nov),4.50%,4.40%,4.40%,2023-11-22 15:00:00
USD,2.0,Michigan 5-Year Inflation Expectations (Nov),3.20%,3.20%,3.20%,2023-11-22 15:00:00
USD,2.0,Michigan Consumer Expectations (Nov),56.8,56.9,56.9,2023-11-22 15:00:00
USD,1.0,Michigan Current Conditions (Nov),68.3,65.7,65.7,2023-11-22 15:00:00
USD,2.0,Michigan Consumer Sentiment (Nov),61.3,60.4,63.8,2023-11-22 15:00:00
USD,1.0,Distillate Fuel Production,0.185M,,0.053M,2023-11-22 15:30:00
USD,1.0,EIA Weekly Refinery Utilization Rates (WoW),0.90%,,0.90%,2023-11-22 15:30:00
USD,3.0,Crude Oil Inventories,8.701M,1.160M,3.592M,2023-11-22 15:30:00
USD,1.0,EIA Refinery Crude Runs (WoW),0.105M,,0.164M,2023-11-22 15:30:00
USD,1.0,Crude Oil Imports,0.259M,,-0.385M,2023-11-22 15:30:00
USD,2.0,Cushing Crude Oil Inventories,0.858M,,1.925M,2023-11-22 15:30:00
USD,1.0,EIA Weekly Distillates Stocks,-1.018M,-0.761M,-1.422M,2023-11-22 15:30:00
USD,1.0,Gasoline Production,-0.043M,,-0.813M,2023-11-22 15:30:00
USD,1.0,Heating Oil Stockpiles,-0.179M,,-0.148M,2023-11-22 15:30:00
USD,1.0,Gasoline Inventories,0.749M,-0.150M,-1.540M,2023-11-22 15:30:00
USD,2.0,Atlanta Fed GDPNow (Q4),2.10%,2.00%,2.00%,2023-11-22 16:30:00
USD,1.0,8-Week Bill Auction,5.28%,,5.28%,2023-11-22 16:30:00
USD,1.0,4-Week Bill Auction,5.30%,,5.29%,2023-11-22 16:30:00
USD,1.0,Natural Gas Storage,-7B,7B,60B,2023-11-22 17:00:00
USD,2.0,U.S. Baker Hughes Total Rig Count,622,,618,2023-11-22 18:00:00
USD,2.0,U.S. Baker Hughes Oil Rig Count,500,,500,2023-11-22 18:00:00
USD,3.0,S&P Global Services PMI (Nov),50.8,50.4,50.6,2023-11-24 14:45:00
USD,2.0,S&P Global Composite PMI (Nov),50.7,,50.7,2023-11-24 14:45:00
USD,3.0,S&P Global US Manufacturing PMI (Nov),49.4,49.8,50,2023-11-24 14:45:00
USD,2.0,Fed's Balance Sheet,"7,811B",,"7,815B",2023-11-24 21:30:00
USD,1.0,Reserve Balances with Federal Reserve Banks,3.455T,,3.483T,2023-11-24 21:30:00
USD,1.0,Building Permits (MoM) (Oct),1.80%,1.10%,-4.50%,2023-11-27 12:50:00
USD,2.0,Building Permits (Oct),1.498M,1.487M,1.471M,2023-11-27 12:50:00
USD,3.0,New Home Sales (Oct),679K,721K,719K,2023-11-27 15:00:00
USD,2.0,New Home Sales (MoM) (Oct),-5.60%,-4.50%,8.60%,2023-11-27 15:00:00
USD,1.0,Dallas Fed Mfg Business Index (Nov),-19.9,,-19.2,2023-11-27 15:30:00
USD,2.0,2-Year Note Auction,4.89%,,5.06%,2023-11-27 16:30:00
USD,1.0,6-Month Bill Auction,5.24%,,5.23%,2023-11-27 16:30:00
USD,1.0,3-Month Bill Auction,5.28%,,5.27%,2023-11-27 18:00:00
USD,2.0,5-Year Note Auction,4.42%,,4.90%,2023-11-27 18:00:00
USD,1.0,CFTC Wheat speculative net positions,-77.5K,,-59.0K,2023-11-27 20:30:00
USD,1.0,CFTC Soybeans speculative net positions,73.8K,,86.7K,2023-11-27 20:30:00
USD,1.0,CFTC Silver speculative net positions,27.5K,,22.4K,2023-11-27 20:30:00
USD,2.0,CFTC S&P 500 speculative net positions,-80.1K,,-52.8K,2023-11-27 20:30:00
USD,1.0,CFTC Natural Gas speculative net positions,-120.3K,,-102.6K,2023-11-27 20:30:00
USD,1.0,CFTC Aluminium speculative net positions,6.3K,,6.2K,2023-11-27 20:30:00
USD,2.0,CFTC Gold speculative net positions,171.7K,,155.4K,2023-11-27 20:30:00
USD,2.0,CFTC Crude Oil speculative net positions,207.3K,,215.7K,2023-11-27 20:30:00
USD,1.0,CFTC Corn speculative net positions,-124.0K,,-109.2K,2023-11-27 20:30:00
USD,1.0,CFTC Copper speculative net positions,-3.5K,,-16.6K,2023-11-27 20:30:00
USD,2.0,CFTC Nasdaq 100 speculative net positions,5.0K,,0.3K,2023-11-27 20:30:00
USD,1.0,Redbook (YoY),6.30%,,3.40%,2023-11-28 13:55:00
USD,1.0,House Price Index (MoM) (Sep),0.60%,0.40%,0.70%,2023-11-28 14:00:00
USD,1.0,House Price Index (YoY) (Sep),6.10%,,5.80%,2023-11-28 14:00:00
USD,1.0,House Price Index (Sep),414.8,,412.2,2023-11-28 14:00:00
USD,1.0,S&P/CS HPI Composite - 20 s.a. (MoM) (Sep),0.70%,,0.80%,2023-11-28 14:00:00
USD,2.0,S&P/CS HPI Composite - 20 n.s.a. (MoM) (Sep),0.20%,,0.30%,2023-11-28 14:00:00
USD,2.0,S&P/CS HPI Composite - 20 n.s.a. (YoY) (Sep),3.90%,4.00%,2.10%,2023-11-28 14:00:00
USD,1.0,Richmond Manufacturing Index (Nov),-5,1,3,2023-11-28 15:00:00
USD,3.0,CB Consumer Confidence (Nov),102,101,99.1,2023-11-28 15:00:00
USD,1.0,Fed Goolsbee Speaks,,,,2023-11-28 15:00:00
USD,1.0,Richmond Manufacturing Shipments (Nov),-8,,9,2023-11-28 15:00:00
USD,1.0,Richmond Services Index (Nov),1,,-11,2023-11-28 15:00:00
USD,2.0,Fed Waller Speaks,,,,2023-11-28 15:05:00
USD,1.0,Dallas Fed Services Revenues (Nov),-2.4,,0.7,2023-11-28 15:30:00
USD,1.0,Texas Services Sector Outlook (Nov),-11.6,,-18.2,2023-11-28 15:30:00
USD,2.0,FOMC Member Bowman Speaks,,,,2023-11-28 15:45:00
USD,1.0,52-Week Bill Auction,4.94%,,5.14%,2023-11-28 16:30:00
USD,2.0,7-Year Note Auction,4.40%,,4.91%,2023-11-28 18:00:00
USD,1.0,M2 Money Supply (MoM) (Oct),20.73T,,20.76T,2023-11-28 18:00:00
USD,2.0,Fed Vice Chair for Supervision Barr Speaks,,,,2023-11-28 18:05:00
USD,2.0,Fed Vice Chair for Supervision Barr Speaks,,,,2023-11-28 20:30:00
USD,2.0,API Weekly Crude Oil Stock,-0.817M,-2.000M,9.047M,2023-11-28 21:30:00
USD,1.0,Mortgage Refinance Index,327.8,,359.9,2023-11-29 12:00:00
USD,1.0,MBA 30-Year Mortgage Rate,7.37%,,7.41%,2023-11-29 12:00:00
USD,1.0,MBA Mortgage Applications (WoW),0.30%,,3.00%,2023-11-29 12:00:00
USD,1.0,MBA Purchase Index,144.9,,138.4,2023-11-29 12:00:00
USD,1.0,Mortgage Market Index,176.1,,175.6,2023-11-29 12:00:00
USD,1.0,Wholesale Inventories (MoM),-0.20%,0.10%,0.10%,2023-11-29 13:30:00
USD,2.0,Goods Trade Balance (Oct),-89.84B,-86.70B,-86.84B,2023-11-29 13:30:00
USD,2.0,Retail Inventories Ex Auto (Oct),-0.90%,,-0.40%,2023-11-29 13:30:00
USD,1.0,Real Consumer Spending (Q3),3.60%,4.00%,0.80%,2023-11-29 13:30:00
USD,1.0,GDP Sales (Q3),3.70%,3.50%,2.10%,2023-11-29 13:30:00
USD,1.0,Corporate Profits (QoQ) (Q3),4.10%,,0.50%,2023-11-29 13:30:00
USD,2.0,Core PCE Prices (Q3),2.30%,2.40%,3.70%,2023-11-29 13:30:00
USD,2.0,GDP Price Index (QoQ) (Q3),3.50%,3.50%,1.70%,2023-11-29 13:30:00
USD,1.0,PCE Prices (Q3),2.80%,2.90%,2.50%,2023-11-29 13:30:00
USD,3.0,GDP (QoQ) (Q3),5.20%,4.90%,2.10%,2023-11-29 13:30:00
USD,3.0,Crude Oil Inventories,1.609M,-0.933M,8.701M,2023-11-29 15:30:00
USD,1.0,EIA Refinery Crude Runs (WoW),0.518M,,0.105M,2023-11-29 15:30:00
USD,1.0,Crude Oil Imports,-0.665M,,0.259M,2023-11-29 15:30:00
USD,2.0,Cushing Crude Oil Inventories,1.854M,,0.858M,2023-11-29 15:30:00
USD,1.0,Distillate Fuel Production,0.060M,,0.185M,2023-11-29 15:30:00
USD,1.0,EIA Weekly Distillates Stocks,5.217M,-0.394M,-1.018M,2023-11-29 15:30:00
USD,1.0,Gasoline Production,-0.035M,,-0.043M,2023-11-29 15:30:00
USD,1.0,Heating Oil Stockpiles,0.003M,,-0.179M,2023-11-29 15:30:00
USD,1.0,Gasoline Inventories,1.764M,0.229M,0.749M,2023-11-29 15:30:00
USD,1.0,EIA Weekly Refinery Utilization Rates (WoW),2.80%,,0.90%,2023-11-29 15:30:00
USD,2.0,FOMC Member Mester Speaks,,,,2023-11-29 18:45:00
USD,2.0,Beige Book,,,,2023-11-29 19:00:00
USD,2.0,OPEC Meeting,,,,2023-11-30 10:00:00
USD,1.0,OPEC Crude Oil Production Algeria (Barrel),0.97M,,0.96M,2023-11-30 13:15:00
USD,1.0,OPEC Crude Oil Production Congo (Barrel),0.26M,,0.26M,2023-11-30 13:15:00
USD,1.0,OPEC Crude Oil Production Gabon (Barrel),0.22M,,0.21M,2023-11-30 13:15:00
USD,1.0,OPEC Crude Oil Production Guinea (Barrel),0.06M,,0.06M,2023-11-30 13:15:00
USD,1.0,OPEC Crude oil Production Iran (Barrel),3.12M,,3.06M,2023-11-30 13:15:00
USD,1.0,OPEC Crude oil Production Iraq (Barrel),4.36M,,4.31M,2023-11-30 13:15:00
USD,1.0,OPEC Crude Oil Production Libya (Barrel),1.16M,,1.16M,2023-11-30 13:15:00
USD,1.0,OPEC Crude Oil Production Nigeria (Barrel),1.39M,,1.39M,2023-11-30 13:15:00
USD,1.0,OPEC Crude oil Production Saudi Arabia (Barrel),8.90M,,9.01M,2023-11-30 13:15:00
USD,1.0,OPEC Crude oil Production UAE (Barrel),2.92M,,2.92M,2023-11-30 13:15:00
USD,1.0,OPEC Crude oil Production Venezuela (Barrel),0.76M,,0.73M,2023-11-30 13:15:00
USD,1.0,OPEC Crude Oil Production Kuwait (Barrel),2.55M,,2.58M,2023-11-30 13:15:00
USD,3.0,Core PCE Price Index (MoM) (Oct),0.20%,0.20%,0.30%,2023-11-30 13:30:00
USD,3.0,Core PCE Price Index (YoY) (Oct),3.50%,3.50%,3.70%,2023-11-30 13:30:00
USD,3.0,Initial Jobless Claims,218K,220K,211K,2023-11-30 13:30:00
USD,1.0,Jobless Claims 4-Week Avg.,220.00K,,220.50K,2023-11-30 13:30:00
USD,2.0,PCE price index (MoM) (Oct),0.00%,0.10%,0.40%,2023-11-30 13:30:00
USD,2.0,PCE Price index (YoY) (Oct),3.00%,3.00%,3.40%,2023-11-30 13:30:00
USD,1.0,Personal Income (MoM) (Oct),0.20%,0.20%,0.40%,2023-11-30 13:30:00
USD,2.0,Personal Spending (MoM) (Oct),0.20%,0.20%,0.70%,2023-11-30 13:30:00
USD,1.0,Real Personal Consumption (MoM) (Oct),0.20%,,0.30%,2023-11-30 13:30:00
USD,2.0,Continuing Jobless Claims,"1,927K","1,872K","1,841K",2023-11-30 13:30:00
USD,2.0,FOMC Member Williams Speaks,,,,2023-11-30 14:05:00
USD,3.0,Chicago PMI (Nov),55.8,45.4,44,2023-11-30 14:45:00
USD,1.0,Pending Home Sales Index (Oct),71.4,,72.5,2023-11-30 15:00:00
USD,2.0,Pending Home Sales (MoM) (Oct),-1.50%,-2.00%,1.00%,2023-11-30 15:00:00
USD,1.0,Natural Gas Storage,10B,-12B,-7B,2023-11-30 15:30:00
USD,1.0,4-Week Bill Auction,5.29%,,5.30%,2023-11-30 16:30:00
USD,1.0,8-Week Bill Auction,5.28%,,5.28%,2023-11-30 16:30:00
USD,2.0,Atlanta Fed GDPNow (Q4),1.80%,2.10%,2.10%,2023-11-30 16:30:00
USD,1.0,Dallas Fed PCE (Oct),2.70%,,4.10%,2023-11-30 16:45:00
USD,2.0,Fed's Balance Sheet,"7,796B",,"7,811B",2023-11-30 21:30:00
USD,1.0,Reserve Balances with Federal Reserve Banks,3.395T,,3.455T,2023-11-30 21:30:00
USD,2.0,Fed Vice Chair for Supervision Barr Speaks,,,,2023-12-01 08:00:00
USD,3.0,S&P Global US Manufacturing PMI (Nov),49.4,49.4,50,2023-12-01 14:45:00
USD,2.0,Construction Spending (MoM) (Oct),0.60%,0.40%,0.20%,2023-12-01 15:00:00
USD,1.0,Fed Goolsbee Speaks,,,,2023-12-01 15:00:00
USD,2.0,ISM Manufacturing Employment (Nov),45.8,,46.8,2023-12-01 15:00:00
USD,1.0,ISM Manufacturing New Orders Index (Nov),48.3,,45.5,2023-12-01 15:00:00
USD,3.0,ISM Manufacturing PMI (Nov),46.7,47.6,46.7,2023-12-01 15:00:00
USD,3.0,ISM Manufacturing Prices (Nov),49.9,46.2,45.1,2023-12-01 15:00:00
USD,3.0,Fed Chair Powell Speaks,,,,2023-12-01 16:00:00
USD,2.0,Atlanta Fed GDPNow (Q4),1.20%,1.80%,1.80%,2023-12-01 16:30:00
USD,2.0,U.S. Baker Hughes Oil Rig Count,505,,500,2023-12-01 18:00:00
USD,2.0,U.S. Baker Hughes Total Rig Count,625,,622,2023-12-01 18:00:00
USD,3.0,Fed Chair Powell Speaks,,,,2023-12-01 19:00:00
USD,1.0,Fed Governor Cook Speaks,,,,2023-12-01 19:00:00
USD,2.0,CFTC Gold speculative net positions,200.1K,,171.7K,2023-12-01 20:30:00
USD,1.0,CFTC Natural Gas speculative net positions,-107.9K,,-120.3K,2023-12-01 20:30:00
USD,2.0,CFTC Nasdaq 100 speculative net positions,7.3K,,5.0K,2023-12-01 20:30:00
USD,2.0,CFTC S&P 500 speculative net positions,-65.0K,,-80.1K,2023-12-01 20:30:00
USD,2.0,CFTC Crude Oil speculative net positions,183.2K,,207.3K,2023-12-01 20:30:00
USD,1.0,CFTC Soybeans speculative net positions,50.7K,,73.8K,2023-12-01 20:30:00
USD,1.0,CFTC Copper speculative net positions,-3.9K,,-3.5K,2023-12-01 20:30:00
USD,1.0,CFTC Aluminium speculative net positions,6.3K,,6.3K,2023-12-01 20:30:00
USD,1.0,CFTC Wheat speculative net positions,-97.2K,,-77.5K,2023-12-01 20:30:00
USD,1.0,CFTC Silver speculative net positions,34.3K,,27.5K,2023-12-01 20:30:00
USD,1.0,CFTC Corn speculative net positions,-157.1K,,-124.0K,2023-12-01 20:30:00
USD,1.0,Durables Excluding Defense (MoM) (Oct),-6.70%,,-6.70%,2023-12-04 15:00:00
USD,1.0,Factory orders ex transportation (MoM) (Oct),-1.20%,,0.40%,2023-12-04 15:00:00
USD,1.0,Durables Excluding Transport (MoM) (Oct),0.00%,,0.40%,2023-12-04 15:00:00
USD,2.0,Factory Orders (MoM) (Oct),-3.60%,-2.80%,2.30%,2023-12-04 15:00:00
USD,1.0,6-Month Bill Auction,5.19%,,5.24%,2023-12-04 16:30:00
USD,1.0,3-Month Bill Auction,5.25%,,5.28%,2023-12-04 16:30:00
USD,1.0,Redbook (YoY),3.00%,,6.30%,2023-12-05 13:55:00
USD,3.0,S&P Global Services PMI (Nov),50.8,50.8,50.6,2023-12-05 14:45:00
USD,2.0,S&P Global Composite PMI (Nov),50.7,50.7,50.7,2023-12-05 14:45:00
USD,1.0,IBD/TIPP Economic Optimism,40,45.2,44.5,2023-12-05 15:00:00
USD,1.0,ISM Non-Manufacturing Business Activity (Nov),55.1,,54.1,2023-12-05 15:00:00
USD,2.0,ISM Non-Manufacturing Employment (Nov),50.7,51.4,50.2,2023-12-05 15:00:00
USD,1.0,ISM Non-Manufacturing New Orders (Nov),55.5,54.9,55.5,2023-12-05 15:00:00
USD,3.0,ISM Non-Manufacturing PMI (Nov),52.7,52,51.8,2023-12-05 15:00:00
USD,3.0,ISM Non-Manufacturing Prices (Nov),58.3,58,58.6,2023-12-05 15:00:00
USD,3.0,JOLTs Job Openings (Oct),8.733M,9.300M,9.350M,2023-12-05 15:00:00
USD,1.0,Total Vehicle Sales,15.32M,,15.44M,2023-12-05 15:00:00
USD,2.0,FOMC Member Bowman Speaks,,,,2023-12-05 20:00:00
USD,2.0,API Weekly Crude Oil Stock,0.594M,-2.267M,-0.817M,2023-12-05 21:30:00
USD,2.0,Treasury Secretary Yellen Speaks,,,,2023-12-06 01:00:00
USD,1.0,Mortgage Refinance Index,373.3,,327.8,2023-12-06 12:00:00
USD,1.0,MBA Mortgage Applications (WoW),2.80%,,0.30%,2023-12-06 12:00:00
USD,1.0,MBA Purchase Index,144.5,,144.9,2023-12-06 12:00:00
USD,1.0,MBA 30-Year Mortgage Rate,7.17%,,7.37%,2023-12-06 12:00:00
USD,1.0,Mortgage Market Index,181.1,,176.1,2023-12-06 12:00:00
USD,3.0,ADP Nonfarm Employment Change (Nov),103K,130K,106K,2023-12-06 13:15:00
USD,2.0,Exports,258.80B,,261.40B,2023-12-06 13:30:00
USD,2.0,Imports,323.00B,,322.50B,2023-12-06 13:30:00
USD,2.0,Nonfarm Productivity (QoQ) (Q3),5.20%,4.90%,3.50%,2023-12-06 13:30:00
USD,2.0,Trade Balance (Oct),-64.30B,-64.20B,-61.20B,2023-12-06 13:30:00
USD,2.0,Unit Labor Costs (QoQ) (Q3),-1.20%,-0.90%,2.60%,2023-12-06 13:30:00
USD,1.0,Gasoline Inventories,5.421M,1.027M,1.764M,2023-12-06 15:30:00
USD,1.0,EIA Weekly Refinery Utilization Rates (WoW),0.70%,,2.80%,2023-12-06 15:30:00
USD,1.0,Gasoline Production,0.180M,,-0.035M,2023-12-06 15:30:00
USD,1.0,Heating Oil Stockpiles,-1.126M,,0.003M,2023-12-06 15:30:00
USD,1.0,Distillate Fuel Production,0.072M,,0.060M,2023-12-06 15:30:00
USD,1.0,EIA Weekly Distillates Stocks,1.267M,1.526M,5.217M,2023-12-06 15:30:00
USD,1.0,EIA Refinery Crude Runs (WoW),0.179M,,0.518M,2023-12-06 15:30:00
USD,3.0,Crude Oil Inventories,-4.632M,-1.354M,1.609M,2023-12-06 15:30:00
USD,2.0,Cushing Crude Oil Inventories,1.829M,,1.854M,2023-12-06 15:30:00
USD,1.0,Crude Oil Imports,2.091M,,-0.665M,2023-12-06 15:30:00
USD,2.0,Atlanta Fed GDPNow (Q4),1.30%,1.20%,1.20%,2023-12-06 16:30:00
USD,1.0,Challenger Job Cuts (YoY),-40.80%,,8.80%,2023-12-07 12:30:00
USD,1.0,Challenger Job Cuts (Nov),45.510K,,36.836K,2023-12-07 12:30:00
USD,2.0,Continuing Jobless Claims,"1,861K","1,910K","1,925K",2023-12-07 13:30:00
USD,1.0,Jobless Claims 4-Week Avg.,220.75K,,220.25K,2023-12-07 13:30:00
USD,3.0,Initial Jobless Claims,220K,222K,219K,2023-12-07 13:30:00
USD,1.0,Wholesale Inventories (MoM) (Oct),-0.40%,-0.20%,0.00%,2023-12-07 15:00:00
USD,1.0,Wholesale Trade Sales (MoM) (Oct),-1.30%,,2.00%,2023-12-07 15:00:00
USD,1.0,Natural Gas Storage,-117B,-105B,10B,2023-12-07 15:30:00
USD,1.0,4-Week Bill Auction,5.29%,,5.29%,2023-12-07 16:30:00
USD,1.0,8-Week Bill Auction,5.28%,,5.28%,2023-12-07 16:30:00
USD,2.0,Atlanta Fed GDPNow (Q4),1.20%,1.30%,1.30%,2023-12-07 17:45:00
USD,2.0,Consumer Credit (Oct),5.13B,9.00B,12.22B,2023-12-07 20:00:00
USD,1.0,Reserve Balances with Federal Reserve Banks,3.497T,,3.395T,2023-12-07 21:30:00
USD,2.0,Fed's Balance Sheet,"7,737B",,"7,796B",2023-12-07 21:30:00
USD,3.0,Average Hourly Earnings (MoM) (Nov),0.40%,0.30%,0.20%,2023-12-08 13:30:00
USD,2.0,Average Hourly Earnings (YoY) (YoY) (Nov),4.00%,4.00%,4.00%,2023-12-08 13:30:00
USD,1.0,Average Weekly Hours (Nov),34.4,34.3,34.3,2023-12-08 13:30:00
USD,1.0,Government Payrolls (Nov),49.0K,,65.0K,2023-12-08 13:30:00
USD,1.0,Manufacturing Payrolls (Nov),28K,30K,-35K,2023-12-08 13:30:00
USD,3.0,Nonfarm Payrolls (Nov),199K,180K,150K,2023-12-08 13:30:00
USD,2.0,Participation Rate (Nov),62.80%,62.70%,62.70%,2023-12-08 13:30:00
USD,2.0,Private Nonfarm Payrolls (Nov),150K,153K,85K,2023-12-08 13:30:00
USD,2.0,U6 Unemployment Rate (Nov),7.00%,,7.20%,2023-12-08 13:30:00
USD,3.0,Unemployment Rate (Nov),3.70%,3.90%,3.90%,2023-12-08 13:30:00
USD,1.0,Michigan Current Conditions (Dec),74,68.5,68.3,2023-12-08 15:00:00
USD,2.0,Michigan 1-Year Inflation Expectations (Dec),3.10%,4.30%,4.50%,2023-12-08 15:00:00
USD,2.0,Michigan Consumer Expectations (Dec),66.4,57,56.8,2023-12-08 15:00:00
USD,2.0,Michigan Consumer Sentiment (Dec),69.4,62,61.3,2023-12-08 15:00:00
USD,2.0,Michigan 5-Year Inflation Expectations (Dec),2.80%,3.10%,3.20%,2023-12-08 15:00:00
USD,2.0,WASDE Report,,,,2023-12-08 17:00:00
USD,2.0,U.S. Baker Hughes Oil Rig Count,503,,505,2023-12-08 18:00:00
USD,2.0,U.S. Baker Hughes Total Rig Count,626,,625,2023-12-08 18:00:00
USD,1.0,CFTC Wheat speculative net positions,-67.1K,,-97.2K,2023-12-08 20:30:00
USD,1.0,CFTC Soybeans speculative net positions,20.3K,,50.7K,2023-12-08 20:30:00
USD,1.0,CFTC Silver speculative net positions,36.3K,,34.3K,2023-12-08 20:30:00
USD,1.0,CFTC Natural Gas speculative net positions,-111.1K,,-107.9K,2023-12-08 20:30:00
USD,2.0,CFTC S&P 500 speculative net positions,-47.3K,,-65.0K,2023-12-08 20:30:00
USD,2.0,CFTC Gold speculative net positions,203.5K,,200.1K,2023-12-08 20:30:00
USD,2.0,CFTC Crude Oil speculative net positions,169.0K,,183.2K,2023-12-08 20:30:00
USD,1.0,CFTC Corn speculative net positions,-110.4K,,-157.1K,2023-12-08 20:30:00
USD,1.0,CFTC Copper speculative net positions,-2.0K,,-3.9K,2023-12-08 20:30:00
USD,2.0,CFTC Nasdaq 100 speculative net positions,8.4K,,7.3K,2023-12-08 20:30:00
USD,1.0,CFTC Aluminium speculative net positions,5.7K,,6.3K,2023-12-08 20:30:00
USD,1.0,CB Employment Trends Index (Nov),113.05,,113.09,2023-12-11 15:00:00
USD,2.0,NY Fed 1-Year Consumer Inflation Expectations,3.40%,,3.60%,2023-12-11 16:00:00
USD,2.0,3-Year Note Auction,4.49%,,4.70%,2023-12-11 16:30:00
USD,1.0,6-Month Bill Auction,5.19%,,5.19%,2023-12-11 16:30:00
USD,3.0,10-Year Note Auction,4.30%,,4.52%,2023-12-11 18:00:00
USD,1.0,3-Month Bill Auction,5.26%,,5.25%,2023-12-11 18:00:00
USD,1.0,NFIB Small Business Optimism (Nov),90.6,90.7,90.7,2023-12-12 11:00:00
USD,1.0,Real Earnings (MoM) (Nov),0.50%,,-0.10%,2023-12-12 13:30:00
USD,1.0,"CPI, n.s.a (MoM) (Nov)",-0.20%,,-0.04%,2023-12-12 13:30:00
USD,1.0,"CPI Index, s.a (Nov)",307.92,,307.62,2023-12-12 13:30:00
USD,3.0,CPI (YoY) (Nov),3.10%,3.10%,3.20%,2023-12-12 13:30:00
USD,3.0,CPI (MoM) (Nov),0.10%,0.00%,0.10%,2023-12-12 13:30:00
USD,1.0,Core CPI Index (Nov),312.25,,311.37,2023-12-12 13:30:00
USD,2.0,Core CPI (YoY) (Nov),4.00%,4.00%,4.00%,2023-12-12 13:30:00
USD,3.0,Core CPI (MoM) (Nov),0.30%,0.30%,0.20%,2023-12-12 13:30:00
USD,1.0,"CPI Index, n.s.a. (Nov)",307.05,306.9,307.67,2023-12-12 13:30:00
USD,1.0,Redbook (YoY),3.40%,,3.00%,2023-12-12 13:55:00
USD,1.0,Cleveland CPI (MoM) (Nov),0.40%,,0.30%,2023-12-12 16:00:00
USD,2.0,EIA Short-Term Energy Outlook,,,,2023-12-12 17:00:00
USD,3.0,30-Year Bond Auction,4.34%,,4.77%,2023-12-12 18:00:00
USD,2.0,Federal Budget Balance (Nov),-314.0B,-301.1B,-67.0B,2023-12-12 19:00:00
USD,2.0,API Weekly Crude Oil Stock,-2.349M,-1.500M,0.594M,2023-12-12 21:30:00
USD,1.0,Mortgage Refinance Index,445.8,,373.3,2023-12-13 12:00:00
USD,2.0,OPEC Monthly Report,,,,2023-12-13 12:00:00
USD,1.0,MBA Purchase Index,149.6,,144.5,2023-12-13 12:00:00
USD,1.0,MBA Mortgage Applications (WoW),7.40%,,2.80%,2023-12-13 12:00:00
USD,1.0,Mortgage Market Index,194.5,,181.1,2023-12-13 12:00:00
USD,1.0,MBA 30-Year Mortgage Rate,7.07%,,7.17%,2023-12-13 12:00:00
USD,3.0,PPI (MoM) (Nov),0.00%,0.10%,-0.40%,2023-12-13 13:30:00
USD,1.0,PPI (YoY) (Nov),0.90%,1.00%,1.20%,2023-12-13 13:30:00
USD,1.0,Core PPI (YoY) (Nov),2.00%,2.20%,2.30%,2023-12-13 13:30:00
USD,2.0,Core PPI (MoM) (Nov),0.00%,0.20%,0.00%,2023-12-13 13:30:00
USD,1.0,PPI ex. Food/Energy/Transport (MoM) (Nov),0.10%,,0.10%,2023-12-13 13:30:00
USD,1.0,PPI ex. Food/Energy/Transport (YoY) (Nov),2.50%,,2.80%,2023-12-13 13:30:00
USD,1.0,Thomson Reuters IPSOS PCSI (Dec),51.08,,52.15,2023-12-13 15:00:00
USD,3.0,Crude Oil Inventories,-4.259M,-0.650M,-4.632M,2023-12-13 15:30:00
USD,1.0,EIA Refinery Crude Runs (WoW),-0.104M,,0.179M,2023-12-13 15:30:00
USD,1.0,Crude Oil Imports,-0.423M,,2.091M,2023-12-13 15:30:00
USD,2.0,Cushing Crude Oil Inventories,1.228M,,1.829M,2023-12-13 15:30:00
USD,1.0,Distillate Fuel Production,-0.083M,,0.072M,2023-12-13 15:30:00
USD,1.0,Gasoline Production,0.025M,,0.180M,2023-12-13 15:30:00
USD,1.0,Heating Oil Stockpiles,0.832M,,-1.126M,2023-12-13 15:30:00
USD,1.0,EIA Weekly Refinery Utilization Rates (WoW),-0.30%,,0.70%,2023-12-13 15:30:00
USD,1.0,Gasoline Inventories,0.408M,1.933M,5.421M,2023-12-13 15:30:00
USD,1.0,EIA Weekly Distillates Stocks,1.494M,0.623M,1.267M,2023-12-13 15:30:00
USD,3.0,FOMC Economic Projections,,,,2023-12-13 19:00:00
USD,3.0,Fed Interest Rate Decision,5.50%,5.50%,5.50%,2023-12-13 19:00:00
USD,3.0,FOMC Statement,,,,2023-12-13 19:00:00
USD,2.0,Interest Rate Projection - 3rd Yr (Q4),2.90%,,2.90%,2023-12-13 19:00:00
USD,2.0,Interest Rate Projection - Longer (Q4),2.50%,,2.50%,2023-12-13 19:00:00
USD,2.0,Interest Rate Projection - Current (Q4),5.40%,,5.60%,2023-12-13 19:00:00
USD,2.0,Interest Rate Projection - 2nd Yr (Q4),3.60%,,3.90%,2023-12-13 19:00:00
USD,2.0,Interest Rate Projection - 1st Yr (Q4),4.60%,,5.10%,2023-12-13 19:00:00
USD,3.0,FOMC Press Conference,,,,2023-12-13 19:30:00
USD,2.0,IEA Monthly Report,,,,2023-12-14 09:00:00
USD,1.0,Import Price Index ex Petroleum (MoM),0.20%,,-0.20%,2023-12-14 12:30:00
USD,1.0,Retail Sales Ex Gas/Autos (MoM) (Nov),0.60%,,0.10%,2023-12-14 13:30:00
USD,3.0,Retail Sales (MoM) (Nov),0.30%,-0.10%,-0.20%,2023-12-14 13:30:00
USD,1.0,Retail Sales (YoY) (Nov),4.09%,,2.24%,2023-12-14 13:30:00
USD,2.0,Retail Control (MoM) (Nov),0.40%,,0.20%,2023-12-14 13:30:00
USD,1.0,Jobless Claims 4-Week Avg.,213.25K,,221.00K,2023-12-14 13:30:00
USD,2.0,Import Price Index (MoM) (Nov),-0.40%,-0.80%,-0.60%,2023-12-14 13:30:00
USD,1.0,Import Price Index (YoY),-1.40%,,-1.80%,2023-12-14 13:30:00
USD,2.0,Export Price Index (MoM) (Nov),-0.90%,-1.00%,-0.90%,2023-12-14 13:30:00
USD,3.0,Core Retail Sales (MoM) (Nov),0.20%,-0.10%,0.00%,2023-12-14 13:30:00
USD,2.0,Continuing Jobless Claims,"1,876K","1,887K","1,856K",2023-12-14 13:30:00
USD,3.0,Initial Jobless Claims,202K,220K,221K,2023-12-14 13:30:00
USD,1.0,Export Price Index (YoY),-5.20%,,-4.90%,2023-12-14 13:30:00
USD,2.0,Business Inventories (MoM) (Oct),-0.10%,0.00%,0.20%,2023-12-14 15:00:00
USD,2.0,Retail Inventories Ex Auto (Oct),-0.90%,-0.90%,0.40%,2023-12-14 15:00:00
USD,1.0,Natural Gas Storage,-55B,-54B,-117B,2023-12-14 15:30:00
USD,1.0,8-Week Bill Auction,5.28%,,5.28%,2023-12-14 16:30:00
USD,2.0,Atlanta Fed GDPNow (Q4),2.60%,1.20%,1.20%,2023-12-14 16:30:00
USD,1.0,4-Week Bill Auction,5.27%,,5.29%,2023-12-14 16:30:00
USD,2.0,Fed's Balance Sheet,"7,740B",,"7,737B",2023-12-14 21:30:00
USD,1.0,Reserve Balances with Federal Reserve Banks,3.568T,,3.497T,2023-12-14 21:30:00
USD,2.0,NY Empire State Manufacturing Index (Dec),-14.5,2,9.1,2023-12-15 13:30:00
USD,1.0,Capacity Utilization Rate (Nov),78.80%,79.10%,78.70%,2023-12-15 14:15:00
USD,2.0,Industrial Production (MoM) (Nov),0.20%,0.30%,-0.90%,2023-12-15 14:15:00
USD,2.0,Industrial Production (YoY) (Nov),-0.39%,,-0.96%,2023-12-15 14:15:00
USD,1.0,Manufacturing Production (MoM) (Nov),0.30%,0.40%,-0.80%,2023-12-15 14:15:00
USD,3.0,S&P Global US Manufacturing PMI (Dec),48.2,49.3,49.4,2023-12-15 14:45:00
USD,2.0,S&P Global Composite PMI (Dec),51,,50.7,2023-12-15 14:45:00
USD,3.0,S&P Global Services PMI (Dec),51.3,50.6,50.8,2023-12-15 14:45:00
USD,2.0,U.S. Baker Hughes Oil Rig Count,501,,503,2023-12-15 18:00:00
USD,2.0,U.S. Baker Hughes Total Rig Count,623,,626,2023-12-15 18:00:00
USD,2.0,FOMC Member Bostic Speaks,,,,2023-12-15 18:00:00
USD,1.0,CFTC Aluminium speculative net positions,5.7K,,5.7K,2023-12-15 20:30:00
USD,1.0,CFTC Wheat speculative net positions,-40.0K,,-67.1K,2023-12-15 20:30:00
USD,1.0,CFTC Soybeans speculative net positions,17.5K,,20.3K,2023-12-15 20:30:00
USD,2.0,CFTC S&P 500 speculative net positions,-65.1K,,-47.3K,2023-12-15 20:30:00
USD,1.0,CFTC Silver speculative net positions,28.5K,,36.3K,2023-12-15 20:30:00
USD,2.0,CFTC Nasdaq 100 speculative net positions,8.1K,,8.4K,2023-12-15 20:30:00
USD,2.0,CFTC Gold speculative net positions,188.2K,,203.5K,2023-12-15 20:30:00
USD,2.0,CFTC Crude Oil speculative net positions,151.6K,,169.0K,2023-12-15 20:30:00
USD,1.0,CFTC Corn speculative net positions,-101.2K,,-110.4K,2023-12-15 20:30:00
USD,1.0,CFTC Copper speculative net positions,-4.0K,,-2.0K,2023-12-15 20:30:00
USD,1.0,CFTC Natural Gas speculative net positions,-111.6K,,-111.1K,2023-12-15 20:30:00
USD,1.0,NAHB Housing Market Index (Dec),37,36,34,2023-12-18 15:00:00
USD,1.0,3-Month Bill Auction,5.26%,,5.26%,2023-12-18 16:30:00
USD,1.0,6-Month Bill Auction,5.13%,,5.19%,2023-12-18 16:30:00
USD,2.0,Housing Starts (MoM) (Nov),14.80%,,0.20%,2023-12-19 13:30:00
USD,1.0,Building Permits (MoM) (Nov),-2.50%,,1.80%,2023-12-19 13:30:00
USD,2.0,Building Permits (Nov),1.460M,1.470M,1.498M,2023-12-19 13:30:00
USD,2.0,Housing Starts (Nov),1.560M,1.360M,1.359M,2023-12-19 13:30:00
USD,1.0,Redbook (YoY),3.60%,,3.40%,2023-12-19 13:55:00
USD,2.0,Atlanta Fed GDPNow (Q4),2.70%,2.60%,2.60%,2023-12-19 16:15:00
USD,2.0,FOMC Member Bostic Speaks,,,,2023-12-19 17:30:00
USD,1.0,"US Foreign Buying, T-bonds (Oct)",54.00B,,-15.50B,2023-12-19 21:00:00
USD,1.0,Overall Net Capital Flow (Oct),-83.80B,,-64.80B,2023-12-19 21:00:00
USD,2.0,TIC Net Long-Term Transactions (Oct),3.3B,45.8B,0.9B,2023-12-19 21:00:00
USD,1.0,TIC Net Long-Term Transactions including Swaps (Oct),3.30B,,0.90B,2023-12-19 21:00:00
USD,2.0,API Weekly Crude Oil Stock,0.939M,-2.233M,-2.349M,2023-12-19 21:30:00
USD,1.0,Fed Goolsbee Speaks,,,,2023-12-19 23:00:00
USD,1.0,Mortgage Refinance Index,437.6,,445.8,2023-12-20 12:00:00
USD,1.0,MBA 30-Year Mortgage Rate,6.83%,,7.07%,2023-12-20 12:00:00
USD,1.0,MBA Purchase Index,148.7,,149.6,2023-12-20 12:00:00
USD,1.0,MBA Mortgage Applications (WoW),-1.50%,,7.40%,2023-12-20 12:00:00
USD,1.0,Mortgage Market Index,191.6,,194.5,2023-12-20 12:00:00
USD,2.0,Current Account (Q3),-200.3B,-197.0B,-216.8B,2023-12-20 13:30:00
USD,3.0,CB Consumer Confidence (Dec),110.7,103.8,101,2023-12-20 15:00:00
USD,3.0,Existing Home Sales (Nov),3.82M,3.78M,3.79M,2023-12-20 15:00:00
USD,2.0,Existing Home Sales (MoM) (Nov),0.80%,,-4.10%,2023-12-20 15:00:00
USD,1.0,Gasoline Inventories,2.710M,1.233M,0.408M,2023-12-20 15:30:00
USD,1.0,EIA Weekly Refinery Utilization Rates (WoW),2.20%,,-0.30%,2023-12-20 15:30:00
USD,1.0,Heating Oil Stockpiles,-0.335M,,0.832M,2023-12-20 15:30:00
USD,1.0,Gasoline Production,0.496M,,0.025M,2023-12-20 15:30:00
USD,1.0,Distillate Fuel Production,-0.114M,,-0.083M,2023-12-20 15:30:00
USD,2.0,Cushing Crude Oil Inventories,1.686M,,1.228M,2023-12-20 15:30:00
USD,1.0,Crude Oil Imports,-0.117M,,-0.423M,2023-12-20 15:30:00
USD,1.0,EIA Refinery Crude Runs (WoW),0.403M,,-0.104M,2023-12-20 15:30:00
USD,3.0,Crude Oil Inventories,2.909M,-2.283M,-4.259M,2023-12-20 15:30:00
USD,1.0,EIA Weekly Distillates Stocks,1.485M,0.496M,1.494M,2023-12-20 15:30:00
USD,2.0,20-Year Bond Auction,4.21%,,4.78%,2023-12-20 18:00:00
USD,1.0,Real Consumer Spending (Q3),3.10%,3.60%,3.60%,2023-12-21 13:30:00
USD,1.0,Philly Fed Prices Paid (Dec),25.1,,14.8,2023-12-21 13:30:00
USD,1.0,Philly Fed Business Conditions (Dec),12.1,,-2.1,2023-12-21 13:30:00
USD,2.0,Philly Fed Employment (Dec),-1.7,,0.8,2023-12-21 13:30:00
USD,1.0,Philly Fed CAPEX Index (Dec),-7.5,,-1.3,2023-12-21 13:30:00
USD,3.0,Philadelphia Fed Manufacturing Index (Dec),-10.5,-3,-5.9,2023-12-21 13:30:00
USD,1.0,Philly Fed New Orders (Dec),-25.6,,1.3,2023-12-21 13:30:00
USD,1.0,Jobless Claims 4-Week Avg.,212.00K,,213.50K,2023-12-21 13:30:00
USD,3.0,Initial Jobless Claims,205K,214K,203K,2023-12-21 13:30:00
USD,1.0,GDP Sales (Q3),3.60%,3.70%,2.10%,2023-12-21 13:30:00
USD,2.0,GDP Price Index (QoQ) (Q3),3.30%,3.50%,1.70%,2023-12-21 13:30:00
USD,3.0,GDP (QoQ) (Q3),4.90%,5.20%,2.10%,2023-12-21 13:30:00
USD,1.0,Corporate Profits (QoQ) (Q3),3.70%,4.10%,0.50%,2023-12-21 13:30:00
USD,2.0,Core PCE Prices (Q3),2.00%,2.30%,3.70%,2023-12-21 13:30:00
USD,1.0,PCE Prices (Q3),2.60%,2.80%,2.50%,2023-12-21 13:30:00
USD,2.0,Continuing Jobless Claims,"1,865K","1,888K","1,866K",2023-12-21 13:30:00
USD,2.0,US Leading Index (MoM) (Nov),-0.50%,-0.40%,-1.00%,2023-12-21 15:00:00
USD,1.0,Natural Gas Storage,-87B,-82B,-55B,2023-12-21 15:30:00
USD,1.0,KC Fed Composite Index (Dec),-1,,-2,2023-12-21 16:00:00
USD,1.0,KC Fed Manufacturing Index (Dec),-4,,-3,2023-12-21 16:00:00
USD,1.0,8-Week Bill Auction,5.27%,,5.28%,2023-12-21 16:30:00
USD,1.0,4-Week Bill Auction,5.27%,,5.27%,2023-12-21 16:30:00
USD,2.0,5-Year TIPS Auction,1.71%,,2.44%,2023-12-21 18:00:00
USD,2.0,Fed's Balance Sheet,"7,724B",,"7,740B",2023-12-21 21:30:00
USD,1.0,Reserve Balances with Federal Reserve Banks,3.477T,,3.568T,2023-12-21 21:30:00
USD,2.0,Building Permits (Nov),1.467M,1.460M,1.498M,2023-12-22 12:30:00
USD,1.0,Building Permits (MoM) (Nov),-2.10%,-2.50%,1.80%,2023-12-22 12:30:00
USD,1.0,Real Personal Consumption (MoM) (Nov),0.30%,,0.10%,2023-12-22 13:30:00
USD,2.0,Personal Spending (MoM) (Nov),0.20%,0.20%,0.10%,2023-12-22 13:30:00
USD,1.0,Personal Income (MoM) (Nov),0.40%,0.40%,0.30%,2023-12-22 13:30:00
USD,2.0,PCE Price index (YoY) (Nov),2.60%,2.80%,2.90%,2023-12-22 13:30:00
USD,1.0,Goods Orders Non Defense Ex Air (MoM) (Nov),0.80%,0.20%,-0.60%,2023-12-22 13:30:00
USD,1.0,Durables Excluding Defense (MoM) (Nov),6.50%,,-6.40%,2023-12-22 13:30:00
USD,3.0,Durable Goods Orders (MoM) (Nov),5.40%,1.70%,-5.10%,2023-12-22 13:30:00
USD,3.0,Core PCE Price Index (YoY) (Nov),3.20%,3.30%,3.40%,2023-12-22 13:30:00
USD,3.0,Core PCE Price Index (MoM) (Nov),0.10%,0.20%,0.10%,2023-12-22 13:30:00
USD,2.0,Core Durable Goods Orders (MoM) (Nov),0.50%,0.20%,-0.30%,2023-12-22 13:30:00
USD,2.0,PCE price index (MoM) (Nov),-0.10%,0.00%,0.00%,2023-12-22 13:30:00
USD,2.0,New Home Sales (MoM) (Nov),-12.20%,,-4.00%,2023-12-22 15:00:00
USD,3.0,New Home Sales (Nov),590K,695K,672K,2023-12-22 15:00:00
USD,2.0,Michigan 1-Year Inflation Expectations (Dec),3.10%,3.10%,4.50%,2023-12-22 15:00:00
USD,2.0,Michigan Consumer Sentiment (Dec),69.7,69.4,61.3,2023-12-22 15:00:00
USD,2.0,Michigan Consumer Expectations (Dec),67.4,66.4,56.8,2023-12-22 15:00:00
USD,2.0,Michigan 5-Year Inflation Expectations (Dec),2.90%,2.80%,3.20%,2023-12-22 15:00:00
USD,1.0,Michigan Current Conditions (Dec),73.3,74,68.3,2023-12-22 15:00:00
USD,2.0,Atlanta Fed GDPNow (Q4),2.30%,2.70%,2.70%,2023-12-22 17:20:00
USD,2.0,U.S. Baker Hughes Oil Rig Count,498,,501,2023-12-22 18:00:00
USD,2.0,U.S. Baker Hughes Total Rig Count,620,,623,2023-12-22 18:00:00
USD,1.0,Dallas Fed PCE (Nov),1.50%,,2.70%,2023-12-22 20:30:00
USD,1.0,CFTC Wheat speculative net positions,-37.0K,,-40.0K,2023-12-22 20:30:00
USD,1.0,CFTC Soybeans speculative net positions,2.0K,,17.5K,2023-12-22 20:30:00
USD,2.0,CFTC S&P 500 speculative net positions,-195.4K,,-65.1K,2023-12-22 20:30:00
USD,1.0,CFTC Silver speculative net positions,29.8K,,28.5K,2023-12-22 20:30:00
USD,2.0,CFTC Nasdaq 100 speculative net positions,22.2K,,8.1K,2023-12-22 20:30:00
USD,1.0,CFTC Natural Gas speculative net positions,-106.5K,,-111.6K,2023-12-22 20:30:00
USD,1.0,CFTC Aluminium speculative net positions,5.8K,,5.7K,2023-12-22 20:30:00
USD,1.0,CFTC Copper speculative net positions,5.6K,,-4.0K,2023-12-22 20:30:00
USD,2.0,CFTC Crude Oil speculative net positions,182.7K,,151.6K,2023-12-22 20:30:00
USD,1.0,CFTC Corn speculative net positions,-127.6K,,-101.2K,2023-12-22 20:30:00
USD,2.0,CFTC Gold speculative net positions,201.3K,,188.2K,2023-12-22 20:30:00
USD,1.0,Chicago Fed National Activity (Nov),0.03,,-0.66,2023-12-26 13:30:00
USD,1.0,House Price Index (MoM) (Oct),0.30%,0.50%,0.70%,2023-12-26 14:00:00
USD,1.0,House Price Index (YoY) (Oct),6.30%,,6.20%,2023-12-26 14:00:00
USD,1.0,House Price Index (Oct),416.3,,414.9,2023-12-26 14:00:00
USD,1.0,S&P/CS HPI Composite - 20 s.a. (MoM) (Oct),0.60%,,0.70%,2023-12-26 14:00:00
USD,2.0,S&P/CS HPI Composite - 20 n.s.a. (MoM) (Oct),0.10%,,0.20%,2023-12-26 14:00:00
USD,2.0,S&P/CS HPI Composite - 20 n.s.a. (YoY) (Oct),4.90%,5.00%,3.90%,2023-12-26 14:00:00
USD,1.0,Dallas Fed Mfg Business Index (Dec),-9.3,,-19.9,2023-12-26 15:30:00
USD,1.0,3-Month Bill Auction,5.26%,,5.26%,2023-12-26 16:30:00
USD,1.0,6-Month Bill Auction,5.08%,,5.13%,2023-12-26 16:30:00
USD,1.0,M2 Money Supply (MoM) (Nov),20.77T,,20.73T,2023-12-26 18:00:00
USD,2.0,2-Year Note Auction,4.31%,,4.89%,2023-12-26 18:00:00
USD,1.0,52-Week Bill Auction,4.60%,,4.94%,2023-12-26 18:00:00
USD,1.0,Redbook (YoY),4.10%,,3.60%,2023-12-27 13:55:00
USD,1.0,Richmond Manufacturing Index (Dec),-11,-7,-5,2023-12-27 15:00:00
USD,1.0,Richmond Manufacturing Shipments (Dec),-17,,-8,2023-12-27 15:00:00
USD,1.0,Richmond Services Index (Dec),0,,1,2023-12-27 15:00:00
USD,1.0,Dallas Fed Services Revenues (Dec),4.3,,-2.4,2023-12-27 15:30:00
USD,1.0,Texas Services Sector Outlook (Dec),-8.7,,-11.6,2023-12-27 15:30:00
USD,2.0,5-Year Note Auction,3.80%,,4.42%,2023-12-27 18:00:00
USD,2.0,API Weekly Crude Oil Stock,1.837M,,0.939M,2023-12-27 21:30:00
USD,2.0,Goods Trade Balance (Nov),-90.27B,-88.40B,-89.56B,2023-12-28 13:30:00
USD,3.0,Initial Jobless Claims,218K,210K,206K,2023-12-28 13:30:00
USD,1.0,Jobless Claims 4-Week Avg.,212.00K,,212.25K,2023-12-28 13:30:00
USD,2.0,Retail Inventories Ex Auto (Nov),-0.80%,,-1.10%,2023-12-28 13:30:00
USD,1.0,Wholesale Inventories (MoM),-0.20%,-0.20%,-0.40%,2023-12-28 13:30:00
USD,2.0,Continuing Jobless Claims,"1,875K","1,875K","1,861K",2023-12-28 13:30:00
USD,3.0,Chicago PMI (Dec),46.9,51,55.8,2023-12-28 14:45:00
USD,1.0,OPEC Crude oil Production Venezuela (Barrel),0.78M,,0.76M,2023-12-28 15:00:00
USD,2.0,Pending Home Sales (MoM) (Nov),0.00%,1.00%,-1.20%,2023-12-28 15:00:00
USD,1.0,OPEC Crude oil Production UAE (Barrel),2.91M,,2.92M,2023-12-28 15:00:00
USD,1.0,OPEC Crude oil Production Saudi Arabia (Barrel),9.00M,,8.90M,2023-12-28 15:00:00
USD,1.0,OPEC Crude Oil Production Nigeria (Barrel),1.37M,,1.39M,2023-12-28 15:00:00
USD,1.0,OPEC Crude Oil Production Libya (Barrel),1.18M,,1.16M,2023-12-28 15:00:00
USD,1.0,OPEC Crude Oil Production Kuwait (Barrel),2.57M,,2.55M,2023-12-28 15:00:00
USD,1.0,OPEC Crude oil Production Iraq (Barrel),4.28M,,4.36M,2023-12-28 15:00:00
USD,1.0,OPEC Crude oil Production Iran (Barrel),3.13M,,3.12M,2023-12-28 15:00:00
USD,1.0,OPEC Crude Oil Production Guinea (Barrel),0.06M,,0.06M,2023-12-28 15:00:00
USD,1.0,OPEC Crude Oil Production Congo (Barrel),0.26M,,0.26M,2023-12-28 15:00:00
USD,1.0,OPEC Crude Oil Production Algeria (Barrel),0.96M,,0.97M,2023-12-28 15:00:00
USD,1.0,OPEC Crude Oil Production Gabon (Barrel),0.22M,,0.21M,2023-12-28 15:00:00
USD,1.0,Pending Home Sales Index (Nov),71.6,,71.6,2023-12-28 15:00:00
USD,1.0,Natural Gas Storage,-87B,-79B,-87B,2023-12-28 15:30:00
USD,1.0,Gasoline Inventories,-0.669M,0.400M,2.710M,2023-12-28 16:00:00
USD,3.0,Crude Oil Inventories,-7.114M,-2.704M,2.909M,2023-12-28 16:00:00
USD,1.0,EIA Refinery Crude Runs (WoW),0.058M,,0.403M,2023-12-28 16:00:00
USD,1.0,Crude Oil Imports,-0.268M,,-0.117M,2023-12-28 16:00:00
USD,2.0,Cushing Crude Oil Inventories,1.508M,,1.686M,2023-12-28 16:00:00
USD,1.0,EIA Weekly Refinery Utilization Rates (WoW),0.90%,,2.20%,2023-12-28 16:00:00
USD,1.0,Distillate Fuel Production,0.243M,,-0.114M,2023-12-28 16:00:00
USD,1.0,Gasoline Production,-0.008M,,0.496M,2023-12-28 16:00:00
USD,1.0,Heating Oil Stockpiles,0.286M,,-0.335M,2023-12-28 16:00:00
USD,1.0,EIA Weekly Distillates Stocks,0.741M,0.600M,1.485M,2023-12-28 16:00:00
USD,1.0,4-Week Bill Auction,5.33%,,5.27%,2023-12-28 16:30:00
USD,1.0,8-Week Bill Auction,5.29%,,5.27%,2023-12-28 16:30:00
USD,2.0,U.S. Baker Hughes Total Rig Count,622,,620,2023-12-28 18:00:00
USD,2.0,7-Year Note Auction,3.86%,,4.40%,2023-12-28 18:00:00
USD,2.0,U.S. Baker Hughes Oil Rig Count,500,,498,2023-12-28 18:00:00
USD,1.0,CFTC Wheat speculative net positions,-31.4K,,-37.0K,2023-12-28 20:30:00
USD,1.0,CFTC Soybeans speculative net positions,-11.9K,,2.0K,2023-12-28 20:30:00
USD,1.0,CFTC Silver speculative net positions,31.9K,,29.8K,2023-12-28 20:30:00
USD,2.0,CFTC S&P 500 speculative net positions,-192.5K,,-195.4K,2023-12-28 20:30:00
USD,1.0,CFTC Natural Gas speculative net positions,-106.1K,,-106.5K,2023-12-28 20:30:00
USD,2.0,CFTC Nasdaq 100 speculative net positions,28.0K,,22.2K,2023-12-28 20:30:00
USD,2.0,CFTC Gold speculative net positions,207.7K,,201.3K,2023-12-28 20:30:00
USD,2.0,CFTC Crude Oil speculative net positions,199.3K,,182.7K,2023-12-28 20:30:00
USD,1.0,CFTC Corn speculative net positions,-127.7K,,-127.6K,2023-12-28 20:30:00
USD,1.0,CFTC Copper speculative net positions,7.1K,,5.6K,2023-12-28 20:30:00
USD,1.0,CFTC Aluminium speculative net positions,5.7K,,5.8K,2023-12-28 20:30:00
USD,1.0,Reserve Balances with Federal Reserve Banks,3.434T,,3.477T,2023-12-28 21:30:00
USD,2.0,Fed's Balance Sheet,"7,713B",,"7,724B",2023-12-28 21:30:00
USD,3.0,S&P Global US Manufacturing PMI (Dec),47.9,48.2,49.4,2024-01-02 14:45:00
USD,2.0,Construction Spending (MoM) (Nov),0.40%,0.50%,1.20%,2024-01-02 15:00:00
USD,1.0,6-Month Bill Auction,5.05%,,5.08%,2024-01-02 16:30:00
USD,1.0,3-Month Bill Auction,5.25%,,5.26%,2024-01-02 16:30:00
USD,2.0,Atlanta Fed GDPNow (Q4),2.00%,2.30%,2.30%,2024-01-02 18:00:00
USD,1.0,MBA 30-Year Mortgage Rate,6.76%,,6.83%,2024-01-03 12:00:00
USD,1.0,MBA Mortgage Applications (WoW),-10.70%,,-1.50%,2024-01-03 12:00:00
USD,1.0,MBA Purchase Index,140.7,,148.7,2024-01-03 12:00:00
USD,1.0,Mortgage Market Index,173.5,,191.6,2024-01-03 12:00:00
USD,1.0,Mortgage Refinance Index,358.2,,437.6,2024-01-03 12:00:00
USD,1.0,FOMC Member Barkin Speaks,,,,2024-01-03 13:30:00
USD,1.0,Redbook (YoY),5.60%,,4.10%,2024-01-03 13:55:00
USD,2.0,ISM Manufacturing Employment (Dec),48.1,46.5,45.8,2024-01-03 15:00:00
USD,1.0,ISM Manufacturing New Orders Index (Dec),47.1,49.1,48.3,2024-01-03 15:00:00
USD,3.0,ISM Manufacturing PMI (Dec),47.4,47.1,46.7,2024-01-03 15:00:00
USD,3.0,ISM Manufacturing Prices (Dec),45.2,47.5,49.9,2024-01-03 15:00:00
USD,3.0,JOLTs Job Openings (Nov),8.790M,8.850M,8.852M,2024-01-03 15:00:00
USD,2.0,Atlanta Fed GDPNow (Q4),2.50%,2.00%,2.00%,2024-01-03 18:00:00
USD,3.0,FOMC Meeting Minutes,,,,2024-01-03 19:00:00
USD,2.0,API Weekly Crude Oil Stock,-7.418M,-2.967M,1.837M,2024-01-03 21:30:00
USD,1.0,All Car Sales (Dec),3.07M,,3.00M,2024-01-04 12:30:00
USD,1.0,All Truck Sales (Dec),12.76M,,12.34M,2024-01-04 12:30:00
USD,1.0,Challenger Job Cuts (YoY),-20.20%,,-40.80%,2024-01-04 12:30:00
USD,1.0,Challenger Job Cuts (Dec),34.817K,,45.510K,2024-01-04 12:30:00
USD,3.0,ADP Nonfarm Employment Change (Dec),164K,115K,101K,2024-01-04 13:15:00
USD,2.0,Continuing Jobless Claims,"1,855K","1,883K","1,886K",2024-01-04 13:30:00
USD,3.0,Initial Jobless Claims,202K,216K,220K,2024-01-04 13:30:00
USD,1.0,Jobless Claims 4-Week Avg.,207.75K,,212.50K,2024-01-04 13:30:00
USD,3.0,S&P Global Services PMI (Dec),51.4,51.3,50.8,2024-01-04 14:45:00
USD,2.0,S&P Global Composite PMI (Dec),50.9,51,50.7,2024-01-04 14:45:00
USD,1.0,Total Vehicle Sales,15.83M,15.50M,15.34M,2024-01-04 15:00:00
USD,1.0,Natural Gas Storage,-14B,-40B,-87B,2024-01-04 15:30:00
USD,1.0,Gasoline Inventories,10.900M,-0.215M,-0.669M,2024-01-04 16:00:00
USD,1.0,EIA Weekly Refinery Utilization Rates (WoW),0.20%,,0.90%,2024-01-04 16:00:00
USD,1.0,Heating Oil Stockpiles,-0.433M,,0.286M,2024-01-04 16:00:00
USD,1.0,Gasoline Production,-1.275M,,-0.008M,2024-01-04 16:00:00
USD,1.0,EIA Weekly Distillates Stocks,10.090M,0.588M,0.741M,2024-01-04 16:00:00
USD,2.0,Cushing Crude Oil Inventories,0.706M,,1.508M,2024-01-04 16:00:00
USD,1.0,Crude Oil Imports,-0.758M,,-0.268M,2024-01-04 16:00:00
USD,1.0,EIA Refinery Crude Runs (WoW),0.121M,,0.058M,2024-01-04 16:00:00
USD,3.0,Crude Oil Inventories,-5.503M,-3.725M,-7.114M,2024-01-04 16:00:00
USD,1.0,Distillate Fuel Production,0.115M,,0.243M,2024-01-04 16:00:00
USD,1.0,4-Week Bill Auction,5.29%,,5.33%,2024-01-04 16:30:00
USD,1.0,8-Week Bill Auction,5.29%,,5.29%,2024-01-04 16:30:00
USD,2.0,Fed's Balance Sheet,"7,681B",,"7,713B",2024-01-04 21:30:00
USD,1.0,Reserve Balances with Federal Reserve Banks,3.459T,,3.434T,2024-01-04 21:30:00
USD,2.0,Participation Rate (Dec),62.50%,62.80%,62.80%,2024-01-05 13:30:00
USD,3.0,Unemployment Rate (Dec),3.70%,3.80%,3.70%,2024-01-05 13:30:00
USD,2.0,U6 Unemployment Rate (Dec),7.10%,,7.00%,2024-01-05 13:30:00
USD,2.0,Private Nonfarm Payrolls (Dec),164K,130K,136K,2024-01-05 13:30:00
USD,3.0,Nonfarm Payrolls (Dec),216K,170K,173K,2024-01-05 13:30:00
USD,1.0,Manufacturing Payrolls (Dec),6K,5K,26K,2024-01-05 13:30:00
USD,1.0,Government Payrolls (Dec),52.0K,,37.0K,2024-01-05 13:30:00
USD,1.0,Average Weekly Hours (Dec),34.3,34.4,34.4,2024-01-05 13:30:00
USD,3.0,Average Hourly Earnings (MoM) (Dec),0.40%,0.30%,0.40%,2024-01-05 13:30:00
USD,2.0,Average Hourly Earnings (YoY) (YoY) (Dec),4.10%,3.90%,4.00%,2024-01-05 13:30:00
USD,1.0,Durables Excluding Defense (MoM) (Nov),6.50%,,6.50%,2024-01-05 15:00:00
USD,1.0,Durables Excluding Transport (MoM) (Nov),0.40%,,0.50%,2024-01-05 15:00:00
USD,2.0,Factory Orders (MoM) (Nov),2.60%,2.10%,-3.40%,2024-01-05 15:00:00
USD,1.0,Factory orders ex transportation (MoM) (Nov),0.10%,,-1.30%,2024-01-05 15:00:00
USD,1.0,ISM Non-Manufacturing Business Activity (Dec),56.6,,55.1,2024-01-05 15:00:00
USD,2.0,ISM Non-Manufacturing Employment (Dec),43.3,51,50.7,2024-01-05 15:00:00
USD,1.0,ISM Non-Manufacturing New Orders (Dec),52.8,56.1,55.5,2024-01-05 15:00:00
USD,3.0,ISM Non-Manufacturing PMI (Dec),50.6,52.6,52.7,2024-01-05 15:00:00
USD,3.0,ISM Non-Manufacturing Prices (Dec),57.4,57.3,58.3,2024-01-05 15:00:00
USD,2.0,U.S. Baker Hughes Total Rig Count,621,,622,2024-01-05 18:00:00
USD,2.0,U.S. Baker Hughes Oil Rig Count,501,,500,2024-01-05 18:00:00
USD,1.0,FOMC Member Barkin Speaks,,,,2024-01-05 18:30:00
USD,1.0,CFTC Aluminium speculative net positions,6.3K,,5.7K,2024-01-05 20:30:00
USD,1.0,CFTC Copper speculative net positions,8.6K,,7.1K,2024-01-05 20:30:00
USD,1.0,CFTC Corn speculative net positions,-146.7K,,-127.7K,2024-01-05 20:30:00
USD,2.0,CFTC Crude Oil speculative net positions,163.7K,,199.3K,2024-01-05 20:30:00
USD,2.0,CFTC Gold speculative net positions,207.6K,,207.7K,2024-01-05 20:30:00
USD,2.0,CFTC Nasdaq 100 speculative net positions,39.1K,,28.0K,2024-01-05 20:30:00
USD,1.0,CFTC Natural Gas speculative net positions,-91.6K,,-106.1K,2024-01-05 20:30:00
USD,2.0,CFTC S&P 500 speculative net positions,-214.1K,,-192.5K,2024-01-05 20:30:00
USD,1.0,CFTC Silver speculative net positions,32.6K,,31.9K,2024-01-05 20:30:00
USD,1.0,CFTC Soybeans speculative net positions,-21.9K,,-11.9K,2024-01-05 20:30:00
USD,1.0,CFTC Wheat speculative net positions,-33.6K,,-31.4K,2024-01-05 20:30:00
USD,1.0,CB Employment Trends Index (Dec),113.15,,112.48,2024-01-08 15:00:00
USD,2.0,NY Fed 1-Year Consumer Inflation Expectations,3.00%,,3.40%,2024-01-08 16:00:00
USD,1.0,6-Month Bill Auction,5.03%,,5.05%,2024-01-08 16:30:00
USD,1.0,3-Month Bill Auction,5.24%,,5.25%,2024-01-08 16:30:00
USD,2.0,FOMC Member Bostic Speaks,,,,2024-01-08 17:00:00
USD,2.0,Consumer Credit (Nov),23.75B,9.00B,5.78B,2024-01-08 20:00:00
USD,1.0,NFIB Small Business Optimism (Dec),91.9,90.7,90.6,2024-01-09 11:00:00
USD,2.0,Exports,253.70B,,258.60B,2024-01-09 13:30:00
USD,2.0,Imports,316.90B,,323.10B,2024-01-09 13:30:00
USD,2.0,Trade Balance (Nov),-63.20B,-65.00B,-64.50B,2024-01-09 13:30:00
USD,1.0,Redbook (YoY),5.90%,,5.60%,2024-01-09 13:55:00
USD,1.0,IBD/TIPP Economic Optimism,44.7,42,40,2024-01-09 15:00:00
USD,2.0,Atlanta Fed GDPNow (Q4),2.20%,2.50%,2.50%,2024-01-09 16:30:00
USD,2.0,EIA Short-Term Energy Outlook,,,,2024-01-09 17:00:00
USD,2.0,Fed Vice Chair for Supervision Barr Speaks,,,,2024-01-09 17:00:00
USD,2.0,3-Year Note Auction,4.11%,,4.49%,2024-01-09 18:00:00
USD,2.0,API Weekly Crude Oil Stock,-5.215M,-1.200M,-7.418M,2024-01-09 21:30:00
USD,1.0,Mortgage Refinance Index,425.4,,358.2,2024-01-10 12:00:00
USD,1.0,Mortgage Market Index,190.6,,173.5,2024-01-10 12:00:00
USD,1.0,MBA Mortgage Applications (WoW),9.90%,,-10.70%,2024-01-10 12:00:00
USD,1.0,MBA 30-Year Mortgage Rate,6.81%,,6.76%,2024-01-10 12:00:00
USD,1.0,MBA Purchase Index,148.6,,140.7,2024-01-10 12:00:00
USD,1.0,Thomson Reuters IPSOS PCSI (Jan),52.9,,51.08,2024-01-10 15:00:00
USD,1.0,Wholesale Inventories (MoM) (Nov),-0.20%,-0.20%,-0.40%,2024-01-10 15:00:00
USD,1.0,Wholesale Trade Sales (MoM) (Nov),0.00%,,-1.50%,2024-01-10 15:00:00
USD,1.0,EIA Weekly Distillates Stocks,6.528M,2.382M,10.090M,2024-01-10 15:30:00
USD,1.0,Heating Oil Stockpiles,-0.623M,,-0.433M,2024-01-10 15:30:00
USD,1.0,Distillate Fuel Production,-0.064M,,0.115M,2024-01-10 15:30:00
USD,1.0,EIA Weekly Refinery Utilization Rates (WoW),-0.60%,,0.20%,2024-01-10 15:30:00
USD,1.0,Crude Oil Imports,1.316M,,-0.758M,2024-01-10 15:30:00
USD,1.0,EIA Refinery Crude Runs (WoW),-0.161M,,0.121M,2024-01-10 15:30:00
USD,3.0,Crude Oil Inventories,1.338M,-0.675M,-5.503M,2024-01-10 15:30:00
USD,2.0,Cushing Crude Oil Inventories,-0.506M,,0.706M,2024-01-10 15:30:00
USD,1.0,Gasoline Inventories,8.029M,2.489M,10.900M,2024-01-10 15:30:00
USD,1.0,Gasoline Production,0.901M,,-1.275M,2024-01-10 15:30:00
USD,2.0,Atlanta Fed GDPNow (Q4),2.20%,2.20%,2.20%,2024-01-10 18:00:00
USD,3.0,10-Year Note Auction,4.02%,,4.30%,2024-01-10 18:00:00
USD,2.0,FOMC Member Williams Speaks,,,,2024-01-10 20:15:00
USD,3.0,Core CPI (MoM) (Dec),0.30%,0.30%,0.30%,2024-01-11 13:30:00
USD,1.0,Core CPI Index (Dec),313.22,313,312.25,2024-01-11 13:30:00
USD,3.0,CPI (MoM) (Dec),0.30%,0.20%,0.20%,2024-01-11 13:30:00
USD,3.0,CPI (YoY) (Dec),3.40%,3.20%,3.10%,2024-01-11 13:30:00
USD,1.0,"CPI Index, n.s.a. (Dec)",306.75,306.61,307.05,2024-01-11 13:30:00
USD,1.0,"CPI Index, s.a (Dec)",308.85,,307.92,2024-01-11 13:30:00
USD,1.0,"CPI, n.s.a (MoM) (Dec)",-0.10%,,-0.20%,2024-01-11 13:30:00
USD,3.0,Initial Jobless Claims,202K,210K,203K,2024-01-11 13:30:00
USD,11.0,Jobless Claims 4-Week Avg.,207.75K,,208.00K,2024-01-11 13:30:00
USD,1.0,Real Earnings (MoM) (Dec),-0.20%,,0.50%,2024-01-11 13:30:00
USD,2.0,Continuing Jobless Claims,"1,834K","1,871K","1,868K",2024-01-11 13:30:00
USD,2.0,Core CPI (YoY) (Dec),3.90%,3.80%,4.00%,2024-01-11 13:30:00
USD,1.0,Natural Gas Storage,-140B,-119B,-14B,2024-01-11 15:30:00
USD,1.0,Cleveland CPI (MoM) (Dec),0.40%,,0.40%,2024-01-11 16:00:00
USD,1.0,8-Week Bill Auction,5.28%,,5.29%,2024-01-11 16:30:00
USD,1.0,4-Week Bill Auction,5.28%,,5.29%,2024-01-11 16:30:00
USD,1.0,FOMC Member Barkin Speaks,,,,2024-01-11 17:40:00
USD,3.0,30-Year Bond Auction,4.23%,,4.34%,2024-01-11 18:00:00
USD,2.0,Federal Budget Balance (Dec),-129.0B,-65.3B,-314.0B,2024-01-11 19:00:00
USD,2.0,Fed's Balance Sheet,"7,687B",,"7,681B",2024-01-11 21:30:00
USD,1.0,Reserve Balances with Federal Reserve Banks,3.537T,,3.459T,2024-01-11 21:30:00
USD,1.0,PPI ex. Food/Energy/Transport (MoM) (Dec),0.20%,,0.10%,2024-01-12 13:30:00
USD,1.0,PPI ex. Food/Energy/Transport (YoY) (Dec),2.50%,,2.40%,2024-01-12 13:30:00
USD,1.0,PPI (YoY) (Dec),1.00%,1.30%,0.80%,2024-01-12 13:30:00
USD,2.0,Core PPI (MoM) (Dec),0.00%,0.20%,0.00%,2024-01-12 13:30:00
USD,3.0,PPI (MoM) (Dec),-0.10%,0.10%,-0.10%,2024-01-12 13:30:00
USD,1.0,Core PPI (YoY) (Dec),1.80%,1.90%,2.00%,2024-01-12 13:30:00
USD,2.0,FOMC Member Kashkari Speaks,,,,2024-01-12 15:00:00
USD,2.0,WASDE Report,,,,2024-01-12 17:00:00
USD,2.0,U.S. Baker Hughes Oil Rig Count,499,,501,2024-01-12 18:00:00
USD,2.0,U.S. Baker Hughes Total Rig Count,619,,621,2024-01-12 18:00:00
USD,1.0,CFTC Soybeans speculative net positions,-38.0K,,-21.9K,2024-01-12 20:30:00
USD,1.0,CFTC Aluminium speculative net positions,5.3K,,6.3K,2024-01-12 20:30:00
USD,1.0,CFTC Copper speculative net positions,-13.2K,,8.6K,2024-01-12 20:30:00
USD,1.0,CFTC Corn speculative net positions,-173.0K,,-146.7K,2024-01-12 20:30:00
USD,2.0,CFTC Crude Oil speculative net positions,169.7K,,163.7K,2024-01-12 20:30:00
USD,2.0,CFTC Gold speculative net positions,188.6K,,207.6K,2024-01-12 20:30:00
USD,2.0,CFTC Nasdaq 100 speculative net positions,36.8K,,39.1K,2024-01-12 20:30:00
USD,1.0,CFTC Natural Gas speculative net positions,-66.1K,,-91.6K,2024-01-12 20:30:00
USD,2.0,CFTC S&P 500 speculative net positions,-117.0K,,-214.1K,2024-01-12 20:30:00
USD,1.0,CFTC Silver speculative net positions,26.4K,,32.6K,2024-01-12 20:30:00
USD,1.0,CFTC Wheat speculative net positions,-33.4K,,-33.6K,2024-01-12 20:30:00
USD,2.0,NY Empire State Manufacturing Index (Jan),-43.7,-5,-14.5,2024-01-16 13:30:00
USD,2.0,Fed Waller Speaks,,,,2024-01-16 16:00:00
USD,1.0,3-Month Bill Auction,5.23%,,5.24%,2024-01-16 16:30:00
USD,1.0,6-Month Bill Auction,4.98%,,5.03%,2024-01-16 16:30:00
USD,1.0,MBA 30-Year Mortgage Rate,6.75%,,6.81%,2024-01-17 12:00:00
USD,1.0,MBA Mortgage Applications (WoW),10.40%,,9.90%,2024-01-17 12:00:00
USD,1.0,MBA Purchase Index,162.2,,148.6,2024-01-17 12:00:00
USD,1.0,Mortgage Market Index,210.5,,190.6,2024-01-17 12:00:00
USD,1.0,Mortgage Refinance Index,471.2,,425.4,2024-01-17 12:00:00
USD,2.0,OPEC Monthly Report,,,,2024-01-17 12:00:00
USD,3.0,Core Retail Sales (MoM) (Dec),0.40%,0.20%,0.20%,2024-01-17 13:30:00
USD,1.0,Export Price Index (YoY),-3.20%,,-5.20%,2024-01-17 13:30:00
USD,2.0,Export Price Index (MoM) (Dec),-0.90%,-0.60%,-0.90%,2024-01-17 13:30:00
USD,1.0,Import Price Index (YoY),-1.60%,,-1.50%,2024-01-17 13:30:00
USD,2.0,Import Price Index (MoM) (Dec),0.00%,-0.50%,-0.50%,2024-01-17 13:30:00
USD,1.0,Retail Sales (YoY) (Dec),5.59%,,3.97%,2024-01-17 13:30:00
USD,3.0,Retail Sales (MoM) (Dec),0.60%,0.40%,0.30%,2024-01-17 13:30:00
USD,1.0,Retail Sales Ex Gas/Autos (MoM) (Dec),0.60%,,0.60%,2024-01-17 13:30:00
USD,2.0,Retail Control (MoM) (Dec),0.80%,,0.50%,2024-01-17 13:30:00
USD,1.0,Redbook (YoY),5.00%,,5.90%,2024-01-17 13:55:00
USD,2.0,Fed Vice Chair for Supervision Barr Speaks,,,,2024-01-17 14:00:00
USD,2.0,FOMC Member Bowman Speaks,,,,2024-01-17 14:00:00
USD,1.0,Capacity Utilization Rate (Dec),78.60%,78.70%,78.60%,2024-01-17 14:15:00
USD,2.0,Industrial Production (YoY) (Dec),0.98%,,-0.62%,2024-01-17 14:15:00
USD,2.0,Industrial Production (MoM) (Dec),0.10%,0.00%,0.00%,2024-01-17 14:15:00
USD,1.0,Manufacturing Production (MoM) (Dec),0.10%,0.00%,0.20%,2024-01-17 14:15:00
USD,2.0,Retail Inventories Ex Auto (Nov),-0.90%,-0.80%,-1.10%,2024-01-17 15:00:00
USD,2.0,Business Inventories (MoM) (Nov),-0.10%,-0.10%,-0.10%,2024-01-17 15:00:00
USD,1.0,NAHB Housing Market Index (Jan),44,39,37,2024-01-17 15:00:00
USD,2.0,20-Year Bond Auction,4.42%,,4.21%,2024-01-17 18:00:00
USD,2.0,Atlanta Fed GDPNow (Q4),2.40%,2.20%,2.20%,2024-01-17 18:00:00
USD,2.0,Beige Book,,,,2024-01-17 19:00:00
USD,2.0,FOMC Member Williams Speaks,,,,2024-01-17 20:00:00
USD,2.0,API Weekly Crude Oil Stock,0.483M,-2.400M,-5.215M,2024-01-17 21:30:00
USD,2.0,IEA Monthly Report,,,,2024-01-18 09:00:00
USD,2.0,FOMC Member Bostic Speaks,,,,2024-01-18 12:30:00
USD,3.0,Philadelphia Fed Manufacturing Index (Jan),-10.6,-7,-12.8,2024-01-18 13:30:00
USD,1.0,Philly Fed New Orders (Jan),-17.9,,-22.1,2024-01-18 13:30:00
USD,1.0,Jobless Claims 4-Week Avg.,203.25K,,208.00K,2024-01-18 13:30:00
USD,1.0,Philly Fed Prices Paid (Jan),11.3,,24.3,2024-01-18 13:30:00
USD,3.0,Initial Jobless Claims,187K,207K,203K,2024-01-18 13:30:00
USD,1.0,Philly Fed Business Conditions (Jan),-4,,12.6,2024-01-18 13:30:00
USD,2.0,Housing Starts (Dec),1.460M,1.426M,1.525M,2024-01-18 13:30:00
USD,2.0,Housing Starts (MoM) (Dec),-4.30%,,10.80%,2024-01-18 13:30:00
USD,2.0,Philly Fed Employment (Jan),-1.8,,-2.5,2024-01-18 13:30:00
USD,1.0,Philly Fed CAPEX Index (Jan),7.5,,-7.5,2024-01-18 13:30:00
USD,1.0,Building Permits (MoM) (Dec),1.90%,,-2.10%,2024-01-18 13:30:00
USD,2.0,Continuing Jobless Claims,"1,806K","1,845K","1,832K",2024-01-18 13:30:00
USD,2.0,Building Permits (Dec),1.495M,1.480M,1.467M,2024-01-18 13:30:00
USD,1.0,Natural Gas Storage,-154B,-164B,-140B,2024-01-18 15:30:00
USD,3.0,Crude Oil Inventories,-2.492M,-0.313M,1.338M,2024-01-18 16:00:00
USD,1.0,EIA Refinery Crude Runs (WoW),0.135M,,-0.161M,2024-01-18 16:00:00
USD,1.0,Crude Oil Imports,-0.528M,,1.316M,2024-01-18 16:00:00
USD,2.0,Cushing Crude Oil Inventories,-2.099M,,-0.506M,2024-01-18 16:00:00
USD,1.0,Distillate Fuel Production,-0.265M,,-0.064M,2024-01-18 16:00:00
USD,1.0,EIA Weekly Distillates Stocks,2.370M,0.880M,6.528M,2024-01-18 16:00:00
USD,1.0,Gasoline Production,-0.291M,,0.901M,2024-01-18 16:00:00
USD,1.0,Heating Oil Stockpiles,0.542M,,-0.623M,2024-01-18 16:00:00
USD,1.0,EIA Weekly Refinery Utilization Rates (WoW),-0.30%,,-0.60%,2024-01-18 16:00:00
USD,1.0,Gasoline Inventories,3.083M,2.150M,8.029M,2024-01-18 16:00:00
USD,2.0,FOMC Member Bostic Speaks,,,,2024-01-18 16:30:00
USD,2.0,Atlanta Fed GDPNow (Q4),2.40%,2.40%,2.40%,2024-01-18 16:30:00
USD,1.0,8-Week Bill Auction,5.28%,,5.28%,2024-01-18 16:30:00
USD,1.0,4-Week Bill Auction,5.29%,,5.28%,2024-01-18 16:30:00
USD,2.0,FOMC Member Bostic Speaks,,,,2024-01-18 17:05:00
USD,2.0,10-Year TIPS Auction,1.81%,,2.18%,2024-01-18 18:00:00
USD,2.0,Fed's Balance Sheet,"7,674B",,"7,687B",2024-01-18 21:30:00
USD,1.0,Reserve Balances with Federal Reserve Banks,3.592T,,3.537T,2024-01-18 21:30:00
USD,2.0,US Leading Index (MoM) (Dec),-0.10%,-0.30%,-0.50%,2024-01-22 15:00:00
USD,1.0,3-Month Bill Auction,5.23%,,5.23%,2024-01-22 16:30:00
USD,1.0,6-Month Bill Auction,5.02%,,4.98%,2024-01-22 16:30:00
USD,1.0,Redbook (YoY),5.20%,,5.00%,2024-01-23 14:55:00
USD,1.0,Richmond Manufacturing Index (Jan),-15,-7,-11,2024-01-23 15:00:00
USD,1.0,Richmond Manufacturing Shipments (Jan),-15,,-17,2024-01-23 15:00:00
USD,1.0,Richmond Services Index (Jan),4,,0,2024-01-23 15:00:00
USD,1.0,52-Week Bill Auction,4.57%,,4.60%,2024-01-23 16:30:00
USD,1.0,M2 Money Supply (MoM) (Dec),20.83T,,20.77T,2024-01-23 18:00:00
USD,2.0,2-Year Note Auction,4.37%,,4.31%,2024-01-23 18:00:00
USD,2.0,API Weekly Crude Oil Stock,-6.674M,-3.000M,0.483M,2024-01-23 21:30:00
USD,1.0,MBA 30-Year Mortgage Rate,6.78%,,6.75%,2024-01-24 12:00:00
USD,1.0,MBA Mortgage Applications (WoW),3.70%,,10.40%,2024-01-24 12:00:00
USD,1.0,MBA Purchase Index,174.3,,162.2,2024-01-24 12:00:00
USD,1.0,Mortgage Market Index,218.2,,210.5,2024-01-24 12:00:00
USD,1.0,Mortgage Refinance Index,438.4,,471.2,2024-01-24 12:00:00
USD,3.0,S&P Global US Manufacturing PMI (Jan),50.3,47.9,47.9,2024-01-24 14:45:00
USD,2.0,S&P Global Composite PMI (Jan),52.3,,50.9,2024-01-24 14:45:00
USD,3.0,S&P Global Services PMI (Jan),52.9,51,51.4,2024-01-24 14:45:00
USD,1.0,Gasoline Inventories,4.913M,2.300M,3.083M,2024-01-24 15:30:00
USD,1.0,EIA Weekly Refinery Utilization Rates (WoW),-7.10%,,-0.30%,2024-01-24 15:30:00
USD,1.0,Heating Oil Stockpiles,-0.379M,,0.542M,2024-01-24 15:30:00
USD,1.0,Gasoline Production,-1.040M,,-0.291M,2024-01-24 15:30:00
USD,1.0,EIA Weekly Distillates Stocks,-1.417M,0.348M,2.370M,2024-01-24 15:30:00
USD,1.0,Distillate Fuel Production,-0.402M,,-0.265M,2024-01-24 15:30:00
USD,2.0,Cushing Crude Oil Inventories,-2.008M,,-2.099M,2024-01-24 15:30:00
USD,1.0,Crude Oil Imports,-1.245M,,-0.528M,2024-01-24 15:30:00
USD,1.0,EIA Refinery Crude Runs (WoW),-1.377M,,0.135M,2024-01-24 15:30:00
USD,3.0,Crude Oil Inventories,-9.233M,-2.150M,-2.492M,2024-01-24 15:30:00
USD,2.0,5-Year Note Auction,4.06%,,3.80%,2024-01-24 18:00:00
USD,2.0,Building Permits,1.493M,1.495M,1.467M,2024-01-25 12:40:00
USD,1.0,Building Permits (MoM) (Dec),1.80%,,-2.10%,2024-01-25 12:40:00
USD,1.0,Wholesale Inventories (MoM),0.40%,-0.20%,-0.40%,2024-01-25 13:30:00
USD,2.0,Retail Inventories Ex Auto (Dec),0.60%,,-0.60%,2024-01-25 13:30:00
USD,1.0,Real Consumer Spending (Q4),2.80%,,3.10%,2024-01-25 13:30:00
USD,1.0,PCE Prices (Q4),1.70%,,2.60%,2024-01-25 13:30:00
USD,1.0,Jobless Claims 4-Week Avg.,202.25K,,203.75K,2024-01-25 13:30:00
USD,3.0,Initial Jobless Claims,214K,200K,189K,2024-01-25 13:30:00
USD,1.0,Goods Orders Non Defense Ex Air (MoM) (Dec),0.30%,0.10%,1.00%,2024-01-25 13:30:00
USD,1.0,GDP Sales (Q4),3.20%,,3.60%,2024-01-25 13:30:00
USD,2.0,Goods Trade Balance (Dec),-88.46B,-88.70B,-90.27B,2024-01-25 13:30:00
USD,3.0,GDP (QoQ) (Q4),3.30%,2.00%,4.90%,2024-01-25 13:30:00
USD,2.0,GDP Price Index (QoQ) (Q4),1.50%,2.30%,3.30%,2024-01-25 13:30:00
USD,1.0,Durables Excluding Defense (MoM) (Dec),0.50%,,6.90%,2024-01-25 13:30:00
USD,3.0,Durable Goods Orders (MoM) (Dec),0.00%,1.10%,5.50%,2024-01-25 13:30:00
USD,2.0,Core PCE Prices (Q4),2.00%,2.00%,2.00%,2024-01-25 13:30:00
USD,2.0,Core Durable Goods Orders (MoM) (Dec),0.60%,0.20%,0.50%,2024-01-25 13:30:00
USD,2.0,Continuing Jobless Claims,"1,833K","1,828K","1,806K",2024-01-25 13:30:00
USD,1.0,Chicago Fed National Activity (Dec),-0.15,,0.01,2024-01-25 13:30:00
USD,3.0,New Home Sales (Dec),664K,645K,615K,2024-01-25 15:00:00
USD,2.0,New Home Sales (MoM) (Dec),8.00%,,-9.00%,2024-01-25 15:00:00
USD,1.0,Natural Gas Storage,-326B,-322B,-154B,2024-01-25 15:30:00
USD,1.0,KC Fed Composite Index (Jan),-9,,-1,2024-01-25 16:00:00
USD,1.0,KC Fed Manufacturing Index (Jan),-17,,-5,2024-01-25 16:00:00
USD,1.0,4-Week Bill Auction,5.28%,,5.29%,2024-01-25 16:30:00
USD,1.0,8-Week Bill Auction,5.28%,,5.28%,2024-01-25 16:30:00
USD,2.0,7-Year Note Auction,4.11%,,3.86%,2024-01-25 18:00:00
USD,1.0,Reserve Balances with Federal Reserve Banks,3.490T,,3.592T,2024-01-25 21:30:00
USD,2.0,Fed's Balance Sheet,"7,677B",,"7,674B",2024-01-25 21:30:00
USD,3.0,Core PCE Price Index (YoY) (Dec),2.90%,3.00%,3.20%,2024-01-26 13:30:00
USD,32.0,Core PCE Price Index (MoM) (Dec),0.20%,0.20%,0.10%,2024-01-26 13:30:00
USD,2.0,PCE Price index (YoY) (Dec),2.60%,2.60%,2.60%,2024-01-26 13:30:00
USD,1.0,PCE price index (MoM) (Dec),0.20%,0.20%,-0.10%,2024-01-26 13:30:00
USD,2.0,Personal Income (MoM) (Dec),0.30%,0.30%,0.40%,2024-01-26 13:30:00
USD,1.0,Personal Spending (MoM) (Dec),0.70%,0.40%,0.40%,2024-01-26 13:30:00
USD,1.0,Real Personal Consumption (MoM) (Dec),0.50%,0.30%,0.50%,2024-01-26 13:30:00
USD,1.0,Dallas Fed PCE (Dec),2.60%,,1.60%,2024-01-26 14:00:00
USD,2.0,Pending Home Sales (MoM) (Dec),8.30%,1.50%,0.00%,2024-01-26 15:00:00
USD,1.0,Pending Home Sales Index (Dec),77.3,,71.4,2024-01-26 15:00:00
USD,2.0,Atlanta Fed GDPNow (Q1),3.00%,,,2024-01-26 16:30:00
USD,2.0,U.S. Baker Hughes Oil Rig Count,499,,497,2024-01-26 18:00:00
USD,2.0,U.S. Baker Hughes Total Rig Count,621,,620,2024-01-26 18:00:00
USD,1.0,CFTC Wheat speculative net positions,-42.8K,,-46.6K,2024-01-26 20:30:00
USD,2.0,CFTC S&P 500 speculative net positions,-189.5K,,-169.2K,2024-01-26 20:30:00
USD,1.0,CFTC Soybeans speculative net positions,-106.0K,,-93.7K,2024-01-26 20:30:00
USD,1.0,CFTC Silver speculative net positions,17.7K,,25.6K,2024-01-26 20:30:00
USD,1.0,CFTC Natural Gas speculative net positions,-80.6K,,-56.5K,2024-01-26 20:30:00
USD,1.0,CFTC Corn speculative net positions,-219.2K,,-220.0K,2024-01-26 20:30:00
USD,2.0,CFTC Gold speculative net positions,169.5K,,179.9K,2024-01-26 20:30:00
USD,1.0,CFTC Aluminium speculative net positions,4.3K,,5.3K,2024-01-26 20:30:00
USD,2.0,CFTC Nasdaq 100 speculative net positions,33.0K,,36.6K,2024-01-26 20:30:00
USD,2.0,CFTC Crude Oil speculative net positions,184.0K,,162.0K,2024-01-26 20:30:00
USD,1.0,CFTC Copper speculative net positions,-29.9K,,-25.3K,2024-01-26 20:30:00
USD,1.0,Dallas Fed Mfg Business Index (Jan),-27.4,,-10.4,2024-01-29 15:30:00
USD,1.0,3-Month Bill Auction,5.21%,,5.23%,2024-01-29 16:30:00
USD,1.0,6-Month Bill Auction,4.99%,,5.02%,2024-01-29 16:30:00
USD,1.0,IMF Meetings,,,,2024-01-30 13:00:00
USD,1.0,Redbook (YoY),5.00%,,5.20%,2024-01-30 13:55:00
USD,2.0,S&P/CS HPI Composite - 20 n.s.a. (YoY) (Nov),5.40%,5.80%,4.90%,2024-01-30 14:00:00
USD,2.0,S&P/CS HPI Composite - 20 n.s.a. (MoM) (Nov),-0.20%,,0.10%,2024-01-30 14:00:00
USD,1.0,S&P/CS HPI Composite - 20 s.a. (MoM) (Nov),0.10%,0.50%,0.60%,2024-01-30 14:00:00
USD,1.0,House Price Index (MoM) (Nov),0.30%,0.20%,0.30%,2024-01-30 14:00:00
USD,1.0,House Price Index (YoY) (Nov),6.60%,,6.30%,2024-01-30 14:00:00
USD,1.0,House Price Index (Nov),417.4,,416.1,2024-01-30 14:00:00
USD,3.0,CB Consumer Confidence (Jan),114.8,114.2,108,2024-01-30 15:00:00
USD,3.0,JOLTs Job Openings (Dec),9.026M,8.750M,8.925M,2024-01-30 15:00:00
USD,1.0,Dallas Fed Services Revenues (Jan),-3.6,,4,2024-01-30 15:30:00
USD,1.0,Texas Services Sector Outlook (Jan),-9.3,,-8.8,2024-01-30 15:30:00
USD,2.0,API Weekly Crude Oil Stock,-2.500M,-0.867M,-6.674M,2024-01-30 21:30:00
USD,1.0,Mortgage Refinance Index,445.6,,438.4,2024-01-31 12:00:00
USD,1.0,Mortgage Market Index,202.5,,218.2,2024-01-31 12:00:00
USD,1.0,MBA Purchase Index,154.5,,174.3,2024-01-31 12:00:00
USD,1.0,MBA 30-Year Mortgage Rate,6.78%,,6.78%,2024-01-31 12:00:00
USD,1.0,MBA Mortgage Applications (WoW),-7.20%,,3.70%,2024-01-31 12:00:00
USD,3.0,ADP Nonfarm Employment Change (Jan),107K,145K,158K,2024-01-31 13:15:00
USD,1.0,Employment Benefits (QoQ) (Q4),0.70%,,0.90%,2024-01-31 13:30:00
USD,2.0,Employment Cost Index (QoQ) (Q4),0.90%,1.00%,1.10%,2024-01-31 13:30:00
USD,1.0,Employment Wages (QoQ) (Q4),0.90%,,1.20%,2024-01-31 13:30:00
USD,3.0,Chicago PMI (Jan),46,48,47.2,2024-01-31 14:45:00
USD,1.0,Gasoline Inventories,1.156M,1.483M,4.913M,2024-01-31 15:30:00
USD,1.0,EIA Weekly Refinery Utilization Rates (WoW),-2.60%,,-7.10%,2024-01-31 15:30:00
USD,1.0,Heating Oil Stockpiles,0.456M,,-0.379M,2024-01-31 15:30:00
USD,1.0,Gasoline Production,0.956M,,-1.040M,2024-01-31 15:30:00
USD,1.0,EIA Weekly Distillates Stocks,-2.542M,-0.425M,-1.417M,2024-01-31 15:30:00
USD,2.0,Cushing Crude Oil Inventories,-1.972M,,-2.008M,2024-01-31 15:30:00
USD,1.0,Crude Oil Imports,0.565M,,-1.245M,2024-01-31 15:30:00
USD,1.0,EIA Refinery Crude Runs (WoW),-0.428M,,-1.377M,2024-01-31 15:30:00
USD,3.0,Crude Oil Inventories,1.234M,-0.217M,-9.233M,2024-01-31 15:30:00
USD,1.0,Distillate Fuel Production,-0.115M,,-0.402M,2024-01-31 15:30:00
USD,1.0,OPEC Crude oil Production Venezuela (Barrel),0.79M,,0.77M,2024-01-31 15:45:00
USD,1.0,OPEC Crude oil Production UAE (Barrel),2.92M,,2.89M,2024-01-31 15:45:00
USD,1.0,OPEC Crude oil Production Saudi Arabia (Barrel),8.99M,,8.95M,2024-01-31 15:45:00
USD,1.0,OPEC Crude Oil Production Nigeria (Barrel),1.54M,,1.50M,2024-01-31 15:45:00
USD,1.0,OPEC Crude Oil Production Libya (Barrel),1.00M,,1.16M,2024-01-31 15:45:00
USD,1.0,OPEC Crude Oil Production Kuwait (Barrel),2.41M,,2.55M,2024-01-31 15:45:00
USD,1.0,OPEC Crude oil Production Iraq (Barrel),4.15M,,4.29M,2024-01-31 15:45:00
USD,1.0,OPEC Crude Oil Production Guinea (Barrel),0.05M,,0.06M,2024-01-31 15:45:00
USD,1.0,OPEC Crude Oil Production Gabon (Barrel),0.21M,,0.22M,2024-01-31 15:45:00
USD,1.0,OPEC Crude Oil Production Congo (Barrel),0.27M,,0.26M,2024-01-31 15:45:00
USD,1.0,OPEC Crude Oil Production Algeria (Barrel),0.96M,,0.96M,2024-01-31 15:45:00
USD,1.0,OPEC Crude oil Production Iran (Barrel),3.10M,,3.13M,2024-01-31 15:45:00
USD,3.0,FOMC Statement,,,,2024-01-31 19:00:00
USD,3.0,Fed Interest Rate Decision,5.50%,5.50%,5.50%,2024-01-31 19:00:00
USD,2.0,OPEC Meeting,,,,2024-02-01 10:00:00
USD,1.0,Challenger Job Cuts (Jan),82.307K,,34.817K,2024-02-01 12:30:00
USD,1.0,Challenger Job Cuts (YoY),-20.00%,,-20.20%,2024-02-01 12:30:00
USD,2.0,Continuing Jobless Claims,"1,898K","1,840K","1,828K",2024-02-01 13:30:00
USD,3.0,Initial Jobless Claims,224K,213K,215K,2024-02-01 13:30:00
USD,1.0,Jobless Claims 4-Week Avg.,207.75K,,202.50K,2024-02-01 13:30:00
USD,2.0,Nonfarm Productivity (QoQ) (Q4),3.20%,2.40%,4.90%,2024-02-01 13:30:00
USD,2.0,Unit Labor Costs (QoQ) (Q4),0.50%,1.30%,-1.10%,2024-02-01 13:30:00
USD,3.0,S&P Global US Manufacturing PMI (Jan),50.7,50.3,47.9,2024-02-01 14:45:00
USD,1.0,ISM Manufacturing New Orders Index (Jan),52.5,48.2,47,2024-02-01 15:00:00
USD,2.0,Construction Spending (MoM) (Dec),0.90%,0.50%,0.90%,2024-02-01 15:00:00
USD,2.0,ISM Manufacturing Employment (Jan),47.1,47,47.5,2024-02-01 15:00:00
USD,3.0,ISM Manufacturing Prices (Jan),52.9,46,45.2,2024-02-01 15:00:00
USD,3.0,ISM Manufacturing PMI (Jan),49.1,47.2,47.1,2024-02-01 15:00:00
USD,1.0,Natural Gas Storage,-197B,-202B,-326B,2024-02-01 15:30:00
USD,1.0,4-Week Bill Auction,5.28%,,5.28%,2024-02-01 16:30:00
USD,1.0,8-Week Bill Auction,5.27%,,5.28%,2024-02-01 16:30:00
USD,2.0,Atlanta Fed GDPNow (Q1),4.20%,3.00%,3.00%,2024-02-01 17:45:00
USD,3.0,FOMC Press Conference,,,,2024-02-01 19:30:00
USD,2.0,Fed's Balance Sheet,"7,630B",,"7,677B",2024-02-01 21:30:00
USD,1.0,Reserve Balances with Federal Reserve Banks,3.412T,,3.490T,2024-02-01 21:30:00
USD,3.0,Nonfarm Payrolls (Jan),353K,187K,333K,2024-02-02 13:30:00
USD,2.0,U6 Unemployment Rate (Jan),7.20%,,7.10%,2024-02-02 13:30:00
USD,2.0,Private Nonfarm Payrolls (Jan),317K,155K,278K,2024-02-02 13:30:00
USD,1.0,"Payrolls Benchmark, n.s.a.",-187.00K,,-306.00K,2024-02-02 13:30:00
USD,1.0,Payrolls Benchmark,-266,,568,2024-02-02 13:30:00
USD,2.0,Participation Rate (Jan),62.50%,62.60%,62.50%,2024-02-02 13:30:00
USD,1.0,Government Payrolls (Jan),36.0K,,55.0K,2024-02-02 13:30:00
USD,3.0,Unemployment Rate (Jan),3.70%,3.80%,3.70%,2024-02-02 13:30:00
USD,1.0,Average Weekly Hours (Jan),34.1,34.3,34.3,2024-02-02 13:30:00
USD,2.0,Average Hourly Earnings (YoY) (YoY) (Jan),4.50%,4.10%,4.30%,2024-02-02 13:30:00
USD,3.0,Average Hourly Earnings (MoM) (Jan),0.60%,0.30%,0.40%,2024-02-02 13:30:00
USD,1.0,Manufacturing Payrolls (Jan),23K,5K,8K,2024-02-02 13:30:00
USD,2.0,Michigan 5-Year Inflation Expectations (Jan),2.90%,2.80%,2.90%,2024-02-02 15:00:00
USD,1.0,Michigan Current Conditions (Jan),81.9,83.3,73.3,2024-02-02 15:00:00
USD,2.0,Michigan Consumer Sentiment (Jan),79,78.8,69.7,2024-02-02 15:00:00
USD,2.0,Michigan Consumer Expectations (Jan),77.1,75.9,67.4,2024-02-02 15:00:00
USD,2.0,Michigan 1-Year Inflation Expectations (Jan),2.90%,2.90%,3.10%,2024-02-02 15:00:00
USD,1.0,Durables Excluding Transport (MoM) (Dec),0.50%,,0.60%,2024-02-02 15:00:00
USD,2.0,Factory Orders (MoM) (Dec),0.20%,0.30%,2.60%,2024-02-02 15:00:00
USD,1.0,All Car Sales (Jan),3.01M,,3.19M,2024-02-02 15:00:00
USD,1.0,Factory orders ex transportation (MoM) (Dec),0.40%,,0.20%,2024-02-02 15:00:00
USD,1.0,Durables Excluding Defense (MoM) (Dec),0.50%,,0.50%,2024-02-02 15:00:00
USD,1.0,All Truck Sales (Jan),11.99M,,12.92M,2024-02-02 15:00:00
USD,2.0,U.S. Baker Hughes Oil Rig Count,499,,499,2024-02-02 18:00:00
USD,2.0,U.S. Baker Hughes Total Rig Count,619,,621,2024-02-02 18:00:00
USD,1.0,CFTC Wheat speculative net positions,-36.5K,,-42.8K,2024-02-02 20:30:00
USD,1.0,CFTC Soybeans speculative net positions,-140.6K,,-106.0K,2024-02-02 20:30:00
USD,1.0,CFTC Silver speculative net positions,21.4K,,17.7K,2024-02-02 20:30:00
USD,1.0,CFTC Natural Gas speculative net positions,-103.2K,,-80.6K,2024-02-02 20:30:00
USD,2.0,CFTC Nasdaq 100 speculative net positions,39.3K,,33.0K,2024-02-02 20:30:00
USD,2.0,CFTC S&P 500 speculative net positions,-226.0K,,-189.5K,2024-02-02 20:30:00
USD,2.0,CFTC Crude Oil speculative net positions,196.7K,,184.0K,2024-02-02 20:30:00
USD,1.0,CFTC Corn speculative net positions,-224.8K,,-219.2K,2024-02-02 20:30:00
USD,1.0,CFTC Copper speculative net positions,-8.6K,,-29.9K,2024-02-02 20:30:00
USD,1.0,CFTC Aluminium speculative net positions,3.9K,,4.3K,2024-02-02 20:30:00
USD,2.0,CFTC Gold speculative net positions,147.8K,,169.5K,2024-02-02 20:30:00
USD,3.0,Fed Chair Powell Speaks,,,,2024-02-05 00:00:00
USD,2.0,FOMC Member Kashkari Speaks,,,,2024-02-05 13:00:00
USD,2.0,S&P Global Composite PMI (Jan),52,52.3,50.9,2024-02-05 14:45:00
USD,3.0,S&P Global Services PMI (Jan),52.5,52.9,51.4,2024-02-05 14:45:00
USD,3.0,ISM Non-Manufacturing PMI (Jan),53.4,52,50.5,2024-02-05 15:00:00
USD,3.0,ISM Non-Manufacturing Prices (Jan),64,56.5,57.4,2024-02-05 15:00:00
USD,1.0,Total Vehicle Sales (Jan),15.00M,15.70M,16.12M,2024-02-05 15:00:00
USD,1.0,ISM Non-Manufacturing New Orders (Jan),55,54.8,52.8,2024-02-05 15:00:00
USD,1.0,Fed Goolsbee Speaks,,,,2024-02-05 15:00:00
USD,1.0,ISM Non-Manufacturing Business Activity (Jan),55.8,,55.8,2024-02-05 15:00:00
USD,2.0,ISM Non-Manufacturing Employment (Jan),50.5,49.4,43.8,2024-02-05 15:00:00
USD,1.0,CB Employment Trends Index (Jan),113.71,,112.91,2024-02-05 15:00:00
USD,1.0,3-Month Bill Auction,5.24%,,5.21%,2024-02-05 16:30:00
USD,1.0,6-Month Bill Auction,5.05%,,4.99%,2024-02-05 16:30:00
USD,2.0,FOMC Member Bostic Speaks,,,,2024-02-05 19:00:00
USD,1.0,Loan Officer Survey,,,,2024-02-05 19:00:00
USD,2.0,FOMC Member Harker Speaks,,,,2024-02-06 00:00:00
USD,1.0,Redbook (YoY),6.10%,,5.00%,2024-02-06 13:55:00
USD,1.0,IBD/TIPP Economic Optimism,44,47.2,44.7,2024-02-06 15:10:00
USD,2.0,EIA Short-Term Energy Outlook,,,,2024-02-06 17:00:00
USD,2.0,FOMC Member Mester Speaks,,,,2024-02-06 17:00:00
USD,2.0,3-Year Note Auction,4.17%,,4.11%,2024-02-06 18:00:00
USD,2.0,FOMC Member Kashkari Speaks,,,,2024-02-06 18:00:00
USD,1.0,Fed Collins Speaks,,,,2024-02-06 19:00:00
USD,2.0,API Weekly Crude Oil Stock,0.674M,2.133M,-2.500M,2024-02-06 21:30:00
USD,1.0,Mortgage Market Index,210,,202.5,2024-02-07 12:00:00
USD,1.0,Mortgage Refinance Index,500.2,,445.6,2024-02-07 12:00:00
USD,1.0,MBA Mortgage Applications (WoW),3.70%,,-7.20%,2024-02-07 12:00:00
USD,1.0,MBA 30-Year Mortgage Rate,6.80%,,6.78%,2024-02-07 12:00:00
USD,1.0,MBA Purchase Index,153.5,,154.5,2024-02-07 12:00:00
USD,2.0,Exports (Dec),258.20B,,254.30B,2024-02-07 13:30:00
USD,2.0,Imports (Dec),320.40B,,316.20B,2024-02-07 13:30:00
USD,2.0,Trade Balance (Dec),-62.20B,-62.00B,-61.90B,2024-02-07 13:30:00
USD,1.0,Gasoline Inventories,-3.146M,0.140M,1.156M,2024-02-07 15:30:00
USD,1.0,EIA Weekly Refinery Utilization Rates (WoW),-0.50%,,-2.60%,2024-02-07 15:30:00
USD,1.0,Heating Oil Stockpiles,-0.223M,,0.456M,2024-02-07 15:30:00
USD,1.0,EIA Weekly Distillates Stocks,-3.221M,-1.000M,-2.542M,2024-02-07 15:30:00
USD,1.0,Gasoline Production,-0.270M,,0.956M,2024-02-07 15:30:00
USD,2.0,Cushing Crude Oil Inventories,-0.033M,,-1.972M,2024-02-07 15:30:00
USD,1.0,Crude Oil Imports,1.600M,,0.565M,2024-02-07 15:30:00
USD,1.0,EIA Refinery Crude Runs (WoW),-0.009M,,-0.428M,2024-02-07 15:30:00
USD,3.0,Crude Oil Inventories,5.520M,1.700M,1.234M,2024-02-07 15:30:00
USD,1.0,Distillate Fuel Production,-0.028M,,-0.115M,2024-02-07 15:30:00
USD,2.0,Atlanta Fed GDPNow (Q1),3.40%,4.20%,4.20%,2024-02-07 16:30:00
USD,1.0,Fed Collins Speaks,,,,2024-02-07 16:30:00
USD,1.0,FOMC Member Barkin Speaks,,,,2024-02-07 17:30:00
USD,3.0,10-Year Note Auction,4.09%,,4.02%,2024-02-07 18:00:00
USD,2.0,FOMC Member Bowman Speaks,,,,2024-02-07 19:00:00
USD,2.0,Consumer Credit (Dec),1.56B,14.90B,23.48B,2024-02-07 20:00:00
USD,1.0,Jobless Claims 4-Week Avg.,212.25K,,208.50K,2024-02-08 13:30:00
USD,3.0,Initial Jobless Claims,218K,221K,227K,2024-02-08 13:30:00
USD,2.0,Continuing Jobless Claims,"1,871K","1,878K","1,894K",2024-02-08 13:30:00
USD,1.0,FOMC Member Barkin Speaks,,,,2024-02-08 13:30:00
USD,1.0,Wholesale Inventories (MoM) (Dec),0.40%,0.40%,-0.40%,2024-02-08 15:00:00
USD,1.0,Wholesale Trade Sales (MoM) (Dec),0.70%,,-0.10%,2024-02-08 15:00:00
USD,1.0,Natural Gas Storage,-75B,-73B,-197B,2024-02-08 15:30:00
USD,1.0,4-Week Bill Auction,5.28%,,5.28%,2024-02-08 16:30:00
USD,1.0,8-Week Bill Auction,5.27%,,5.27%,2024-02-08 16:30:00
USD,2.0,WASDE Report,,,,2024-02-08 17:00:00
USD,1.0,FOMC Member Barkin Speaks,,,,2024-02-08 17:05:00
USD,2.0,Atlanta Fed GDPNow (Q1),3.40%,3.40%,3.40%,2024-02-08 18:00:00
USD,3.0,30-Year Bond Auction,4.36%,,4.23%,2024-02-08 18:00:00
USD,2.0,Fed's Balance Sheet,"7,631B",,"7,630B",2024-02-08 21:30:00
USD,1.0,Reserve Balances with Federal Reserve Banks,3.556T,,3.412T,2024-02-08 21:30:00
USD,2.0,U.S. Baker Hughes Oil Rig Count,499,,499,2024-02-09 18:00:00
USD,2.0,U.S. Baker Hughes Total Rig Count,623,,619,2024-02-09 18:00:00
USD,1.0,Fed Logan Speaks,,,,2024-02-09 18:30:00
USD,1.0,CFTC Silver speculative net positions,16.9K,,21.4K,2024-02-09 20:30:00
USD,2.0,CFTC S&P 500 speculative net positions,-233.0K,,-226.0K,2024-02-09 20:30:00
USD,1.0,CFTC Wheat speculative net positions,-38.3K,,-36.5K,2024-02-09 20:30:00
USD,1.0,CFTC Soybeans speculative net positions,-160.8K,,-140.6K,2024-02-09 20:30:00
USD,1.0,CFTC Natural Gas speculative net positions,-114.2K,,-103.2K,2024-02-09 20:30:00
USD,1.0,CFTC Corn speculative net positions,-229.4K,,-224.8K,2024-02-09 20:30:00
USD,2.0,CFTC Gold speculative net positions,161.7K,,147.8K,2024-02-09 20:30:00
USD,2.0,CFTC Crude Oil speculative net positions,161.8K,,196.7K,2024-02-09 20:30:00
USD,2.0,CFTC Nasdaq 100 speculative net positions,32.9K,,39.3K,2024-02-09 20:30:00
USD,1.0,CFTC Copper speculative net positions,-13.7K,,-8.6K,2024-02-09 20:30:00
USD,1.0,CFTC Aluminium speculative net positions,2.9K,,3.9K,2024-02-09 20:30:00
USD,2.0,FOMC Member Bowman Speaks,,,,2024-02-12 14:20:00
USD,2.0,NY Fed 1-Year Consumer Inflation Expectations,3.00%,,3.00%,2024-02-12 16:00:00
USD,1.0,3-Month Bill Auction,5.23%,,5.24%,2024-02-12 16:30:00
USD,1.0,6-Month Bill Auction,5.07%,,5.05%,2024-02-12 16:30:00
USD,1.0,FOMC Member Barkin Speaks,,,,2024-02-12 17:00:00
USD,2.0,FOMC Member Kashkari Speaks,,,,2024-02-12 18:00:00
USD,2.0,Federal Budget Balance (Jan),-22.0B,-39.3B,-129.0B,2024-02-12 19:00:00
USD,1.0,NFIB Small Business Optimism (Jan),89.9,92.3,91.9,2024-02-13 11:00:00
USD,2.0,OPEC Monthly Report,,,,2024-02-13 12:00:00
USD,3.0,Core CPI (MoM) (Jan),0.40%,0.30%,0.30%,2024-02-13 13:30:00
USD,2.0,Core CPI (YoY) (Jan),3.90%,3.70%,3.90%,2024-02-13 13:30:00
USD,1.0,Core CPI Index (Jan),314.44,314.08,313.21,2024-02-13 13:30:00
USD,3.0,CPI (YoY) (Jan),3.10%,2.90%,3.40%,2024-02-13 13:30:00
USD,3.0,CPI (MoM) (Jan),0.30%,0.20%,0.20%,2024-02-13 13:30:00
USD,1.0,"CPI Index, n.s.a. (Jan)",308.42,307.99,306.75,2024-02-13 13:30:00
USD,1.0,"CPI Index, s.a (Jan)",309.69,,308.74,2024-02-13 13:30:00
USD,1.0,"CPI, n.s.a (MoM) (Jan)",0.54%,,-0.10%,2024-02-13 13:30:00
USD,1.0,Real Earnings (MoM) (Jan),-0.30%,,-0.10%,2024-02-13 13:30:00
USD,1.0,Redbook (YoY),2.50%,,6.10%,2024-02-13 13:55:00
USD,1.0,Cleveland CPI (MoM) (Jan),0.50%,,0.30%,2024-02-13 16:00:00
USD,2.0,API Weekly Crude Oil Stock,8.520M,2.600M,0.674M,2024-02-13 21:30:00
USD,1.0,Mortgage Refinance Index,489.6,,500.2,2024-02-14 12:00:00
USD,1.0,Mortgage Market Index,205.1,,210,2024-02-14 12:00:00
USD,1.0,MBA Mortgage Applications (WoW),-2.30%,,3.70%,2024-02-14 12:00:00
USD,1.0,MBA 30-Year Mortgage Rate,6.87%,,6.80%,2024-02-14 12:00:00
USD,1.0,MBA Purchase Index,149.6,,153.5,2024-02-14 12:00:00
USD,1.0,Fed Goolsbee Speaks,,,,2024-02-14 14:30:00
USD,1.0,Thomson Reuters IPSOS PCSI (Feb),52.03,,52.9,2024-02-14 15:00:00
USD,1.0,EIA Weekly Refinery Utilization Rates (WoW),-1.80%,,-0.50%,2024-02-14 15:30:00
USD,1.0,Gasoline Inventories,-3.658M,-1.160M,-3.145M,2024-02-14 15:30:00
USD,1.0,Heating Oil Stockpiles,1.536M,,-0.222M,2024-02-14 15:30:00
USD,1.0,Gasoline Production,0.164M,,-0.270M,2024-02-14 15:30:00
USD,1.0,EIA Weekly Distillates Stocks,-1.915M,-1.600M,-3.220M,2024-02-14 15:30:00
USD,2.0,Cushing Crude Oil Inventories,0.710M,,-0.033M,2024-02-14 15:30:00
USD,1.0,Crude Oil Imports,-1.188M,,1.600M,2024-02-14 15:30:00
USD,1.0,EIA Refinery Crude Runs (WoW),-0.298M,,-0.008M,2024-02-14 15:30:00
USD,3.0,Crude Oil Inventories,12.018M,3.300M,5.521M,2024-02-14 15:30:00
USD,1.0,Distillate Fuel Production,-0.281M,,-0.028M,2024-02-14 15:30:00
USD,2.0,Fed Vice Chair for Supervision Barr Speaks,,,,2024-02-14 21:00:00
USD,2.0,FOMC Member Bostic Speaks,,,,2024-02-15 00:00:00
USD,2.0,IEA Monthly Report,,,,2024-02-15 09:00:00
USD,2.0,Philly Fed Employment (Feb),-10.3,,-1.8,2024-02-15 13:30:00
USD,1.0,Philly Fed CAPEX Index (Feb),12.7,,7.5,2024-02-15 13:30:00
USD,1.0,Philly Fed New Orders (Feb),-5.2,,-17.9,2024-02-15 13:30:00
USD,1.0,Philly Fed Business Conditions (Feb),7.2,,-4,2024-02-15 13:30:00
USD,2.0,Retail Control (MoM) (Jan),-0.40%,0.20%,0.60%,2024-02-15 13:30:00
USD,3.0,Retail Sales (MoM) (Jan),-0.80%,-0.20%,0.40%,2024-02-15 13:30:00
USD,1.0,Retail Sales Ex Gas/Autos (MoM) (Jan),-0.50%,,0.60%,2024-02-15 13:30:00
USD,1.0,Philly Fed Prices Paid (Feb),16.6,,11.3,2024-02-15 13:30:00
USD,3.0,Philadelphia Fed Manufacturing Index (Feb),5.2,-8,-10.6,2024-02-15 13:30:00
USD,1.0,Retail Sales (YoY) (Jan),0.65%,,5.31%,2024-02-15 13:30:00
USD,1.0,Jobless Claims 4-Week Avg.,218.50K,,212.75K,2024-02-15 13:30:00
USD,2.0,Continuing Jobless Claims,"1,895K","1,880K","1,865K",2024-02-15 13:30:00
USD,3.0,Core Retail Sales (MoM) (Jan),-0.60%,0.20%,0.40%,2024-02-15 13:30:00
USD,1.0,Export Price Index (YoY),-2.40%,,-2.90%,2024-02-15 13:30:00
USD,2.0,NY Empire State Manufacturing Index (Feb),-2.4,-13.7,-43.7,2024-02-15 13:30:00
USD,2.0,Import Price Index (MoM) (Jan),0.80%,0.00%,-0.70%,2024-02-15 13:30:00
USD,2.0,Export Price Index (MoM) (Jan),0.80%,-0.10%,-0.70%,2024-02-15 13:30:00
USD,1.0,Import Price Index (YoY),-1.30%,-1.30%,-2.40%,2024-02-15 13:30:00
USD,3.0,Initial Jobless Claims,212K,219K,220K,2024-02-15 13:30:00
USD,1.0,Capacity Utilization Rate (Jan),78.50%,78.80%,78.70%,2024-02-15 14:15:00
USD,2.0,Industrial Production (MoM) (Jan),-0.10%,0.20%,0.10%,2024-02-15 14:15:00
USD,2.0,Industrial Production (YoY) (Jan),0.03%,,1.17%,2024-02-15 14:15:00
USD,1.0,Manufacturing Production (MoM) (Jan),-0.50%,0.00%,0.10%,2024-02-15 14:15:00
USD,2.0,Business Inventories (MoM) (Dec),0.40%,0.40%,-0.10%,2024-02-15 15:00:00
USD,1.0,NAHB Housing Market Index (Feb),48,46,44,2024-02-15 15:00:00
USD,2.0,Retail Inventories Ex Auto (Dec),0.40%,0.60%,-0.90%,2024-02-15 15:00:00
USD,1.0,Natural Gas Storage,-49B,-67B,-75B,2024-02-15 15:30:00
USD,1.0,4-Week Bill Auction,5.28%,,5.28%,2024-02-15 16:30:00
USD,1.0,8-Week Bill Auction,5.27%,,5.27%,2024-02-15 16:30:00
USD,2.0,Atlanta Fed GDPNow (Q1),2.90%,3.40%,3.40%,2024-02-15 18:00:00
USD,2.0,Fed Waller Speaks,,,,2024-02-15 18:15:00
USD,1.0,"US Foreign Buying, T-bonds (Dec)",33.80B,,72.40B,2024-02-15 21:00:00
USD,1.0,Overall Net Capital Flow (Dec),139.80B,,223.30B,2024-02-15 21:00:00
USD,2.0,TIC Net Long-Term Transactions (Dec),160.2B,42.6B,99.7B,2024-02-15 21:00:00
USD,1.0,TIC Net Long-Term Transactions including Swaps (Dec),160.20B,,99.70B,2024-02-15 21:00:00
USD,2.0,Fed's Balance Sheet,"7,634B",,"7,631B",2024-02-15 21:30:00
USD,1.0,Reserve Balances with Federal Reserve Banks,3.537T,,3.556T,2024-02-15 21:30:00
USD,2.0,FOMC Member Bostic Speaks,,,,2024-02-16 00:00:00
USD,1.0,FOMC Member Barkin Speaks,,,,2024-02-16 13:00:00
USD,1.0,PPI (YoY) (Jan),0.90%,0.60%,1.00%,2024-02-16 13:30:00
USD,3.0,PPI (MoM) (Jan),0.30%,0.10%,-0.10%,2024-02-16 13:30:00
USD,2.0,Housing Starts (MoM) (Jan),-14.80%,0.00%,3.30%,2024-02-16 13:30:00
USD,2.0,Housing Starts (Jan),1.331M,1.450M,1.562M,2024-02-16 13:30:00
USD,1.0,Core PPI (YoY) (Jan),2.00%,1.60%,1.70%,2024-02-16 13:30:00
USD,2.0,Building Permits (Jan),1.470M,1.509M,1.493M,2024-02-16 13:30:00
USD,1.0,Building Permits (MoM) (Jan),-1.50%,1.30%,1.80%,2024-02-16 13:30:00
USD,1.0,PPI ex. Food/Energy/Transport (YoY) (Jan),2.60%,,2.60%,2024-02-16 13:30:00
USD,1.0,PPI ex. Food/Energy/Transport (MoM) (Jan),0.60%,0.10%,0.20%,2024-02-16 13:30:00
USD,2.0,Core PPI (MoM) (Jan),0.50%,0.10%,-0.10%,2024-02-16 13:30:00
USD,2.0,Fed Vice Chair for Supervision Barr Speaks,,,,2024-02-16 14:10:00
USD,1.0,Michigan Current Conditions (Feb),81.5,82,81.9,2024-02-16 15:00:00
USD,2.0,Michigan Consumer Expectations (Feb),78.4,76.5,77.1,2024-02-16 15:00:00
USD,2.0,Michigan Consumer Sentiment (Feb),79.6,80,79,2024-02-16 15:00:00
USD,2.0,Michigan 1-Year Inflation Expectations (Feb),3.00%,2.90%,2.90%,2024-02-16 15:00:00
USD,2.0,Michigan 5-Year Inflation Expectations (Feb),2.90%,2.80%,2.90%,2024-02-16 15:00:00
USD,2.0,Atlanta Fed GDPNow (Q1),2.90%,2.90%,2.90%,2024-02-16 16:30:00
USD,2.0,FOMC Member Daly Speaks,,,,2024-02-16 17:10:00
USD,2.0,U.S. Baker Hughes Oil Rig Count,497,,499,2024-02-16 18:00:00
USD,2.0,U.S. Baker Hughes Total Rig Count,621,,623,2024-02-16 18:00:00
USD,2.0,CFTC S&P 500 speculative net positions,-215.8K,,-233.0K,2024-02-16 20:30:00
USD,1.0,CFTC Soybeans speculative net positions,-161.8K,,-160.8K,2024-02-16 20:30:00
USD,1.0,CFTC Silver speculative net positions,12.4K,,16.9K,2024-02-16 20:30:00
USD,1.0,CFTC Wheat speculative net positions,-29.0K,,-38.3K,2024-02-16 20:30:00
USD,1.0,CFTC Natural Gas speculative net positions,-136.6K,,-114.2K,2024-02-16 20:30:00
USD,1.0,CFTC Corn speculative net positions,-245.9K,,-229.4K,2024-02-16 20:30:00
USD,2.0,CFTC Gold speculative net positions,131.2K,,161.7K,2024-02-16 20:30:00
USD,2.0,CFTC Crude Oil speculative net positions,171.0K,,161.8K,2024-02-16 20:30:00
USD,1.0,CFTC Copper speculative net positions,-32.7K,,-13.7K,2024-02-16 20:30:00
USD,1.0,CFTC Aluminium speculative net positions,3.9K,,2.9K,2024-02-16 20:30:00
USD,2.0,CFTC Nasdaq 100 speculative net positions,32.1K,,32.9K,2024-02-16 20:30:00
USD,2.0,US Leading Index (MoM) (Jan),-0.40%,-0.30%,-0.20%,2024-02-20 15:00:00
USD,1.0,3-Month Bill Auction,5.23%,,5.23%,2024-02-20 16:30:00
USD,1.0,6-Month Bill Auction,5.10%,,5.07%,2024-02-20 16:30:00
USD,1.0,52-Week Bill Auction,4.70%,,4.57%,2024-02-20 18:00:00
USD,1.0,Mortgage Refinance Index,427,,489.6,2024-02-21 12:00:00
USD,1.0,MBA 30-Year Mortgage Rate,7.06%,,6.87%,2024-02-21 12:00:00
USD,1.0,MBA Mortgage Applications (WoW),-10.60%,,-2.30%,2024-02-21 12:00:00
USD,1.0,MBA Purchase Index,133.6,,149.6,2024-02-21 12:00:00
USD,1.0,Mortgage Market Index,181.6,,205.1,2024-02-21 12:00:00
USD,2.0,FOMC Member Bostic Speaks,,,,2024-02-21 13:00:00
USD,1.0,Redbook (YoY),3.00%,,2.50%,2024-02-21 13:55:00
USD,2.0,20-Year Bond Auction,4.60%,,4.42%,2024-02-21 18:00:00
USD,2.0,FOMC Member Bowman Speaks,,,,2024-02-21 18:00:00
USD,3.0,FOMC Meeting Minutes,,,,2024-02-21 19:00:00
USD,2.0,API Weekly Crude Oil Stock,7.168M,4.298M,8.520M,2024-02-21 21:30:00
USD,1.0,Chicago Fed National Activity (Jan),-0.3,,0.02,2024-02-22 13:30:00
USD,2.0,Continuing Jobless Claims,"1,862K","1,885K","1,889K",2024-02-22 13:30:00
USD,3.0,Initial Jobless Claims,201K,217K,213K,2024-02-22 13:30:00
USD,1.0,Jobless Claims 4-Week Avg.,215.25K,,218.75K,2024-02-22 13:30:00
USD,3.0,S&P Global Services PMI (Feb),51.3,52.4,52.5,2024-02-22 14:45:00
USD,2.0,S&P Global Composite PMI (Feb),51.4,51.8,52,2024-02-22 14:45:00
USD,3.0,S&P Global US Manufacturing PMI (Feb),51.5,50.5,50.7,2024-02-22 14:45:00
USD,2.0,Existing Home Sales (MoM) (Jan),3.10%,,-0.80%,2024-02-22 15:00:00
USD,3.0,Existing Home Sales (Jan),4.00M,3.96M,3.88M,2024-02-22 15:00:00
USD,1.0,Fed Governor Jefferson Speaks,,,,2024-02-22 15:00:00
USD,1.0,Natural Gas Storage,-60B,-59B,-54B,2024-02-22 15:30:00
USD,1.0,Gasoline Inventories,-0.294M,-2.113M,-3.658M,2024-02-22 16:00:00
USD,1.0,EIA Weekly Refinery Utilization Rates (WoW),0.00%,,-1.80%,2024-02-22 16:00:00
USD,1.0,Heating Oil Stockpiles,-0.351M,,1.536M,2024-02-22 16:00:00
USD,1.0,Gasoline Production,-0.146M,,0.164M,2024-02-22 16:00:00
USD,1.0,EIA Weekly Distillates Stocks,-4.009M,-1.739M,-1.915M,2024-02-22 16:00:00
USD,3.0,Crude Oil Inventories,3.514M,3.879M,12.018M,2024-02-22 16:00:00
USD,2.0,Cushing Crude Oil Inventories,0.741M,,0.710M,2024-02-22 16:00:00
USD,1.0,Crude Oil Imports,-0.434M,,-1.188M,2024-02-22 16:00:00
USD,1.0,EIA Refinery Crude Runs (WoW),0.031M,,-0.298M,2024-02-22 16:00:00
USD,1.0,Distillate Fuel Production,0.095M,,-0.281M,2024-02-22 16:00:00
USD,1.0,4-Week Bill Auction,5.29%,,5.28%,2024-02-22 16:30:00
USD,1.0,8-Week Bill Auction,5.28%,,5.27%,2024-02-22 16:30:00
USD,2.0,30-Year TIPS Auction,2.20%,,1.97%,2024-02-22 18:00:00
USD,2.0,FOMC Member Harker Speaks,,,,2024-02-22 20:15:00
USD,1.0,Reserve Balances with Federal Reserve Banks,3.523T,,3.537T,2024-02-22 21:30:00
USD,2.0,Fed's Balance Sheet,"7,582B",,"7,634B",2024-02-22 21:30:00
USD,2.0,FOMC Member Kashkari Speaks,,,,2024-02-22 22:00:00
USD,1.0,Fed Governor Cook Speaks,,,,2024-02-22 22:00:00
USD,2.0,Fed Waller Speaks,,,,2024-02-23 00:35:00
USD,2.0,U.S. Baker Hughes Oil Rig Count,503,,497,2024-02-23 18:00:00
USD,2.0,U.S. Baker Hughes Total Rig Count,626,,621,2024-02-23 18:00:00
USD,1.0,CFTC Aluminium speculative net positions,4.0K,,3.9K,2024-02-23 20:30:00
USD,1.0,CFTC Copper speculative net positions,-15.9K,,-32.7K,2024-02-23 20:30:00
USD,1.0,CFTC Corn speculative net positions,-266.1K,,-245.9K,2024-02-23 20:30:00
USD,2.0,CFTC Crude Oil speculative net positions,191.9K,,171.0K,2024-02-23 20:30:00
USD,2.0,CFTC Gold speculative net positions,140.3K,,131.2K,2024-02-23 20:30:00
USD,2.0,CFTC Nasdaq 100 speculative net positions,25.6K,,32.1K,2024-02-23 20:30:00
USD,1.0,CFTC Natural Gas speculative net positions,-153.9K,,-136.6K,2024-02-23 20:30:00
USD,2.0,CFTC S&P 500 speculative net positions,-218.5K,,-215.8K,2024-02-23 20:30:00
USD,1.0,CFTC Silver speculative net positions,22.4K,,12.4K,2024-02-23 20:30:00
USD,1.0,CFTC Soybeans speculative net positions,-160.3K,,-161.8K,2024-02-23 20:30:00
USD,1.0,CFTC Wheat speculative net positions,-44.6K,,-29.0K,2024-02-23 20:30:00
USD,2.0,Building Permits,1.489M,1.470M,1.493M,2024-02-26 13:30:00
USD,1.0,Building Permits (MoM),-0.30%,-1.50%,1.80%,2024-02-26 13:30:00
USD,3.0,New Home Sales (Jan),661K,680K,651K,2024-02-26 15:00:00
USD,2.0,New Home Sales (MoM) (Jan),1.50%,3.00%,7.20%,2024-02-26 15:00:00
USD,1.0,Dallas Fed Mfg Business Index (Feb),-11.3,,-27.4,2024-02-26 15:30:00
USD,2.0,2-Year Note Auction,4.69%,,4.37%,2024-02-26 16:30:00
USD,1.0,6-Month Bill Auction,5.13%,,5.10%,2024-02-26 16:30:00
USD,1.0,3-Month Bill Auction,5.26%,,5.23%,2024-02-26 18:00:00
USD,2.0,5-Year Note Auction,4.32%,,4.06%,2024-02-26 18:00:00
USD,2.0,Core Durable Goods Orders (MoM) (Jan),-0.30%,0.20%,-0.10%,2024-02-27 13:30:00
USD,3.0,Durable Goods Orders (MoM) (Jan),-6.10%,-4.90%,-0.30%,2024-02-27 13:30:00
USD,1.0,Durables Excluding Defense (MoM) (Jan),-7.30%,,0.10%,2024-02-27 13:30:00
USD,1.0,Goods Orders Non Defense Ex Air (MoM) (Jan),0.10%,0.10%,-0.60%,2024-02-27 13:30:00
USD,1.0,Redbook (YoY),2.70%,,3.00%,2024-02-27 13:55:00
USD,2.0,S&P/CS HPI Composite - 20 n.s.a. (YoY) (Dec),6.10%,6.00%,5.40%,2024-02-27 14:00:00
USD,2.0,S&P/CS HPI Composite - 20 n.s.a. (MoM) (Dec),-0.30%,,-0.20%,2024-02-27 14:00:00
USD,1.0,S&P/CS HPI Composite - 20 s.a. (MoM) (Dec),0.20%,0.20%,0.20%,2024-02-27 14:00:00
USD,1.0,House Price Index (YoY) (Dec),6.60%,,6.70%,2024-02-27 14:00:00
USD,1.0,House Price Index (MoM) (Dec),0.10%,0.30%,0.40%,2024-02-27 14:00:00
USD,1.0,House Price Index (Dec),417.8,,417.4,2024-02-27 14:00:00
USD,2.0,Fed Vice Chair for Supervision Barr Speaks,,,,2024-02-27 14:05:00
USD,3.0,CB Consumer Confidence (Feb),106.7,114.8,110.9,2024-02-27 15:00:00
USD,1.0,Richmond Manufacturing Index (Feb),-5,-9,-15,2024-02-27 15:00:00
USD,1.0,Richmond Manufacturing Shipments (Feb),-15,-4,-15,2024-02-27 15:00:00
USD,1.0,Richmond Services Index (Feb),-16,,4,2024-02-27 15:00:00
USD,1.0,Dallas Fed Services Revenues (Feb),5.2,,-3.6,2024-02-27 15:30:00
USD,1.0,Texas Services Sector Outlook (Feb),-3.9,,-9.3,2024-02-27 15:30:00
USD,2.0,Atlanta Fed GDPNow (Q1),3.20%,2.90%,2.90%,2024-02-27 16:30:00
USD,2.0,7-Year Note Auction,4.33%,,4.11%,2024-02-27 18:00:00
USD,1.0,M2 Money Supply (MoM) (Jan),20.78T,,20.83T,2024-02-27 18:00:00
USD,2.0,API Weekly Crude Oil Stock,8.428M,,7.168M,2024-02-27 21:30:00
USD,1.0,MBA Purchase Index,127.6,,133.6,2024-02-28 12:00:00
USD,1.0,Mortgage Refinance Index,395.9,,427,2024-02-28 12:00:00
USD,1.0,Mortgage Market Index,171.5,,181.6,2024-02-28 12:00:00
USD,1.0,MBA 30-Year Mortgage Rate,7.04%,,7.06%,2024-02-28 12:00:00
USD,1.0,MBA Mortgage Applications (WoW),-5.60%,,-10.60%,2024-02-28 12:00:00
USD,1.0,Wholesale Inventories (MoM),-0.10%,0.10%,0.40%,2024-02-28 13:30:00
USD,2.0,Core PCE Prices (Q4),2.10%,2.00%,2.00%,2024-02-28 13:30:00
USD,3.0,GDP (QoQ) (Q4),3.20%,3.30%,4.90%,2024-02-28 13:30:00
USD,2.0,GDP Price Index (QoQ) (Q4),1.70%,1.50%,3.30%,2024-02-28 13:30:00
USD,1.0,GDP Sales (Q4),3.50%,3.20%,3.60%,2024-02-28 13:30:00
USD,2.0,Goods Trade Balance (Jan),-90.20B,-88.40B,-87.89B,2024-02-28 13:30:00
USD,1.0,PCE Prices (Q4),1.80%,1.70%,2.60%,2024-02-28 13:30:00
USD,1.0,Real Consumer Spending (Q4),3.00%,2.80%,3.10%,2024-02-28 13:30:00
USD,2.0,Retail Inventories Ex Auto (Jan),0.30%,,0.40%,2024-02-28 13:30:00
USD,1.0,Heating Oil Stockpiles,-0.137M,,-0.351M,2024-02-28 15:30:00
USD,2.0,Cushing Crude Oil Inventories,1.458M,,0.741M,2024-02-28 15:30:00
USD,1.0,Gasoline Inventories,-2.832M,-1.460M,-0.294M,2024-02-28 15:30:00
USD,1.0,EIA Weekly Refinery Utilization Rates (WoW),0.90%,,,2024-02-28 15:30:00
USD,1.0,Gasoline Production,0.390M,,-0.146M,2024-02-28 15:30:00
USD,1.0,EIA Refinery Crude Runs (WoW),0.100M,,0.031M,2024-02-28 15:30:00
USD,1.0,Distillate Fuel Production,0.118M,,0.095M,2024-02-28 15:30:00
USD,1.0,Crude Oil Imports,-0.032M,,-0.434M,2024-02-28 15:30:00
USD,3.0,Crude Oil Inventories,4.199M,3.100M,3.514M,2024-02-28 15:30:00
USD,1.0,EIA Weekly Distillates Stocks,-0.510M,-2.140M,-4.009M,2024-02-28 15:30:00
USD,2.0,FOMC Member Bostic Speaks,,,,2024-02-28 17:00:00
USD,1.0,Fed Collins Speaks,,,,2024-02-28 17:15:00
USD,2.0,FOMC Member Williams Speaks,,,,2024-02-28 17:45:00
USD,1.0,Real Personal Consumption (MoM) (Jan),-0.10%,,0.60%,2024-02-29 13:30:00
USD,2.0,Personal Spending (MoM) (Jan),0.20%,0.20%,0.70%,2024-02-29 13:30:00
USD,1.0,Personal Income (MoM) (Jan),1.00%,0.40%,0.30%,2024-02-29 13:30:00
USD,2.0,PCE Price index (YoY) (Jan),2.40%,2.40%,2.60%,2024-02-29 13:30:00
USD,2.0,PCE price index (MoM) (Jan),0.30%,0.30%,0.10%,2024-02-29 13:30:00
USD,1.0,Jobless Claims 4-Week Avg.,212.50K,,215.50K,2024-02-29 13:30:00
USD,3.0,Core PCE Price Index (YoY) (Jan),2.80%,2.80%,2.90%,2024-02-29 13:30:00
USD,3.0,Core PCE Price Index (MoM) (Jan),0.40%,0.40%,0.10%,2024-02-29 13:30:00
USD,2.0,Continuing Jobless Claims,"1,905K","1,874K","1,860K",2024-02-29 13:30:00
USD,3.0,Initial Jobless Claims,215K,209K,202K,2024-02-29 13:30:00
USD,1.0,Dallas Fed PCE (Jan),5.00%,,1.80%,2024-02-29 14:00:00
USD,3.0,Chicago PMI (Feb),44,48.1,46,2024-02-29 14:45:00
USD,2.0,Pending Home Sales (MoM) (Jan),-4.90%,1.40%,5.70%,2024-02-29 15:00:00
USD,1.0,Pending Home Sales Index (Jan),74.3,,78.1,2024-02-29 15:00:00
USD,1.0,Natural Gas Storage,-96B,-86B,-60B,2024-02-29 15:30:00
USD,1.0,OPEC Crude Oil Production Nigeria (Barrel),1.42M,,1.54M,2024-02-29 15:45:00
USD,1.0,OPEC Crude oil Production Saudi Arabia (Barrel),8.97M,,8.99M,2024-02-29 15:45:00
USD,1.0,OPEC Crude Oil Production Libya (Barrel),1.02M,,1.00M,2024-02-29 15:45:00
USD,1.0,OPEC Crude oil Production Venezuela (Barrel),0.80M,,0.79M,2024-02-29 15:45:00
USD,1.0,OPEC Crude oil Production UAE (Barrel),2.93M,,2.92M,2024-02-29 15:45:00
USD,1.0,OPEC Crude Oil Production Kuwait (Barrel),2.43M,,2.41M,2024-02-29 15:45:00
USD,1.0,OPEC Crude Oil Production Algeria (Barrel),0.91M,,0.96M,2024-02-29 15:45:00
USD,1.0,OPEC Crude oil Production Iran (Barrel),3.16M,,3.10M,2024-02-29 15:45:00
USD,1.0,OPEC Crude Oil Production Guinea (Barrel),0.06M,,0.05M,2024-02-29 15:45:00
USD,1.0,OPEC Crude Oil Production Gabon (Barrel),0.21M,,0.21M,2024-02-29 15:45:00
USD,1.0,OPEC Crude Oil Production Congo (Barrel),0.25M,,0.27M,2024-02-29 15:45:00
USD,1.0,OPEC Crude oil Production Iraq (Barrel),4.19M,,4.15M,2024-02-29 15:45:00
USD,2.0,FOMC Member Bostic Speaks,,,,2024-02-29 15:50:00
USD,1.0,Fed Goolsbee Speaks,,,,2024-02-29 16:00:00
USD,1.0,KC Fed Composite Index (Feb),-4,,-9,2024-02-29 16:00:00
USD,1.0,KC Fed Manufacturing Index (Feb),3,,-17,2024-02-29 16:00:00
USD,1.0,4-Week Bill Auction,5.29%,,5.29%,2024-02-29 16:30:00
USD,1.0,8-Week Bill Auction,5.29%,,5.28%,2024-02-29 16:30:00
USD,2.0,Atlanta Fed GDPNow (Q1),3.00%,3.20%,3.20%,2024-02-29 16:30:00
USD,2.0,FOMC Member Mester Speaks,,,,2024-02-29 18:15:00
USD,1.0,Reserve Balances with Federal Reserve Banks,3.541T,,3.523T,2024-02-29 21:30:00
USD,2.0,Fed's Balance Sheet,"7,568B",,"7,582B",2024-02-29 21:30:00
USD,1.0,Fed Goolsbee Speaks,,,,2024-02-29 22:00:00
USD,2.0,FOMC Member Williams Speaks,,,,2024-03-01 01:10:00
USD,3.0,S&P Global US Manufacturing PMI (Feb),52.2,51.5,50.7,2024-03-01 14:45:00
USD,2.0,Construction Spending (MoM) (Jan),-0.20%,0.20%,1.10%,2024-03-01 15:00:00
USD,2.0,ISM Manufacturing Employment (Feb),45.9,,47.1,2024-03-01 15:00:00
USD,1.0,ISM Manufacturing New Orders Index (Feb),49.2,,52.5,2024-03-01 15:00:00
USD,3.0,ISM Manufacturing PMI (Feb),47.8,49.5,49.1,2024-03-01 15:00:00
USD,3.0,ISM Manufacturing Prices (Feb),52.5,53.5,52.9,2024-03-01 15:00:00
USD,2.0,Michigan 1-Year Inflation Expectations (Feb),3.00%,3.00%,2.90%,2024-03-01 15:00:00
USD,2.0,Michigan 5-Year Inflation Expectations (Feb),2.90%,2.90%,2.90%,2024-03-01 15:00:00
USD,2.0,Michigan Consumer Expectations (Feb),75.2,78.4,77.1,2024-03-01 15:00:00
USD,2.0,Michigan Consumer Sentiment (Feb),76.9,79.6,79,2024-03-01 15:00:00
USD,1.0,Michigan Current Conditions (Feb),79.4,81.5,81.9,2024-03-01 15:00:00
USD,2.0,Fed Waller Speaks,,,,2024-03-01 15:15:00
USD,1.0,Fed Logan Speaks,,,,2024-03-01 15:15:00
USD,2.0,FOMC Member Bostic Speaks,,,,2024-03-01 17:15:00
USD,2.0,Atlanta Fed GDPNow (Q1),2.10%,3.00%,3.00%,2024-03-01 18:00:00
USD,2.0,U.S. Baker Hughes Oil Rig Count,506,,503,2024-03-01 18:00:00
USD,2.0,U.S. Baker Hughes Total Rig Count,629,,626,2024-03-01 18:00:00
USD,2.0,FOMC Member Daly Speaks,,,,2024-03-01 18:30:00
USD,1.0,CFTC Silver speculative net positions,14.5K,,22.4K,2024-03-01 20:30:00
USD,1.0,CFTC Wheat speculative net positions,-37.0K,,-44.6K,2024-03-01 20:30:00
USD,1.0,CFTC Soybeans speculative net positions,-191.2K,,-160.3K,2024-03-01 20:30:00
USD,1.0,CFTC Natural Gas speculative net positions,-141.6K,,-153.9K,2024-03-01 20:30:00
USD,2.0,CFTC Nasdaq 100 speculative net positions,10.2K,,25.6K,2024-03-01 20:30:00
USD,2.0,CFTC S&P 500 speculative net positions,-224.2K,,-218.5K,2024-03-01 20:30:00
USD,2.0,CFTC Crude Oil speculative net positions,224.8K,,191.9K,2024-03-01 20:30:00
USD,1.0,CFTC Corn speculative net positions,-232.6K,,-266.1K,2024-03-01 20:30:00
USD,1.0,CFTC Copper speculative net positions,-1.6K,,-15.9K,2024-03-01 20:30:00
USD,1.0,CFTC Aluminium speculative net positions,3.3K,,4.0K,2024-03-01 20:30:00
USD,2.0,CFTC Gold speculative net positions,141.6K,,140.3K,2024-03-01 20:30:00
USD,1.0,All Car Sales (Feb),3.13M,,2.99M,2024-03-04 13:00:00
USD,1.0,All Truck Sales (Feb),12.68M,,11.93M,2024-03-04 13:00:00
USD,2.0,FOMC Member Harker Speaks,,,,2024-03-04 16:00:00
USD,1.0,3-Month Bill Auction,5.24%,,5.26%,2024-03-04 16:30:00
USD,1.0,6-Month Bill Auction,5.11%,,5.13%,2024-03-04 16:30:00
USD,1.0,Total Vehicle Sales,15.81M,,14.92M,2024-03-05 11:15:00
USD,1.0,Redbook (YoY),3.10%,,2.70%,2024-03-05 13:55:00
USD,3.0,S&P Global Services PMI (Feb),52.3,51.3,52.5,2024-03-05 14:45:00
USD,2.0,S&P Global Composite PMI (Feb),52.5,51.4,52,2024-03-05 14:45:00
USD,3.0,ISM Non-Manufacturing PMI (Feb),52.6,53,53.4,2024-03-05 15:00:00
USD,1.0,ISM Non-Manufacturing New Orders (Feb),56.1,54.4,55,2024-03-05 15:00:00
USD,3.0,ISM Non-Manufacturing Prices (Feb),58.6,62,64,2024-03-05 15:00:00
USD,2.0,ISM Non-Manufacturing Employment (Feb),48,51.4,50.5,2024-03-05 15:00:00
USD,1.0,Factory orders ex transportation (MoM) (Jan),-0.80%,,-0.30%,2024-03-05 15:00:00
USD,2.0,Factory Orders (MoM) (Jan),-3.60%,-3.10%,-0.30%,2024-03-05 15:00:00
USD,1.0,Durables Excluding Transport (MoM) (Jan),-0.40%,,0.50%,2024-03-05 15:00:00
USD,1.0,Durables Excluding Defense (MoM) (Jan),-7.40%,,-7.30%,2024-03-05 15:00:00
USD,1.0,ISM Non-Manufacturing Business Activity (Feb),57.2,,55.8,2024-03-05 15:00:00
USD,2.0,Fed Vice Chair for Supervision Barr Speaks,,,,2024-03-05 17:00:00
USD,2.0,Fed Vice Chair for Supervision Barr Speaks,,,,2024-03-05 20:30:00
USD,2.0,API Weekly Crude Oil Stock,0.423M,2.600M,8.428M,2024-03-05 21:30:00
USD,1.0,Mortgage Market Index,188.2,,171.5,2024-03-06 12:00:00
USD,1.0,MBA 30-Year Mortgage Rate,7.02%,,7.04%,2024-03-06 12:00:00
USD,1.0,MBA Mortgage Applications (WoW),9.70%,,-5.60%,2024-03-06 12:00:00
USD,1.0,MBA Purchase Index,141.1,,127.6,2024-03-06 12:00:00
USD,1.0,Mortgage Refinance Index,428.1,,395.9,2024-03-06 12:00:00
USD,3.0,ADP Nonfarm Employment Change (Feb),140K,149K,111K,2024-03-06 13:15:00
USD,1.0,Wholesale Trade Sales (MoM) (Jan),-1.70%,0.30%,0.30%,2024-03-06 15:00:00
USD,1.0,Wholesale Inventories (MoM) (Jan),-0.30%,-0.10%,0.40%,2024-03-06 15:00:00
USD,3.0,Fed Chair Powell Testifies,,,,2024-03-06 15:00:00
USD,3.0,JOLTs Job Openings (Jan),8.863M,8.800M,8.889M,2024-03-06 15:00:00
USD,1.0,Gasoline Production,0.207M,,0.390M,2024-03-06 15:30:00
USD,1.0,EIA Weekly Refinery Utilization Rates (WoW),3.40%,,0.90%,2024-03-06 15:30:00
USD,1.0,Heating Oil Stockpiles,-0.812M,,-0.137M,2024-03-06 15:30:00
USD,1.0,EIA Weekly Distillates Stocks,-4.131M,-1.000M,-0.510M,2024-03-06 15:30:00
USD,1.0,Gasoline Inventories,-4.460M,-1.640M,-2.832M,2024-03-06 15:30:00
USD,2.0,Cushing Crude Oil Inventories,0.701M,,1.458M,2024-03-06 15:30:00
USD,1.0,Crude Oil Imports,0.928M,,-0.032M,2024-03-06 15:30:00
USD,1.0,EIA Refinery Crude Runs (WoW),0.594M,,0.100M,2024-03-06 15:30:00
USD,3.0,Crude Oil Inventories,1.367M,2.400M,4.199M,2024-03-06 15:30:00
USD,1.0,Distillate Fuel Production,0.056M,,0.118M,2024-03-06 15:30:00
USD,1.0,IBD/TIPP Economic Optimism,43.5,45.2,44,2024-03-06 15:30:00
USD,2.0,FOMC Member Daly Speaks,,,,2024-03-06 17:00:00
USD,2.0,Atlanta Fed GDPNow (Q1),2.50%,2.10%,2.10%,2024-03-06 18:00:00
USD,2.0,Beige Book,,,,2024-03-06 19:00:00
USD,2.0,FOMC Member Kashkari Speaks,,,,2024-03-06 20:15:00
USD,1.0,Challenger Job Cuts (Feb),84.638K,,82.307K,2024-03-07 12:30:00
USD,1.0,Challenger Job Cuts (YoY),8.80%,,-20.00%,2024-03-07 12:30:00
USD,2.0,Trade Balance (Jan),-67.40B,-63.40B,-64.20B,2024-03-07 13:30:00
USD,2.0,Nonfarm Productivity (QoQ) (Q4),3.20%,3.10%,4.70%,2024-03-07 13:30:00
USD,1.0,Jobless Claims 4-Week Avg.,212.25K,,213.00K,2024-03-07 13:30:00
USD,2.0,Unit Labor Costs (QoQ) (Q4),0.40%,0.70%,0.10%,2024-03-07 13:30:00
USD,2.0,Imports,324.60B,,321.00B,2024-03-07 13:30:00
USD,2.0,Exports,257.20B,,256.90B,2024-03-07 13:30:00
USD,2.0,Continuing Jobless Claims,"1,906K","1,889K","1,898K",2024-03-07 13:30:00
USD,3.0,Initial Jobless Claims,217K,217K,217K,2024-03-07 13:30:00
USD,3.0,Fed Chair Powell Testifies,,,,2024-03-07 15:00:00
USD,1.0,Natural Gas Storage,-40B,-42B,-96B,2024-03-07 15:30:00
USD,1.0,4-Week Bill Auction,5.28%,,5.29%,2024-03-07 16:30:00
USD,1.0,8-Week Bill Auction,5.28%,,5.29%,2024-03-07 16:30:00
USD,2.0,Atlanta Fed GDPNow (Q1),2.50%,2.50%,2.50%,2024-03-07 16:30:00
USD,2.0,FOMC Member Mester Speaks,,,,2024-03-07 16:30:00
USD,2.0,Consumer Credit (Jan),19.49B,10.10B,0.92B,2024-03-07 20:00:00
USD,2.0,Fed's Balance Sheet,"7,539B",,"7,568B",2024-03-07 21:30:00
USD,1.0,Reserve Balances with Federal Reserve Banks,3.621T,,3.541T,2024-03-07 21:30:00
USD,3.0,U.S. President Biden Speaks,,,,2024-03-08 02:00:00
USD,2.0,FOMC Member Williams Speaks,,,,2024-03-08 12:00:00
USD,3.0,Unemployment Rate (Feb),3.90%,3.70%,3.70%,2024-03-08 13:30:00
USD,2.0,Participation Rate (Feb),62.50%,,62.50%,2024-03-08 13:30:00
USD,2.0,U6 Unemployment Rate (Feb),7.30%,,7.20%,2024-03-08 13:30:00
USD,3.0,Nonfarm Payrolls (Feb),275K,198K,229K,2024-03-08 13:30:00
USD,2.0,Private Nonfarm Payrolls (Feb),223K,160K,177K,2024-03-08 13:30:00
USD,1.0,Government Payrolls (Feb),52.0K,,52.0K,2024-03-08 13:30:00
USD,1.0,Average Weekly Hours (Feb),34.3,34.3,34.2,2024-03-08 13:30:00
USD,3.0,Average Hourly Earnings (MoM) (Feb),0.10%,0.20%,0.50%,2024-03-08 13:30:00
USD,2.0,Average Hourly Earnings (YoY) (YoY) (Feb),4.30%,4.40%,4.40%,2024-03-08 13:30:00
USD,1.0,Manufacturing Payrolls (Feb),-4K,10K,8K,2024-03-08 13:30:00
USD,2.0,WASDE Report,,,,2024-03-08 17:00:00
USD,2.0,U.S. Baker Hughes Oil Rig Count,504,,506,2024-03-08 18:00:00
USD,2.0,U.S. Baker Hughes Total Rig Count,622,,629,2024-03-08 18:00:00
USD,1.0,CFTC Wheat speculative net positions,-44.8K,,-37.0K,2024-03-08 20:30:00
USD,1.0,CFTC Soybeans speculative net positions,-197.2K,,-191.2K,2024-03-08 20:30:00
USD,1.0,CFTC Silver speculative net positions,28.3K,,14.5K,2024-03-08 20:30:00
USD,2.0,CFTC S&P 500 speculative net positions,-204.4K,,-224.2K,2024-03-08 20:30:00
USD,2.0,CFTC Nasdaq 100 speculative net positions,0.6K,,10.2K,2024-03-08 20:30:00
USD,1.0,CFTC Natural Gas speculative net positions,-128.7K,,-141.6K,2024-03-08 20:30:00
USD,2.0,CFTC Crude Oil speculative net positions,238.5K,,224.8K,2024-03-08 20:30:00
USD,1.0,CFTC Corn speculative net positions,-230.9K,,-232.6K,2024-03-08 20:30:00
USD,1.0,CFTC Copper speculative net positions,-5.3K,,-1.6K,2024-03-08 20:30:00
USD,1.0,CFTC Aluminium speculative net positions,2.6K,,3.3K,2024-03-08 20:30:00
USD,2.0,CFTC Gold speculative net positions,191.3K,,141.6K,2024-03-08 20:30:00
USD,1.0,CB Employment Trends Index (Feb),112.29,,113.18,2024-03-11 14:00:00
USD,2.0,NY Fed 1-Year Consumer Inflation Expectations,3.00%,,3.00%,2024-03-11 15:00:00
USD,1.0,3-Month Bill Auction,5.25%,,5.24%,2024-03-11 15:30:00
USD,1.0,6-Month Bill Auction,5.10%,,5.11%,2024-03-11 15:30:00
USD,2.0,3-Year Note Auction,4.26%,,4.17%,2024-03-11 17:00:00
USD,1.0,NFIB Small Business Optimism (Feb),89.4,90.5,89.9,2024-03-12 10:00:00
USD,2.0,OPEC Monthly Report,,,,2024-03-12 12:00:00
USD,1.0,"CPI Index, n.s.a. (Feb)",310.33,310.3,308.42,2024-03-12 12:30:00
USD,1.0,Real Earnings (MoM) (Feb),0.00%,,-0.40%,2024-03-12 12:30:00
USD,1.0,"CPI, n.s.a (MoM) (Feb)",0.62%,,0.54%,2024-03-12 12:30:00
USD,3.0,CPI (MoM) (Feb),0.40%,0.40%,0.30%,2024-03-12 12:30:00
USD,1.0,"CPI Index, s.a (Feb)",311.05,,309.68,2024-03-12 12:30:00
USD,1.0,Core CPI Index (Feb),315.57,,314.44,2024-03-12 12:30:00
USD,3.0,CPI (YoY) (Feb),3.20%,3.10%,3.10%,2024-03-12 12:30:00
USD,2.0,Core CPI (YoY) (Feb),3.80%,3.70%,3.90%,2024-03-12 12:30:00
USD,3.0,Core CPI (MoM) (Feb),0.40%,0.30%,0.40%,2024-03-12 12:30:00
USD,1.0,Redbook (YoY),3.00%,,3.10%,2024-03-12 12:55:00
USD,1.0,Cleveland CPI (MoM) (Feb),0.40%,,0.50%,2024-03-12 15:00:00
USD,2.0,EIA Short-Term Energy Outlook,,,,2024-03-12 16:00:00
USD,3.0,10-Year Note Auction,4.17%,,4.09%,2024-03-12 17:00:00
USD,2.0,Federal Budget Balance (Feb),-296.0B,-298.5B,-22.0B,2024-03-12 18:00:00
USD,2.0,API Weekly Crude Oil Stock,-5.521M,0.400M,0.423M,2024-03-12 20:30:00
USD,1.0,MBA 30-Year Mortgage Rate,6.84%,,7.02%,2024-03-13 11:00:00
USD,1.0,MBA Mortgage Applications (WoW),7.10%,,9.70%,2024-03-13 11:00:00
USD,1.0,MBA Purchase Index,147.7,,141.1,2024-03-13 11:00:00
USD,1.0,Mortgage Market Index,201.5,,188.2,2024-03-13 11:00:00
USD,1.0,Mortgage Refinance Index,480.3,,428.1,2024-03-13 11:00:00
USD,1.0,EIA Weekly Refinery Utilization Rates (WoW),1.90%,,3.40%,2024-03-13 14:30:00
USD,1.0,Heating Oil Stockpiles,0.867M,,-0.812M,2024-03-13 14:30:00
USD,1.0,Gasoline Inventories,-5.662M,-1.900M,-4.460M,2024-03-13 14:30:00
USD,1.0,Gasoline Production,0.285M,,0.207M,2024-03-13 14:30:00
USD,1.0,EIA Weekly Distillates Stocks,0.888M,-0.150M,-4.131M,2024-03-13 14:30:00
USD,1.0,Crude Oil Imports,-0.241M,,0.928M,2024-03-13 14:30:00
USD,2.0,Cushing Crude Oil Inventories,-0.220M,,0.701M,2024-03-13 14:30:00
USD,1.0,EIA Refinery Crude Runs (WoW),0.390M,,0.594M,2024-03-13 14:30:00
USD,3.0,Crude Oil Inventories,-1.536M,0.900M,1.367M,2024-03-13 14:30:00
USD,1.0,Distillate Fuel Production,0.217M,,0.056M,2024-03-13 14:30:00
USD,1.0,Thomson Reuters IPSOS PCSI (Mar),53.15,,52.03,2024-03-13 15:00:00
USD,3.0,30-Year Bond Auction,4.33%,,4.36%,2024-03-13 17:00:00
USD,2.0,IEA Monthly Report,,,,2024-03-14 09:00:00
USD,3.0,PPI (MoM) (Feb),0.60%,0.30%,0.30%,2024-03-14 12:30:00
USD,1.0,Retail Sales (YoY) (Feb),1.50%,,0.04%,2024-03-14 12:30:00
USD,3.0,Retail Sales (MoM) (Feb),0.60%,0.80%,-1.10%,2024-03-14 12:30:00
USD,1.0,Retail Sales Ex Gas/Autos (MoM) (Feb),0.30%,,-0.80%,2024-03-14 12:30:00
USD,2.0,Retail Control (MoM) (Feb),0.00%,,-0.30%,2024-03-14 12:30:00
USD,1.0,PPI (YoY) (Feb),1.60%,1.10%,1.00%,2024-03-14 12:30:00
USD,1.0,Jobless Claims 4-Week Avg.,208.00K,,208.50K,2024-03-14 12:30:00
USD,2.0,Continuing Jobless Claims,"1,811K","1,900K","1,794K",2024-03-14 12:30:00
USD,3.0,Core Retail Sales (MoM) (Feb),0.30%,0.50%,-0.80%,2024-03-14 12:30:00
USD,1.0,Core PPI (YoY) (Feb),2.00%,1.90%,2.00%,2024-03-14 12:30:00
USD,2.0,Core PPI (MoM) (Feb),0.30%,0.20%,0.50%,2024-03-14 12:30:00
USD,1.0,PPI ex. Food/Energy/Transport (YoY) (Feb),2.80%,,2.70%,2024-03-14 12:30:00
USD,1.0,PPI ex. Food/Energy/Transport (MoM) (Feb),0.40%,,0.60%,2024-03-14 12:30:00
USD,3.0,Initial Jobless Claims,209K,218K,210K,2024-03-14 12:30:00
USD,2.0,Business Inventories (MoM) (Jan),0.00%,0.20%,0.30%,2024-03-14 14:00:00
USD,2.0,Retail Inventories Ex Auto (Jan),0.30%,0.30%,0.40%,2024-03-14 14:00:00
USD,1.0,Natural Gas Storage,-9B,-3B,-40B,2024-03-14 14:30:00
USD,1.0,4-Week Bill Auction,5.28%,,5.28%,2024-03-14 15:30:00
USD,1.0,8-Week Bill Auction,5.28%,,5.28%,2024-03-14 15:30:00
USD,2.0,Atlanta Fed GDPNow (Q1),2.30%,2.50%,2.50%,2024-03-14 18:00:00
USD,1.0,Reserve Balances with Federal Reserve Banks,3.573T,,3.621T,2024-03-14 20:30:00
USD,2.0,Fed's Balance Sheet,"7,542B",,"7,539B",2024-03-14 20:30:00
USD,2.0,Export Price Index (MoM) (Feb),0.80%,0.20%,0.90%,2024-03-15 12:30:00
USD,1.0,Export Price Index (YoY),-1.80%,,-2.20%,2024-03-15 12:30:00
USD,1.0,Import Price Index (YoY),-0.80%,,-1.30%,2024-03-15 12:30:00
USD,2.0,Import Price Index (MoM) (Feb),0.30%,0.30%,0.80%,2024-03-15 12:30:00
USD,2.0,NY Empire State Manufacturing Index (Mar),-20.9,-7,-2.4,2024-03-15 12:30:00
USD,1.0,Capacity Utilization Rate (Feb),78.30%,78.50%,78.30%,2024-03-15 13:15:00
USD,2.0,Industrial Production (YoY) (Feb),-0.23%,,-0.31%,2024-03-15 13:15:00
USD,2.0,Industrial Production (MoM) (Feb),0.10%,0.00%,-0.50%,2024-03-15 13:15:00
USD,1.0,Manufacturing Production (MoM) (Feb),0.80%,0.30%,-1.10%,2024-03-15 13:15:00
USD,2.0,Michigan Consumer Sentiment (Mar),76.5,77.1,76.9,2024-03-15 14:00:00
USD,2.0,Michigan Consumer Expectations (Mar),74.6,75.1,75.2,2024-03-15 14:00:00
USD,1.0,Michigan Current Conditions (Mar),79.4,79.2,79.4,2024-03-15 14:00:00
USD,2.0,Michigan 1-Year Inflation Expectations (Mar),3.00%,3.10%,3.00%,2024-03-15 14:00:00
USD,2.0,Michigan 5-Year Inflation Expectations (Mar),2.90%,2.90%,2.90%,2024-03-15 14:00:00
USD,2.0,U.S. Baker Hughes Oil Rig Count,510,,504,2024-03-15 17:00:00
USD,2.0,U.S. Baker Hughes Total Rig Count,629,,622,2024-03-15 17:00:00
USD,1.0,CFTC Soybeans speculative net positions,-180.4K,,-191.2K,2024-03-15 20:30:00
USD,1.0,CFTC Silver speculative net positions,41.0K,,14.5K,2024-03-15 20:30:00
USD,2.0,CFTC S&P 500 speculative net positions,-239.8K,,-204.4K,2024-03-15 20:30:00
USD,1.0,CFTC Natural Gas speculative net positions,-101.5K,,-128.7K,2024-03-15 20:30:00
USD,2.0,CFTC Nasdaq 100 speculative net positions,1.4K,,0.6K,2024-03-15 20:30:00
USD,1.0,CFTC Wheat speculative net positions,-53.8K,,-37.0K,2024-03-15 20:30:00
USD,2.0,CFTC Crude Oil speculative net positions,233.8K,,238.5K,2024-03-15 20:30:00
USD,1.0,CFTC Corn speculative net positions,-189.0K,,-232.6K,2024-03-15 20:30:00
USD,1.0,CFTC Copper speculative net positions,5.4K,,-1.6K,2024-03-15 20:30:00
USD,1.0,CFTC Aluminium speculative net positions,2.4K,,3.3K,2024-03-15 20:30:00
USD,2.0,CFTC Gold speculative net positions,201.6K,,141.6K,2024-03-15 20:30:00
USD,1.0,NAHB Housing Market Index (Mar),51,48,48,2024-03-18 14:00:00
USD,1.0,3-Month Bill Auction,5.25%,,5.25%,2024-03-18 15:30:00
USD,1.0,6-Month Bill Auction,5.13%,,5.10%,2024-03-18 15:30:00
USD,2.0,Housing Starts (Feb),1.521M,1.430M,1.374M,2024-03-19 12:30:00
USD,2.0,Housing Starts (MoM) (Feb),10.70%,,-12.30%,2024-03-19 12:30:00
USD,2.0,Building Permits (Feb),1.518M,1.500M,1.489M,2024-03-19 12:30:00
USD,1.0,Building Permits (MoM) (Feb),1.90%,,-0.30%,2024-03-19 12:30:00
USD,1.0,Redbook (YoY),3.40%,,3.00%,2024-03-19 12:55:00
USD,1.0,52-Week Bill Auction,4.81%,,4.70%,2024-03-19 15:30:00
USD,2.0,Atlanta Fed GDPNow (Q1),2.10%,2.30%,2.30%,2024-03-19 16:30:00
USD,2.0,20-Year Bond Auction,4.54%,,4.60%,2024-03-19 17:00:00
USD,2.0,TIC Net Long-Term Transactions (Jan),36.1B,95.5B,158.6B,2024-03-19 20:00:00
USD,1.0,"US Foreign Buying, T-bonds (Jan)",67.80B,,33.80B,2024-03-19 20:00:00
USD,1.0,Overall Net Capital Flow (Jan),-8.80B,,137.40B,2024-03-19 20:00:00
USD,1.0,TIC Net Long-Term Transactions including Swaps (Jan),36.10B,,158.60B,2024-03-19 20:00:00
USD,2.0,API Weekly Crude Oil Stock,-1.519M,0.077M,-5.521M,2024-03-19 20:30:00
USD,1.0,MBA 30-Year Mortgage Rate,6.97%,,6.84%,2024-03-20 11:00:00
USD,1.0,MBA Mortgage Applications (WoW),-1.60%,,7.10%,2024-03-20 11:00:00
USD,1.0,MBA Purchase Index,146,,147.7,2024-03-20 11:00:00
USD,1.0,Mortgage Market Index,198.2,,201.5,2024-03-20 11:00:00
USD,1.0,Mortgage Refinance Index,468.4,,480.3,2024-03-20 11:00:00
USD,1.0,Gasoline Inventories,-3.310M,-1.350M,-5.662M,2024-03-20 14:30:00
USD,1.0,Heating Oil Stockpiles,0.486M,,0.867M,2024-03-20 14:30:00
USD,1.0,Gasoline Production,-0.263M,,0.285M,2024-03-20 14:30:00
USD,1.0,EIA Weekly Distillates Stocks,0.624M,-0.087M,0.888M,2024-03-20 14:30:00
USD,1.0,EIA Weekly Refinery Utilization Rates (WoW),1.00%,,1.90%,2024-03-20 14:30:00
USD,2.0,Cushing Crude Oil Inventories,-0.018M,,-0.220M,2024-03-20 14:30:00
USD,1.0,Crude Oil Imports,-0.947M,,-0.241M,2024-03-20 14:30:00
USD,1.0,EIA Refinery Crude Runs (WoW),0.127M,,0.390M,2024-03-20 14:30:00
USD,3.0,Crude Oil Inventories,-1.952M,-0.900M,-1.536M,2024-03-20 14:30:00
USD,1.0,Distillate Fuel Production,0.128M,,0.217M,2024-03-20 14:30:00
USD,3.0,Fed Interest Rate Decision,5.50%,5.50%,5.50%,2024-03-20 18:00:00
USD,3.0,FOMC Statement,,,,2024-03-20 18:00:00
USD,3.0,FOMC Economic Projections,,,,2024-03-20 18:00:00
USD,2.0,Interest Rate Projection - Longer (Q1),2.60%,,2.50%,2024-03-20 18:00:00
USD,2.0,Interest Rate Projection - 2nd Yr (Q1),3.10%,,3.60%,2024-03-20 18:00:00
USD,2.0,Interest Rate Projection - 1st Yr (Q1),3.90%,,4.60%,2024-03-20 18:00:00
USD,2.0,Interest Rate Projection - Current (Q1),4.60%,,5.40%,2024-03-20 18:00:00
USD,3.0,FOMC Press Conference,,,,2024-03-20 18:30:00
USD,1.0,Philly Fed CAPEX Index (Mar),23.6,,12.7,2024-03-21 12:30:00
USD,1.0,Philly Fed Prices Paid (Mar),3.7,,16.6,2024-03-21 12:30:00
USD,2.0,Philly Fed Employment (Mar),-9.6,,-10.3,2024-03-21 12:30:00
USD,1.0,Philly Fed Business Conditions (Mar),38.6,,7.2,2024-03-21 12:30:00
USD,1.0,Philly Fed New Orders (Mar),5.4,,-5.2,2024-03-21 12:30:00
USD,1.0,Jobless Claims 4-Week Avg.,211.25K,,208.75K,2024-03-21 12:30:00
USD,3.0,Initial Jobless Claims,210K,212K,212K,2024-03-21 12:30:00
USD,2.0,Current Account (Q4),-194.8B,-209.0B,-196.4B,2024-03-21 12:30:00
USD,3.0,Philadelphia Fed Manufacturing Index (Mar),3.2,-2.6,5.2,2024-03-21 12:30:00
USD,2.0,Continuing Jobless Claims,"1,807K","1,820K","1,803K",2024-03-21 12:30:00
USD,3.0,S&P Global US Manufacturing PMI (Mar),52.5,51.8,52.2,2024-03-21 13:45:00
USD,2.0,S&P Global Composite PMI (Mar),52.2,52.2,52.5,2024-03-21 13:45:00
USD,3.0,S&P Global Services PMI (Mar),51.7,52,52.3,2024-03-21 13:45:00
USD,2.0,Existing Home Sales (MoM) (Feb),9.50%,-1.30%,3.10%,2024-03-21 14:00:00
USD,3.0,Existing Home Sales (Feb),4.38M,3.95M,4.00M,2024-03-21 14:00:00
USD,2.0,US Leading Index (MoM) (Feb),0.10%,-0.10%,-0.40%,2024-03-21 14:00:00
USD,1.0,Natural Gas Storage,7B,5B,-9B,2024-03-21 14:30:00
USD,1.0,4-Week Bill Auction,5.27%,,5.28%,2024-03-21 15:30:00
USD,1.0,8-Week Bill Auction,5.27%,,5.28%,2024-03-21 15:30:00
USD,2.0,Fed Vice Chair for Supervision Barr Speaks,,,,2024-03-21 16:00:00
USD,2.0,10-Year TIPS Auction,1.93%,,1.81%,2024-03-21 17:00:00
USD,1.0,Reserve Balances with Federal Reserve Banks,3.490T,,3.573T,2024-03-21 20:30:00
USD,2.0,Fed's Balance Sheet,"7,514B",,"7,542B",2024-03-21 20:30:00
USD,3.0,Fed Chair Powell Speaks,,,,2024-03-22 13:00:00
USD,2.0,Fed Vice Chair for Supervision Barr Speaks,,,,2024-03-22 16:00:00
USD,2.0,U.S. Baker Hughes Oil Rig Count,509,,510,2024-03-22 17:00:00
USD,2.0,U.S. Baker Hughes Total Rig Count,624,,629,2024-03-22 17:00:00
USD,2.0,CFTC Crude Oil speculative net positions,277.8K,,233.8K,2024-03-22 19:30:00
USD,1.0,CFTC Aluminium speculative net positions,2.5K,,2.4K,2024-03-22 19:30:00
USD,1.0,CFTC Copper speculative net positions,31.9K,,5.4K,2024-03-22 19:30:00
USD,1.0,CFTC Corn speculative net positions,-175.5K,,-189.0K,2024-03-22 19:30:00
USD,2.0,CFTC Gold speculative net positions,201.6K,,201.6K,2024-03-22 19:30:00
USD,2.0,CFTC Nasdaq 100 speculative net positions,11.2K,,1.4K,2024-03-22 19:30:00
USD,1.0,CFTC Natural Gas speculative net positions,-103.6K,,-101.5K,2024-03-22 19:30:00
USD,2.0,CFTC S&P 500 speculative net positions,-194.2K,,-239.8K,2024-03-22 19:30:00
USD,1.0,CFTC Silver speculative net positions,52.4K,,41.0K,2024-03-22 19:30:00
USD,1.0,CFTC Soybeans speculative net positions,-167.7K,,-180.4K,2024-03-22 19:30:00
USD,1.0,CFTC Wheat speculative net positions,-56.1K,,-53.8K,2024-03-22 19:30:00
USD,2.0,FOMC Member Bostic Speaks,,,,2024-03-22 20:00:00
USD,2.0,Building Permits,1.524M,1.518M,1.489M,2024-03-25 11:20:00
USD,1.0,Building Permits (MoM),2.40%,1.90%,-0.30%,2024-03-25 11:20:00
USD,2.0,FOMC Member Bostic Speaks,,,,2024-03-25 12:25:00
USD,1.0,Chicago Fed National Activity (Feb),0.05,,-0.54,2024-03-25 12:30:00
USD,3.0,New Home Sales (Feb),662K,675K,664K,2024-03-25 14:00:00
USD,2.0,New Home Sales (MoM) (Feb),-0.30%,,1.70%,2024-03-25 14:00:00
USD,1.0,Dallas Fed Mfg Business Index (Mar),-14.4,,-11.3,2024-03-25 14:30:00
USD,1.0,Fed Governor Cook Speaks,,,,2024-03-25 14:30:00
USD,1.0,3-Month Bill Auction,5.23%,,5.25%,2024-03-25 15:30:00
USD,1.0,6-Month Bill Auction,5.11%,,5.13%,2024-03-25 15:30:00
USD,2.0,2-Year Note Auction,4.60%,,4.69%,2024-03-25 17:00:00
USD,2.0,Core Durable Goods Orders (MoM) (Feb),0.50%,0.40%,-0.30%,2024-03-26 12:30:00
USD,3.0,Durable Goods Orders (MoM) (Feb),1.40%,1.20%,-6.90%,2024-03-26 12:30:00
USD,1.0,Durables Excluding Defense (MoM) (Feb),2.20%,,-7.90%,2024-03-26 12:30:00
USD,1.0,Goods Orders Non Defense Ex Air (MoM) (Feb),0.70%,0.10%,-0.40%,2024-03-26 12:30:00
USD,1.0,Redbook (YoY),3.90%,,3.40%,2024-03-26 12:55:00
USD,2.0,S&P/CS HPI Composite - 20 n.s.a. (YoY) (Jan),6.60%,6.60%,6.20%,2024-03-26 13:00:00
USD,2.0,S&P/CS HPI Composite - 20 n.s.a. (MoM) (Jan),-0.10%,,-0.30%,2024-03-26 13:00:00
USD,1.0,S&P/CS HPI Composite - 20 s.a. (MoM) (Jan),0.10%,,0.30%,2024-03-26 13:00:00
USD,1.0,House Price Index (YoY) (Jan),6.30%,,6.70%,2024-03-26 13:00:00
USD,1.0,House Price Index (MoM) (Jan),-0.10%,0.20%,0.10%,2024-03-26 13:00:00
USD,1.0,House Price Index (Jan),417.5,,417.8,2024-03-26 13:00:00
USD,3.0,CB Consumer Confidence (Mar),104.7,106.9,104.8,2024-03-26 14:00:00
USD,1.0,Richmond Manufacturing Index (Mar),-11,-5,-5,2024-03-26 14:00:00
USD,1.0,Richmond Manufacturing Shipments (Mar),-14,,-15,2024-03-26 14:00:00
USD,1.0,Richmond Services Index (Mar),-7,,-16,2024-03-26 14:00:00
USD,1.0,Dallas Fed Services Revenues (Mar),4,,5.2,2024-03-26 14:30:00
USD,1.0,Texas Services Sector Outlook (Mar),-5.5,,-3.9,2024-03-26 14:30:00
USD,2.0,Atlanta Fed GDPNow (Q1),2.10%,2.10%,2.10%,2024-03-26 16:30:00
USD,2.0,5-Year Note Auction,4.24%,,4.32%,2024-03-26 17:00:00
USD,1.0,M2 Money Supply (MoM) (Feb),20.78T,,20.78T,2024-03-26 17:00:00
USD,2.0,API Weekly Crude Oil Stock,9.337M,,-1.519M,2024-03-26 20:30:00
USD,1.0,Mortgage Refinance Index,460.9,,468.4,2024-03-27 11:00:00
USD,1.0,Mortgage Market Index,196.8,,198.2,2024-03-27 11:00:00
USD,1.0,MBA 30-Year Mortgage Rate,6.93%,,6.97%,2024-03-27 11:00:00
USD,1.0,MBA Mortgage Applications (WoW),-0.70%,,-1.60%,2024-03-27 11:00:00
USD,1.0,MBA Purchase Index,145.7,,146,2024-03-27 11:00:00
USD,3.0,Crude Oil Inventories,3.165M,-0.700M,-1.952M,2024-03-27 14:30:00
USD,1.0,EIA Refinery Crude Runs (WoW),0.147M,,0.127M,2024-03-27 14:30:00
USD,1.0,Crude Oil Imports,1.124M,,-0.947M,2024-03-27 14:30:00
USD,2.0,Cushing Crude Oil Inventories,2.107M,,-0.018M,2024-03-27 14:30:00
USD,1.0,Distillate Fuel Production,0.124M,,0.128M,2024-03-27 14:30:00
USD,1.0,EIA Weekly Distillates Stocks,-1.185M,0.518M,0.624M,2024-03-27 14:30:00
USD,1.0,Gasoline Production,-0.435M,,-0.263M,2024-03-27 14:30:00
USD,1.0,Heating Oil Stockpiles,-0.609M,,0.486M,2024-03-27 14:30:00
USD,1.0,EIA Weekly Refinery Utilization Rates (WoW),0.90%,,1.00%,2024-03-27 14:30:00
USD,1.0,Gasoline Inventories,1.299M,-1.650M,-3.310M,2024-03-27 14:30:00
USD,2.0,7-Year Note Auction,4.19%,,4.33%,2024-03-27 17:00:00
USD,2.0,Fed Waller Speaks,,,,2024-03-27 22:00:00
USD,2.0,Continuing Jobless Claims,"1,819K","1,815K","1,795K",2024-03-28 12:30:00
USD,2.0,Core PCE Prices (Q4),2.00%,2.10%,2.00%,2024-03-28 12:30:00
USD,1.0,Corporate Profits (QoQ) (Q3),3.90%,,0.50%,2024-03-28 12:30:00
USD,3.0,GDP (QoQ) (Q4),3.40%,3.20%,4.90%,2024-03-28 12:30:00
USD,2.0,GDP Price Index (QoQ) (Q4),1.70%,1.60%,3.30%,2024-03-28 12:30:00
USD,1.0,GDP Sales (Q4),3.90%,3.50%,3.60%,2024-03-28 12:30:00
USD,3.0,Initial Jobless Claims,210K,212K,212K,2024-03-28 12:30:00
USD,1.0,Jobless Claims 4-Week Avg.,211.00K,,211.75K,2024-03-28 12:30:00
USD,1.0,PCE Prices (Q4),1.80%,1.80%,2.60%,2024-03-28 12:30:00
USD,1.0,Real Consumer Spending (Q4),3.30%,3.00%,3.10%,2024-03-28 12:30:00
USD,3.0,Chicago PMI (Mar),41.4,45.9,44,2024-03-28 13:45:00
USD,1.0,Pending Home Sales Index (Feb),75.6,,74.4,2024-03-28 14:00:00
USD,2.0,Pending Home Sales (MoM) (Feb),1.60%,1.40%,-4.70%,2024-03-28 14:00:00
USD,1.0,Michigan Current Conditions (Mar),82.5,79.4,79.4,2024-03-28 14:00:00
USD,2.0,Michigan Consumer Expectations (Mar),77.4,74.6,75.2,2024-03-28 14:00:00
USD,2.0,Michigan Consumer Sentiment (Mar),79.4,76.5,76.9,2024-03-28 14:00:00
USD,2.0,Michigan 5-Year Inflation Expectations (Mar),2.80%,2.90%,2.90%,2024-03-28 14:00:00
USD,2.0,Michigan 1-Year Inflation Expectations (Mar),2.90%,3.00%,3.00%,2024-03-28 14:00:00
USD,1.0,Natural Gas Storage,-36B,-26B,7B,2024-03-28 14:30:00
USD,1.0,KC Fed Composite Index (Mar),-7,,-4,2024-03-28 15:00:00
USD,1.0,KC Fed Manufacturing Index (Mar),-9,,3,2024-03-28 15:00:00
USD,1.0,4-Week Bill Auction,5.29%,,5.27%,2024-03-28 15:30:00
USD,1.0,8-Week Bill Auction,5.28%,,5.27%,2024-03-28 15:30:00
USD,2.0,U.S. Baker Hughes Total Rig Count,621,,624,2024-03-28 17:00:00
USD,2.0,U.S. Baker Hughes Oil Rig Count,506,,509,2024-03-28 17:00:00
USD,2.0,Fed's Balance Sheet,"7,485B",,"7,514B",2024-03-28 20:30:00
USD,1.0,Reserve Balances with Federal Reserve Banks,3.472T,,3.490T,2024-03-28 20:30:00
USD,1.0,Wholesale Inventories (MoM) (Feb),0.50%,0.20%,-0.30%,2024-03-29 12:30:00
USD,2.0,Retail Inventories Ex Auto (Feb),0.40%,,0.30%,2024-03-29 12:30:00
USD,1.0,Real Personal Consumption (MoM) (Feb),0.40%,,-0.20%,2024-03-29 12:30:00
USD,2.0,Personal Spending (MoM) (Feb),0.80%,0.50%,0.20%,2024-03-29 12:30:00
USD,1.0,Personal Income (MoM) (Feb),0.30%,0.40%,1.00%,2024-03-29 12:30:00
USD,3.0,Core PCE Price Index (MoM) (Feb),0.30%,0.30%,0.50%,2024-03-29 12:30:00
USD,2.0,PCE Price index (YoY) (Feb),2.50%,2.50%,2.40%,2024-03-29 12:30:00
USD,2.0,Goods Trade Balance (Feb),-91.84B,-90.10B,-90.51B,2024-03-29 12:30:00
USD,3.0,Core PCE Price Index (YoY) (Feb),2.80%,2.80%,2.90%,2024-03-29 12:30:00
USD,2.0,PCE price index (MoM) (Feb),0.30%,0.40%,0.40%,2024-03-29 12:30:00
USD,1.0,Dallas Fed PCE (Feb),3.40%,,5.70%,2024-03-29 13:00:00
USD,1.0,OPEC Crude Oil Production Nigeria (Barrel),1.57M,,1.42M,2024-03-29 14:00:00
USD,1.0,OPEC Crude oil Production Venezuela (Barrel),0.80M,,0.80M,2024-03-29 14:00:00
USD,1.0,OPEC Crude oil Production UAE (Barrel),2.92M,,2.93M,2024-03-29 14:00:00
USD,1.0,OPEC Crude oil Production Saudi Arabia (Barrel),8.98M,,8.97M,2024-03-29 14:00:00
USD,1.0,OPEC Crude Oil Production Kuwait (Barrel),2.41M,,2.43M,2024-03-29 14:00:00
USD,1.0,OPEC Crude Oil Production Libya (Barrel),1.17M,,1.02M,2024-03-29 14:00:00
USD,1.0,OPEC Crude oil Production Iran (Barrel),3.03M,,3.16M,2024-03-29 14:00:00
USD,1.0,OPEC Crude Oil Production Guinea (Barrel),0.05M,,0.06M,2024-03-29 14:00:00
USD,1.0,OPEC Crude Oil Production Gabon (Barrel),0.21M,,0.21M,2024-03-29 14:00:00
USD,1.0,OPEC Crude Oil Production Congo (Barrel),0.25M,,0.25M,2024-03-29 14:00:00
USD,1.0,OPEC Crude Oil Production Algeria (Barrel),0.90M,,0.91M,2024-03-29 14:00:00
USD,1.0,OPEC Crude oil Production Iraq (Barrel),4.13M,,4.19M,2024-03-29 14:00:00
USD,2.0,FOMC Member Daly Speaks,,,,2024-03-29 15:20:00
USD,3.0,Fed Chair Powell Speaks,,,,2024-03-29 15:30:00
USD,2.0,Atlanta Fed GDPNow (Q1),2.30%,2.10%,2.10%,2024-03-29 16:30:00
USD,1.0,CFTC Wheat speculative net positions,-61.7K,,-56.1K,2024-03-29 19:30:00
USD,1.0,CFTC Soybeans speculative net positions,-153.7K,,-167.7K,2024-03-29 19:30:00
USD,1.0,CFTC Silver speculative net positions,50.8K,,52.4K,2024-03-29 19:30:00
USD,1.0,CFTC Natural Gas speculative net positions,-117.3K,,-103.6K,2024-03-29 19:30:00
USD,2.0,CFTC Nasdaq 100 speculative net positions,-7.1K,,11.2K,2024-03-29 19:30:00
USD,2.0,CFTC S&P 500 speculative net positions,-169.4K,,-194.2K,2024-03-29 19:30:00
USD,2.0,CFTC Crude Oil speculative net positions,278.0K,,277.8K,2024-03-29 19:30:00
USD,1.0,CFTC Corn speculative net positions,-178.0K,,-175.5K,2024-03-29 19:30:00
USD,1.0,CFTC Copper speculative net positions,23.1K,,31.9K,2024-03-29 19:30:00
USD,1.0,CFTC Aluminium speculative net positions,3.3K,,2.5K,2024-03-29 19:30:00
USD,2.0,CFTC Gold speculative net positions,199.3K,,201.6K,2024-03-29 19:30:00
USD,3.0,S&P Global US Manufacturing PMI (Mar),51.9,52.5,52.2,2024-04-01 13:45:00
USD,3.0,ISM Manufacturing Prices (Mar),55.8,53.3,52.5,2024-04-01 14:00:00
USD,3.0,ISM Manufacturing PMI (Mar),50.3,48.5,47.8,2024-04-01 14:00:00
USD,1.0,ISM Manufacturing New Orders Index (Mar),51.4,49.8,49.2,2024-04-01 14:00:00
USD,2.0,Construction Spending (MoM) (Feb),-0.30%,0.70%,-0.20%,2024-04-01 14:00:00
USD,2.0,ISM Manufacturing Employment (Mar),47.4,47.5,45.9,2024-04-01 14:00:00
USD,1.0,3-Month Bill Auction,5.23%,,5.23%,2024-04-01 15:30:00
USD,1.0,6-Month Bill Auction,5.13%,,5.11%,2024-04-01 15:30:00
USD,2.0,Atlanta Fed GDPNow (Q1),2.80%,2.30%,2.30%,2024-04-01 18:00:00
USD,1.0,Fed Governor Cook Speaks,,,,2024-04-01 22:50:00
USD,1.0,Redbook (YoY),5.20%,,3.90%,2024-04-02 12:55:00
USD,1.0,Factory orders ex transportation (MoM) (Feb),1.10%,,-0.60%,2024-04-02 14:00:00
USD,3.0,JOLTs Job Openings (Feb),8.756M,8.760M,8.748M,2024-04-02 14:00:00
USD,1.0,Durables Excluding Transport (MoM) (Feb),0.30%,,-0.40%,2024-04-02 14:00:00
USD,1.0,Durables Excluding Defense (MoM) (Feb),2.10%,,2.20%,2024-04-02 14:00:00
USD,2.0,Factory Orders (MoM) (Feb),1.40%,1.10%,-3.80%,2024-04-02 14:00:00
USD,2.0,FOMC Member Bowman Speaks,,,,2024-04-02 14:10:00
USD,2.0,FOMC Member Williams Speaks,,,,2024-04-02 16:00:00
USD,2.0,FOMC Member Mester Speaks,,,,2024-04-02 16:05:00
USD,2.0,FOMC Member Daly Speaks,,,,2024-04-02 17:30:00
USD,2.0,API Weekly Crude Oil Stock,-2.286M,-2.000M,9.337M,2024-04-02 20:30:00
USD,1.0,Total Vehicle Sales,15.50M,15.90M,15.80M,2024-04-02 22:00:00
USD,2.0,OPEC Meeting,,,,2024-04-03 09:15:00
USD,1.0,MBA 30-Year Mortgage Rate,6.91%,,6.93%,2024-04-03 11:00:00
USD,1.0,MBA Mortgage Applications (WoW),-0.60%,,-0.70%,2024-04-03 11:00:00
USD,1.0,MBA Purchase Index,145.6,,145.7,2024-04-03 11:00:00
USD,1.0,Mortgage Market Index,195.6,,196.8,2024-04-03 11:00:00
USD,1.0,Mortgage Refinance Index,453.5,,460.9,2024-04-03 11:00:00
USD,3.0,ADP Nonfarm Employment Change (Mar),184K,148K,155K,2024-04-03 12:15:00
USD,2.0,FOMC Member Bostic Speaks,,,,2024-04-03 12:30:00
USD,1.0,All Car Sales (Mar),3.03M,,3.10M,2024-04-03 12:40:00
USD,1.0,All Truck Sales (Mar),12.46M,,12.60M,2024-04-03 12:40:00
USD,2.0,FOMC Member Bowman Speaks,,,,2024-04-03 13:45:00
USD,2.0,S&P Global Composite PMI (Mar),52.1,52.2,52.5,2024-04-03 13:45:00
USD,3.0,S&P Global Services PMI (Mar),51.7,51.7,52.3,2024-04-03 13:45:00
USD,1.0,ISM Non-Manufacturing Business Activity (Mar),57.4,56.7,57.2,2024-04-03 14:00:00
USD,2.0,ISM Non-Manufacturing Employment (Mar),48.5,49,48,2024-04-03 14:00:00
USD,1.0,ISM Non-Manufacturing New Orders (Mar),54.4,55.5,56.1,2024-04-03 14:00:00
USD,3.0,ISM Non-Manufacturing PMI (Mar),51.4,52.8,52.6,2024-04-03 14:00:00
USD,3.0,ISM Non-Manufacturing Prices (Mar),53.4,58.4,58.6,2024-04-03 14:00:00
USD,1.0,EIA Weekly Refinery Utilization Rates (WoW),-0.10%,,0.90%,2024-04-03 14:30:00
USD,1.0,Heating Oil Stockpiles,-0.613M,,-0.609M,2024-04-03 14:30:00
USD,1.0,Gasoline Inventories,-4.256M,-0.820M,1.299M,2024-04-03 14:30:00
USD,1.0,Gasoline Production,0.767M,,-0.435M,2024-04-03 14:30:00
USD,1.0,EIA Weekly Distillates Stocks,-1.268M,-0.604M,-1.185M,2024-04-03 14:30:00
USD,1.0,Crude Oil Imports,0.075M,,1.124M,2024-04-03 14:30:00
USD,2.0,Cushing Crude Oil Inventories,-0.377M,,2.107M,2024-04-03 14:30:00
USD,1.0,EIA Refinery Crude Runs (WoW),-0.035M,,0.147M,2024-04-03 14:30:00
USD,3.0,Crude Oil Inventories,3.210M,-0.300M,3.165M,2024-04-03 14:30:00
USD,1.0,Distillate Fuel Production,-0.208M,,0.124M,2024-04-03 14:30:00
USD,1.0,Fed Goolsbee Speaks,,,,2024-04-03 16:00:00
USD,3.0,Fed Chair Powell Speaks,,,,2024-04-03 16:10:00
USD,3.0,Fed Vice Chair for Supervision Barr Speaks,,,,2024-04-03 17:10:00
USD,1.0,Challenger Job Cuts (YoY),0.70%,,8.80%,2024-04-04 11:30:00
USD,1.0,Challenger Job Cuts (Mar),90.309K,,84.638K,2024-04-04 11:30:00
USD,2.0,Trade Balance (Feb),-68.90B,-66.90B,-67.60B,2024-04-04 12:30:00
USD,1.0,Jobless Claims 4-Week Avg.,214.25K,,211.50K,2024-04-04 12:30:00
USD,3.0,Initial Jobless Claims,221K,213K,212K,2024-04-04 12:30:00
USD,2.0,Exports,263.00B,,257.20B,2024-04-04 12:30:00
USD,2.0,Continuing Jobless Claims,"1,791K",,"1,810K",2024-04-04 12:30:00
USD,2.0,Imports,331.90B,,324.80B,2024-04-04 12:30:00
USD,1.0,Natural Gas Storage,-37B,-42B,-36B,2024-04-04 14:30:00
USD,1.0,4-Week Bill Auction,5.27%,,5.29%,2024-04-04 15:30:00
USD,1.0,8-Week Bill Auction,5.26%,,5.28%,2024-04-04 15:30:00
USD,1.0,FOMC Member Barkin Speaks,,,,2024-04-04 16:15:00
USD,2.0,Atlanta Fed GDPNow (Q1),2.50%,2.80%,2.80%,2024-04-04 16:30:00
USD,1.0,Fed Goolsbee Speaks,,,,2024-04-04 16:45:00
USD,2.0,FOMC Member Mester Speaks,,,,2024-04-04 18:00:00
USD,1.0,Reserve Balances with Federal Reserve Banks,3.541T,,3.472T,2024-04-04 20:30:00
USD,2.0,Fed's Balance Sheet,"7,440B",,"7,485B",2024-04-04 20:30:00
USD,2.0,Private Nonfarm Payrolls (Mar),232K,160K,207K,2024-04-05 12:30:00
USD,2.0,Participation Rate (Mar),62.70%,62.60%,62.50%,2024-04-05 12:30:00
USD,3.0,Unemployment Rate (Mar),3.80%,3.90%,3.90%,2024-04-05 12:30:00
USD,2.0,U6 Unemployment Rate (Mar),7.30%,,7.30%,2024-04-05 12:30:00
USD,3.0,Nonfarm Payrolls (Mar),303K,212K,270K,2024-04-05 12:30:00
USD,2.0,Average Hourly Earnings (YoY) (YoY) (Mar),4.10%,4.10%,4.30%,2024-04-05 12:30:00
USD,1.0,Government Payrolls (Mar),71.0K,,63.0K,2024-04-05 12:30:00
USD,1.0,Fed Collins Speaks,,,,2024-04-05 12:30:00
USD,1.0,Average Weekly Hours (Mar),34.4,34.3,34.3,2024-04-05 12:30:00
USD,3.0,Average Hourly Earnings (MoM) (Mar),0.30%,0.30%,0.20%,2024-04-05 12:30:00
USD,1.0,Manufacturing Payrolls (Mar),0K,5K,-10K,2024-04-05 12:30:00
USD,1.0,FOMC Member Barkin Speaks,,,,2024-04-05 13:15:00
USD,2.0,FOMC Member Bowman Speaks,,,,2024-04-05 16:15:00
USD,2.0,U.S. Baker Hughes Oil Rig Count,508,,506,2024-04-05 17:00:00
USD,2.0,U.S. Baker Hughes Total Rig Count,620,,621,2024-04-05 17:00:00
USD,2.0,Consumer Credit (Feb),14.12B,16.20B,17.68B,2024-04-05 19:00:00
USD,1.0,CFTC Wheat speculative net positions,-60.3K,,-61.7K,2024-04-05 19:30:00
USD,1.0,CFTC Soybeans speculative net positions,-158.0K,,-153.7K,2024-04-05 19:30:00
USD,1.0,CFTC Silver speculative net positions,53.1K,,50.8K,2024-04-05 19:30:00
USD,2.0,CFTC S&P 500 speculative net positions,-78.1K,,-169.4K,2024-04-05 19:30:00
USD,1.0,CFTC Natural Gas speculative net positions,-118.7K,,-117.3K,2024-04-05 19:30:00
USD,1.0,CFTC Corn speculative net positions,-181.3K,,-178.0K,2024-04-05 19:30:00
USD,2.0,CFTC Gold speculative net positions,207.2K,,199.3K,2024-04-05 19:30:00
USD,2.0,CFTC Crude Oil speculative net positions,300.9K,,278.0K,2024-04-05 19:30:00
USD,1.0,CFTC Copper speculative net positions,20.3K,,23.1K,2024-04-05 19:30:00
USD,1.0,CFTC Aluminium speculative net positions,2.6K,,3.3K,2024-04-05 19:30:00
USD,2.0,CFTC Nasdaq 100 speculative net positions,-5.2K,,-7.1K,2024-04-05 19:30:00
USD,1.0,CB Employment Trends Index (Mar),112.84,,111.85,2024-04-08 14:00:00
USD,2.0,NY Fed 1-Year Consumer Inflation Expectations,3.00%,,3.00%,2024-04-08 15:00:00
USD,1.0,6-Month Bill Auction,5.12%,,5.13%,2024-04-08 15:30:00
USD,1.0,3-Month Bill Auction,5.23%,,5.23%,2024-04-08 15:30:00
USD,1.0,Fed Goolsbee Speaks,,,,2024-04-08 17:00:00
USD,2.0,FOMC Member Kashkari Speaks,,,,2024-04-08 23:00:00
USD,1.0,NFIB Small Business Optimism (Mar),88.5,88.8,89.4,2024-04-09 10:00:00
USD,1.0,Redbook (YoY),5.40%,,5.20%,2024-04-09 12:55:00
USD,1.0,IBD/TIPP Economic Optimism,43.2,44.2,43.5,2024-04-09 14:00:00
USD,2.0,EIA Short-Term Energy Outlook,,,,2024-04-09 16:00:00
USD,2.0,3-Year Note Auction,4.55%,,4.26%,2024-04-09 17:00:00
USD,2.0,API Weekly Crude Oil Stock,3.034M,2.415M,-2.286M,2024-04-09 20:30:00
USD,1.0,MBA 30-Year Mortgage Rate,7.01%,,6.91%,2024-04-10 11:00:00
USD,1.0,MBA Mortgage Applications (WoW),0.10%,,-0.60%,2024-04-10 11:00:00
USD,1.0,MBA Purchase Index,138.7,,145.6,2024-04-10 11:00:00
USD,1.0,Mortgage Market Index,195.7,,195.6,2024-04-10 11:00:00
USD,1.0,Mortgage Refinance Index,498.3,,453.5,2024-04-10 11:00:00
USD,1.0,Real Earnings (MoM) (Mar),0.30%,,0.00%,2024-04-10 12:30:00
USD,1.0,"CPI, n.s.a (MoM) (Mar)",0.65%,,0.62%,2024-04-10 12:30:00
USD,1.0,"CPI Index, s.a (Mar)",312.23,,311.05,2024-04-10 12:30:00
USD,1.0,"CPI Index, n.s.a. (Mar)",312.33,312.1,310.33,2024-04-10 12:30:00
USD,1.0,Core CPI Index (Mar),316.7,316.57,315.57,2024-04-10 12:30:00
USD,3.0,CPI (YoY) (Mar),3.50%,3.40%,3.20%,2024-04-10 12:30:00
USD,2.0,Core CPI (YoY) (Mar),3.80%,3.70%,3.80%,2024-04-10 12:30:00
USD,3.0,Core CPI (MoM) (Mar),0.40%,0.30%,0.40%,2024-04-10 12:30:00
USD,3.0,CPI (MoM) (Mar),0.40%,0.30%,0.40%,2024-04-10 12:30:00
USD,2.0,FOMC Member Bowman Speaks,,,,2024-04-10 12:45:00
USD,1.0,Wholesale Inventories (MoM) (Feb),0.50%,0.50%,-0.30%,2024-04-10 14:00:00
USD,1.0,Wholesale Trade Sales (MoM) (Feb),2.30%,0.80%,-1.40%,2024-04-10 14:00:00
USD,1.0,Gasoline Production,-0.538M,,0.767M,2024-04-10 14:30:00
USD,1.0,EIA Weekly Refinery Utilization Rates (WoW),-0.30%,,-0.10%,2024-04-10 14:30:00
USD,1.0,Heating Oil Stockpiles,0.478M,,-0.613M,2024-04-10 14:30:00
USD,1.0,EIA Weekly Distillates Stocks,1.659M,-1.153M,-1.268M,2024-04-10 14:30:00
USD,1.0,Gasoline Inventories,0.715M,-1.320M,-4.256M,2024-04-10 14:30:00
USD,2.0,Cushing Crude Oil Inventories,-0.170M,,-0.377M,2024-04-10 14:30:00
USD,1.0,Crude Oil Imports,1.130M,,0.075M,2024-04-10 14:30:00
USD,1.0,EIA Refinery Crude Runs (WoW),-0.115M,,-0.035M,2024-04-10 14:30:00
USD,3.0,Crude Oil Inventories,5.841M,0.900M,3.210M,2024-04-10 14:30:00
USD,1.0,Distillate Fuel Production,0.033M,,-0.208M,2024-04-10 14:30:00
USD,1.0,Cleveland CPI (MoM) (Mar),0.40%,,0.40%,2024-04-10 15:00:00
USD,1.0,Thomson Reuters IPSOS PCSI (Apr),53.44,,53.15,2024-04-10 15:00:00
USD,1.0,Fed Goolsbee Speaks,,,,2024-04-10 16:45:00
USD,1.0,FOMC Member Barkin Speaks,,,,2024-04-10 16:45:00
USD,3.0,10-Year Note Auction,4.56%,,4.17%,2024-04-10 17:00:00
USD,2.0,Atlanta Fed GDPNow (Q1),2.40%,2.50%,2.50%,2024-04-10 18:00:00
USD,2.0,Federal Budget Balance (Mar),-236.0B,-209.4B,-296.0B,2024-04-10 18:00:00
USD,3.0,FOMC Meeting Minutes,,,,2024-04-10 18:00:00
USD,2.0,IEA Monthly Report,,,,2024-04-11 08:00:00
USD,2.0,OPEC Monthly Report,,,,2024-04-11 11:00:00
USD,1.0,Import Price Index (YoY) (Mar),0.40%,0.30%,-0.80%,2024-04-11 12:30:00
USD,2.0,Export Price Index (MoM) (Mar),0.30%,0.30%,0.70%,2024-04-11 12:30:00
USD,1.0,Export Price Index (YoY) (Mar),-1.40%,-1.20%,-1.80%,2024-04-11 12:30:00
USD,2.0,Import Price Index (MoM) (Mar),0.40%,0.30%,0.30%,2024-04-11 12:30:00
USD,3.0,PPI (MoM) (Mar),0.20%,0.30%,0.60%,2024-04-11 12:30:00
USD,1.0,PPI (YoY) (Mar),2.10%,2.20%,1.60%,2024-04-11 12:30:00
USD,1.0,Core PPI (YoY) (Mar),2.40%,2.30%,2.10%,2024-04-11 12:30:00
USD,3.0,Initial Jobless Claims,211K,216K,222K,2024-04-11 12:30:00
USD,1.0,PPI ex. Food/Energy/Transport (MoM) (Mar),0.20%,0.20%,0.30%,2024-04-11 12:30:00
USD,1.0,PPI ex. Food/Energy/Transport (YoY) (Mar),2.80%,,2.70%,2024-04-11 12:30:00
USD,2.0,Continuing Jobless Claims,"1,817K","1,800K","1,789K",2024-04-11 12:30:00
USD,2.0,Core PPI (MoM) (Mar),0.20%,0.20%,0.30%,2024-04-11 12:30:00
USD,1.0,Jobless Claims 4-Week Avg.,214.25K,,214.50K,2024-04-11 12:30:00
USD,2.0,FOMC Member Williams Speaks,,,,2024-04-11 12:45:00
USD,2.0,Michigan 5-Year Inflation Expectations (Apr),3.00%,2.80%,2.80%,2024-04-11 14:00:00
USD,2.0,Michigan 1-Year Inflation Expectations (Apr),3.10%,2.90%,2.90%,2024-04-11 14:00:00
USD,1.0,Michigan Current Conditions (Apr),79.3,82.2,82.5,2024-04-11 14:00:00
USD,2.0,Michigan Consumer Expectations (Apr),77,77.6,77.4,2024-04-11 14:00:00
USD,1.0,FOMC Member Barkin Speaks,,,,2024-04-11 14:00:00
USD,2.0,Michigan Consumer Sentiment (Apr),77.9,79,79.4,2024-04-11 14:00:00
USD,1.0,Natural Gas Storage,24B,14B,-37B,2024-04-11 14:30:00
USD,1.0,8-Week Bill Auction,5.27%,,5.26%,2024-04-11 15:30:00
USD,1.0,4-Week Bill Auction,5.27%,,5.27%,2024-04-11 15:30:00
USD,2.0,WASDE Report,,,,2024-04-11 16:00:00
USD,1.0,Fed Collins Speaks,,,,2024-04-11 16:00:00
USD,3.0,30-Year Bond Auction,4.67%,,4.33%,2024-04-11 17:00:00
USD,2.0,U.S. Baker Hughes Total Rig Count,617,,620,2024-04-11 17:00:00
USD,2.0,U.S. Baker Hughes Oil Rig Count,506,,508,2024-04-11 17:00:00
USD,2.0,FOMC Member Bostic Speaks,,,,2024-04-11 17:30:00
USD,2.0,FOMC Member Bostic Speaks,,,,2024-04-11 18:30:00
USD,1.0,CFTC Natural Gas speculative net positions,-127.9K,,-118.7K,2024-04-11 19:30:00
USD,2.0,FOMC Member Daly Speaks,,,,2024-04-11 19:30:00
USD,1.0,CFTC Aluminium speculative net positions,2.6K,,2.6K,2024-04-11 19:30:00
USD,1.0,CFTC Copper speculative net positions,42.7K,,20.3K,2024-04-11 19:30:00
USD,1.0,CFTC Corn speculative net positions,-190.2K,,-181.3K,2024-04-11 19:30:00
USD,2.0,CFTC Crude Oil speculative net positions,297.1K,,300.9K,2024-04-11 19:30:00
USD,2.0,CFTC Gold speculative net positions,202.4K,,207.2K,2024-04-11 19:30:00
USD,2.0,CFTC Nasdaq 100 speculative net positions,7.5K,,-5.2K,2024-04-11 19:30:00
USD,1.0,CFTC Wheat speculative net positions,-52.4K,,-60.3K,2024-04-11 19:30:00
USD,2.0,CFTC S&P 500 speculative net positions,-62.9K,,-78.1K,2024-04-11 19:30:00
USD,1.0,CFTC Silver speculative net positions,53.2K,,53.1K,2024-04-11 19:30:00
USD,1.0,CFTC Soybeans speculative net positions,-158.5K,,-158.0K,2024-04-11 19:30:00
USD,2.0,Fed's Balance Sheet,"7,438B",,"7,440B",2024-04-11 20:30:00
USD,1.0,Reserve Balances with Federal Reserve Banks,3.616T,,3.541T,2024-04-11 20:30:00
USD,1.0,Fed Logan Speaks,,,,2024-04-15 06:30:00
USD,1.0,IMF Meetings,,,,2024-04-15 09:00:00
USD,1.0,Retail Sales Ex Gas/Autos (MoM) (Mar),1.00%,0.30%,0.50%,2024-04-15 12:30:00
USD,3.0,Retail Sales (MoM) (Mar),0.70%,0.40%,0.90%,2024-04-15 12:30:00
USD,2.0,Retail Control (MoM) (Mar),1.10%,0.40%,0.30%,2024-04-15 12:30:00
USD,1.0,Retail Sales (YoY) (Mar),4.02%,,2.11%,2024-04-15 12:30:00
USD,2.0,FOMC Member Williams Speaks,,,,2024-04-15 12:30:00
USD,3.0,Core Retail Sales (MoM) (Mar),1.10%,0.50%,0.60%,2024-04-15 12:30:00
USD,2.0,NY Empire State Manufacturing Index (Apr),-14.3,-5.2,-20.9,2024-04-15 12:30:00
USD,2.0,Business Inventories (MoM) (Feb),0.40%,0.30%,0.00%,2024-04-15 14:00:00
USD,1.0,NAHB Housing Market Index (Apr),51,51,51,2024-04-15 14:00:00
USD,2.0,Retail Inventories Ex Auto (Feb),0.40%,0.40%,0.30%,2024-04-15 14:00:00
USD,1.0,3-Month Bill Auction,5.25%,,5.23%,2024-04-15 15:30:00
USD,1.0,6-Month Bill Auction,5.16%,,5.12%,2024-04-15 15:30:00
USD,2.0,Atlanta Fed GDPNow (Q1),2.80%,2.40%,2.40%,2024-04-15 17:00:00
USD,2.0,FOMC Member Daly Speaks,,,,2024-04-16 00:00:00
USD,1.0,IMF Meetings,,,,2024-04-16 09:00:00
USD,2.0,Housing Starts (MoM) (Mar),-14.70%,-2.40%,12.70%,2024-04-16 12:30:00
USD,2.0,Housing Starts (Mar),1.321M,1.480M,1.549M,2024-04-16 12:30:00
USD,1.0,Building Permits (MoM) (Mar),-4.30%,-0.90%,2.30%,2024-04-16 12:30:00
USD,2.0,Building Permits (Mar),1.458M,1.514M,1.523M,2024-04-16 12:30:00
USD,1.0,Redbook (YoY),4.90%,,5.40%,2024-04-16 12:55:00
USD,1.0,Fed Governor Jefferson Speaks,,,,2024-04-16 13:00:00
USD,1.0,Capacity Utilization Rate (Mar),78.40%,78.50%,78.20%,2024-04-16 13:15:00
USD,2.0,Industrial Production (MoM) (Mar),0.40%,0.40%,0.40%,2024-04-16 13:15:00
USD,2.0,Industrial Production (YoY) (Mar),0.00%,,-0.30%,2024-04-16 13:15:00
USD,1.0,Manufacturing Production (MoM) (Mar),0.50%,,1.20%,2024-04-16 13:15:00
USD,1.0,52-Week Bill Auction,4.92%,,4.81%,2024-04-16 15:30:00
USD,2.0,Atlanta Fed GDPNow (Q1),2.90%,2.80%,2.80%,2024-04-16 16:00:00
USD,2.0,FOMC Member Williams Speaks,,,,2024-04-16 16:30:00
USD,1.0,FOMC Member Barkin Speaks,,,,2024-04-16 17:00:00
USD,3.0,Fed Chair Powell Speaks,,,,2024-04-16 17:15:00
USD,2.0,API Weekly Crude Oil Stock,4.090M,,3.034M,2024-04-16 20:30:00
USD,1.0,IMF Meetings,,,,2024-04-17 09:00:00
USD,1.0,MBA 30-Year Mortgage Rate,7.13%,,7.01%,2024-04-17 11:00:00
USD,1.0,MBA Mortgage Applications (WoW),3.30%,,0.10%,2024-04-17 11:00:00
USD,1.0,MBA Purchase Index,145.6,,138.7,2024-04-17 11:00:00
USD,1.0,Mortgage Market Index,202.1,,195.7,2024-04-17 11:00:00
USD,1.0,Mortgage Refinance Index,500.7,,498.3,2024-04-17 11:00:00
USD,1.0,Gasoline Inventories,-1.154M,,0.715M,2024-04-17 14:30:00
USD,1.0,Heating Oil Stockpiles,-0.714M,,0.478M,2024-04-17 14:30:00
USD,1.0,Gasoline Production,-0.025M,,-0.538M,2024-04-17 14:30:00
USD,1.0,EIA Weekly Distillates Stocks,-2.760M,,1.659M,2024-04-17 14:30:00
USD,1.0,EIA Weekly Refinery Utilization Rates (WoW),-0.20%,,-0.30%,2024-04-17 14:30:00
USD,2.0,Cushing Crude Oil Inventories,0.033M,,-0.170M,2024-04-17 14:30:00
USD,1.0,Crude Oil Imports,-1.991M,,1.130M,2024-04-17 14:30:00
USD,1.0,EIA Refinery Crude Runs (WoW),0.131M,,-0.115M,2024-04-17 14:30:00
USD,3.0,Crude Oil Inventories,2.735M,1.600M,5.841M,2024-04-17 14:30:00
USD,1.0,Distillate Fuel Production,-0.038M,,0.033M,2024-04-17 14:30:00
USD,2.0,20-Year Bond Auction,4.82%,,4.54%,2024-04-17 17:00:00
USD,2.0,Beige Book,,,,2024-04-17 18:00:00
USD,1.0,TIC Net Long-Term Transactions including Swaps (Feb),71.50B,40.20B,14.00B,2024-04-17 20:00:00
USD,2.0,TIC Net Long-Term Transactions (Feb),71.5B,40.2B,14.0B,2024-04-17 20:00:00
USD,1.0,Overall Net Capital Flow (Feb),51.60B,,-30.80B,2024-04-17 20:00:00
USD,1.0,"US Foreign Buying, T-bonds (Feb)",88.80B,,46.30B,2024-04-17 20:00:00
USD,2.0,FOMC Member Mester Speaks,,,,2024-04-17 21:30:00
USD,2.0,FOMC Member Bowman Speaks,,,,2024-04-17 23:15:00
USD,1.0,IMF Meetings,,,,2024-04-18 09:00:00
USD,1.0,Philly Fed CAPEX Index (Apr),20,,23.6,2024-04-18 12:30:00
USD,1.0,Philly Fed New Orders (Apr),12.2,,5.4,2024-04-18 12:30:00
USD,2.0,Philly Fed Employment (Apr),-10.7,,-9.6,2024-04-18 12:30:00
USD,1.0,Philly Fed Business Conditions (Apr),34.3,,38.6,2024-04-18 12:30:00
USD,1.0,Philly Fed Prices Paid (Apr),23,,3.7,2024-04-18 12:30:00
USD,1.0,Jobless Claims 4-Week Avg.,214.50K,,214.50K,2024-04-18 12:30:00
USD,3.0,Initial Jobless Claims,212K,215K,212K,2024-04-18 12:30:00
USD,2.0,Continuing Jobless Claims,"1,812K","1,818K","1,810K",2024-04-18 12:30:00
USD,3.0,Philadelphia Fed Manufacturing Index (Apr),15.5,1.5,3.2,2024-04-18 12:30:00
USD,2.0,FOMC Member Bowman Speaks,,,,2024-04-18 13:05:00
USD,2.0,FOMC Member Bowman Speaks,,,,2024-04-18 13:15:00
USD,2.0,FOMC Member Williams Speaks,,,,2024-04-18 13:15:00
USD,2.0,Existing Home Sales (MoM) (Mar),-4.30%,,9.50%,2024-04-18 14:00:00
USD,3.0,Existing Home Sales (Mar),4.19M,4.20M,4.38M,2024-04-18 14:00:00
USD,2.0,US Leading Index (MoM) (Mar),-0.30%,-0.10%,0.20%,2024-04-18 14:00:00
USD,1.0,Natural Gas Storage,50B,54B,24B,2024-04-18 14:30:00
USD,2.0,FOMC Member Bostic Speaks,,,,2024-04-18 15:00:00
USD,1.0,8-Week Bill Auction,5.28%,,5.27%,2024-04-18 15:30:00
USD,1.0,4-Week Bill Auction,5.28%,,5.27%,2024-04-18 15:30:00
USD,2.0,5-Year TIPS Auction,2.24%,,1.71%,2024-04-18 17:00:00
USD,2.0,Fed's Balance Sheet,"7,406B",,"7,438B",2024-04-18 20:30:00
USD,1.0,Reserve Balances with Federal Reserve Banks,3.330T,,3.616T,2024-04-18 20:30:00
USD,2.0,FOMC Member Bostic Speaks,,,,2024-04-18 21:45:00
USD,1.0,IMF Meetings,,,,2024-04-19 09:00:00
USD,1.0,Fed Goolsbee Speaks,,,,2024-04-19 14:30:00
USD,2.0,U.S. Baker Hughes Oil Rig Count,511,,506,2024-04-19 17:00:00
USD,2.0,U.S. Baker Hughes Total Rig Count,619,,617,2024-04-19 17:00:00
USD,1.0,CFTC Natural Gas speculative net positions,-131.9K,,-127.9K,2024-04-19 19:30:00
USD,1.0,CFTC Wheat speculative net positions,-62.9K,,-52.4K,2024-04-19 19:30:00
USD,1.0,CFTC Silver speculative net positions,53.4K,,53.2K,2024-04-19 19:30:00
USD,2.0,CFTC S&P 500 speculative net positions,74.1K,,-62.9K,2024-04-19 19:30:00
USD,2.0,CFTC Nasdaq 100 speculative net positions,8.5K,,7.5K,2024-04-19 19:30:00
USD,1.0,CFTC Soybeans speculative net positions,-171.9K,,-158.5K,2024-04-19 19:30:00
USD,2.0,CFTC Crude Oil speculative net positions,290.5K,,297.1K,2024-04-19 19:30:00
USD,1.0,CFTC Aluminium speculative net positions,1.0K,,2.6K,2024-04-19 19:30:00
USD,2.0,CFTC Gold speculative net positions,201.9K,,202.4K,2024-04-19 19:30:00
USD,1.0,CFTC Corn speculative net positions,-204.9K,,-190.2K,2024-04-19 19:30:00
USD,1.0,CFTC Copper speculative net positions,47.6K,,42.7K,2024-04-19 19:30:00
USD,1.0,IMF Meetings,,,,2024-04-20 09:00:00
USD,1.0,Chicago Fed National Activity (Mar),0.15,0.09,0.09,2024-04-22 12:30:00
USD,1.0,3-Month Bill Auction,5.26%,,5.25%,2024-04-22 15:30:00
USD,1.0,6-Month Bill Auction,5.16%,,5.16%,2024-04-22 15:30:00
USD,1.0,Building Permits (MoM),-3.70%,-4.30%,2.40%,2024-04-23 11:30:00
USD,2.0,Building Permits,1.467M,1.458M,1.524M,2024-04-23 11:30:00
USD,1.0,Redbook (YoY),5.30%,,4.90%,2024-04-23 12:55:00
USD,3.0,S&P Global US Manufacturing PMI (Apr),49.9,52,51.9,2024-04-23 13:45:00
USD,2.0,S&P Global Composite PMI (Apr),50.9,,52.1,2024-04-23 13:45:00
USD,3.0,S&P Global Services PMI (Apr),50.9,52,51.7,2024-04-23 13:45:00
USD,1.0,Richmond Services Index (Apr),-13,,-7,2024-04-23 14:00:00
USD,1.0,Richmond Manufacturing Shipments (Apr),-10,,-14,2024-04-23 14:00:00
USD,1.0,Richmond Manufacturing Index (Apr),-7,-7,-11,2024-04-23 14:00:00
USD,3.0,New Home Sales (Mar),693K,668K,637K,2024-04-23 14:00:00
USD,2.0,New Home Sales (MoM) (Mar),8.80%,,-5.10%,2024-04-23 14:00:00
USD,2.0,2-Year Note Auction,4.90%,,4.60%,2024-04-23 17:00:00
USD,1.0,M2 Money Supply (MoM) (Mar),20.84T,,20.78T,2024-04-23 17:00:00
USD,2.0,API Weekly Crude Oil Stock,-3.230M,1.800M,4.090M,2024-04-23 20:30:00
USD,1.0,Mortgage Refinance Index,472.7,,500.7,2024-04-24 11:00:00
USD,1.0,MBA Purchase Index,144.2,,145.6,2024-04-24 11:00:00
USD,1.0,Mortgage Market Index,196.7,,202.1,2024-04-24 11:00:00
USD,1.0,MBA 30-Year Mortgage Rate,7.24%,,7.13%,2024-04-24 11:00:00
USD,1.0,MBA Mortgage Applications (WoW),-2.70%,,3.30%,2024-04-24 11:00:00
USD,2.0,Core Durable Goods Orders (MoM) (Mar),0.20%,0.30%,0.10%,2024-04-24 12:30:00
USD,3.0,Durable Goods Orders (MoM) (Mar),2.60%,2.50%,0.70%,2024-04-24 12:30:00
USD,1.0,Durables Excluding Defense (MoM) (Mar),2.30%,,1.50%,2024-04-24 12:30:00
USD,1.0,Goods Orders Non Defense Ex Air (MoM) (Mar),0.20%,0.20%,0.40%,2024-04-24 12:30:00
USD,1.0,Gasoline Production,-0.275M,,-0.025M,2024-04-24 14:30:00
USD,1.0,EIA Weekly Refinery Utilization Rates (WoW),0.40%,,-0.20%,2024-04-24 14:30:00
USD,1.0,Heating Oil Stockpiles,1.073M,,-0.714M,2024-04-24 14:30:00
USD,1.0,EIA Weekly Distillates Stocks,1.614M,-0.900M,-2.760M,2024-04-24 14:30:00
USD,1.0,Gasoline Inventories,-0.634M,-1.400M,-1.154M,2024-04-24 14:30:00
USD,2.0,Cushing Crude Oil Inventories,-0.659M,,0.033M,2024-04-24 14:30:00
USD,1.0,Crude Oil Imports,-0.417M,,-1.991M,2024-04-24 14:30:00
USD,1.0,EIA Refinery Crude Runs (WoW),-0.042M,,0.131M,2024-04-24 14:30:00
USD,3.0,Crude Oil Inventories,-6.368M,1.600M,2.735M,2024-04-24 14:30:00
USD,1.0,Distillate Fuel Production,0.178M,,-0.038M,2024-04-24 14:30:00
USD,2.0,Atlanta Fed GDPNow (Q1),2.70%,2.90%,2.90%,2024-04-24 15:00:00
USD,2.0,5-Year Note Auction,4.66%,,4.24%,2024-04-24 17:00:00
USD,1.0,Wholesale Inventories (MoM),-0.40%,0.20%,0.40%,2024-04-25 12:30:00
USD,2.0,Retail Inventories Ex Auto (Mar),-0.10%,,0.30%,2024-04-25 12:30:00
USD,1.0,PCE Prices (Q1),3.40%,,1.80%,2024-04-25 12:30:00
USD,1.0,Jobless Claims 4-Week Avg.,213.25K,,214.50K,2024-04-25 12:30:00
USD,3.0,Initial Jobless Claims,207K,214K,212K,2024-04-25 12:30:00
USD,1.0,Real Consumer Spending (Q1),2.50%,2.80%,3.30%,2024-04-25 12:30:00
USD,1.0,GDP Sales (Q1),2.00%,,3.90%,2024-04-25 12:30:00
USD,2.0,GDP Price Index (QoQ) (Q1),3.10%,3.00%,1.70%,2024-04-25 12:30:00
USD,3.0,GDP (QoQ) (Q1),1.60%,2.50%,3.40%,2024-04-25 12:30:00
USD,2.0,Goods Trade Balance (Mar),-91.83B,-91.10B,-91.84B,2024-04-25 12:30:00
USD,2.0,Core PCE Prices (Q1),3.70%,3.40%,2.00%,2024-04-25 12:30:00
USD,2.0,Continuing Jobless Claims,"1,781K","1,814K","1,796K",2024-04-25 12:30:00
USD,2.0,Pending Home Sales (MoM) (Mar),3.40%,0.30%,1.60%,2024-04-25 14:00:00
USD,1.0,Pending Home Sales Index (Mar),78.2,,75.6,2024-04-25 14:00:00
USD,2.0,Treasury Secretary Yellen Speaks,,,,2024-04-25 14:00:00
USD,1.0,Natural Gas Storage,92B,87B,50B,2024-04-25 14:30:00
USD,1.0,KC Fed Composite Index (Apr),-8,-5,-7,2024-04-25 15:00:00
USD,1.0,KC Fed Manufacturing Index (Apr),-13,,-9,2024-04-25 15:00:00
USD,1.0,4-Week Bill Auction,5.28%,,5.28%,2024-04-25 15:30:00
USD,1.0,8-Week Bill Auction,5.28%,,5.28%,2024-04-25 15:30:00
USD,2.0,7-Year Note Auction,4.72%,,4.19%,2024-04-25 17:00:00
USD,2.0,Fed's Balance Sheet,"7,402B",,"7,406B",2024-04-25 20:30:00
USD,1.0,Reserve Balances with Federal Reserve Banks,3.272T,,3.330T,2024-04-25 20:30:00
USD,1.0,Real Personal Consumption (MoM) (Mar),0.50%,,0.50%,2024-04-26 12:30:00
USD,2.0,Personal Spending (MoM) (Mar),0.80%,0.60%,0.80%,2024-04-26 12:30:00
USD,1.0,Personal Income (MoM) (Mar),0.50%,0.50%,0.30%,2024-04-26 12:30:00
USD,3.0,Core PCE Price Index (YoY) (Mar),2.80%,2.60%,2.80%,2024-04-26 12:30:00
USD,2.0,PCE price index (MoM) (Mar),0.30%,0.30%,0.30%,2024-04-26 12:30:00
USD,2.0,PCE Price index (YoY) (Mar),2.70%,2.60%,2.50%,2024-04-26 12:30:00
USD,3.0,Core PCE Price Index (MoM) (Mar),0.30%,0.30%,0.30%,2024-04-26 12:30:00
USD,1.0,Dallas Fed PCE (Mar),2.90%,,3.40%,2024-04-26 13:00:00
USD,2.0,Michigan Consumer Sentiment (Apr),77.2,77.8,79.4,2024-04-26 14:00:00
USD,2.0,Michigan Consumer Expectations (Apr),76,77,77.4,2024-04-26 14:00:00
USD,1.0,Michigan Current Conditions (Apr),79,79.3,82.5,2024-04-26 14:00:00
USD,2.0,Michigan 1-Year Inflation Expectations (Apr),3.20%,3.10%,2.90%,2024-04-26 14:00:00
USD,2.0,Michigan 5-Year Inflation Expectations (Apr),3.00%,3.00%,2.80%,2024-04-26 14:00:00
USD,2.0,Atlanta Fed GDPNow (Q2),3.90%,,,2024-04-26 16:00:00
USD,2.0,U.S. Baker Hughes Oil Rig Count,506,,511,2024-04-26 17:00:00
USD,2.0,U.S. Baker Hughes Total Rig Count,613,,619,2024-04-26 17:00:00
USD,2.0,CFTC S&P 500 speculative net positions,67.7K,,74.1K,2024-04-26 19:30:00
USD,1.0,CFTC Soybeans speculative net positions,-154.6K,,-171.9K,2024-04-26 19:30:00
USD,1.0,CFTC Silver speculative net positions,59.3K,,53.4K,2024-04-26 19:30:00
USD,1.0,CFTC Wheat speculative net positions,-43.4K,,-62.9K,2024-04-26 19:30:00
USD,1.0,CFTC Natural Gas speculative net positions,-132.5K,,-131.9K,2024-04-26 19:30:00
USD,1.0,CFTC Corn speculative net positions,-160.2K,,-204.9K,2024-04-26 19:30:00
USD,2.0,CFTC Gold speculative net positions,202.9K,,201.9K,2024-04-26 19:30:00
USD,2.0,CFTC Crude Oil speculative net positions,264.8K,,290.5K,2024-04-26 19:30:00
USD,1.0,CFTC Copper speculative net positions,58.4K,,47.6K,2024-04-26 19:30:00
USD,1.0,CFTC Aluminium speculative net positions,1.3K,,1.0K,2024-04-26 19:30:00
USD,2.0,CFTC Nasdaq 100 speculative net positions,6.1K,,8.5K,2024-04-26 19:30:00
USD,1.0,Dallas Fed Mfg Business Index (Apr),-14.5,,-14.4,2024-04-29 14:30:00
USD,1.0,3-Month Bill Auction,5.25%,,5.26%,2024-04-29 15:30:00
USD,1.0,6-Month Bill Auction,5.17%,,5.16%,2024-04-29 15:30:00
USD,2.0,Employment Cost Index (QoQ) (Q1),1.20%,1.00%,0.90%,2024-04-30 12:30:00
USD,1.0,Employment Benefits (QoQ) (Q1),1.10%,,0.70%,2024-04-30 12:30:00
USD,1.0,Employment Wages (QoQ) (Q1),1.10%,,1.10%,2024-04-30 12:30:00
USD,1.0,Redbook (YoY),5.50%,,5.30%,2024-04-30 12:55:00
USD,1.0,House Price Index (MoM) (Feb),1.20%,0.10%,-0.10%,2024-04-30 13:00:00
USD,1.0,House Price Index (YoY) (Feb),7.00%,,6.50%,2024-04-30 13:00:00
USD,1.0,House Price Index (Feb),423,,417.8,2024-04-30 13:00:00
USD,1.0,S&P/CS HPI Composite - 20 s.a. (MoM) (Feb),0.60%,0.10%,0.20%,2024-04-30 13:00:00
USD,2.0,S&P/CS HPI Composite - 20 n.s.a. (YoY) (Feb),7.30%,6.70%,6.60%,2024-04-30 13:00:00
USD,2.0,S&P/CS HPI Composite - 20 n.s.a. (MoM) (Feb),0.90%,,-0.10%,2024-04-30 13:00:00
USD,3.0,Chicago PMI (Apr),37.9,44.9,41.4,2024-04-30 13:45:00
USD,3.0,CB Consumer Confidence (Apr),97,104,103.1,2024-04-30 14:00:00
USD,1.0,Dallas Fed Services Revenues (Apr),0.3,,4,2024-04-30 14:30:00
USD,1.0,Texas Services Sector Outlook (Apr),-10.6,,-5.5,2024-04-30 14:30:00
USD,1.0,OPEC Crude oil Production Venezuela (Barrel),0.79M,,0.80M,2024-04-30 16:00:00
USD,1.0,OPEC Crude oil Production UAE (Barrel),2.92M,,2.92M,2024-04-30 16:00:00
USD,1.0,OPEC Crude oil Production Saudi Arabia (Barrel),9.00M,,8.98M,2024-04-30 16:00:00
USD,1.0,OPEC Crude Oil Production Nigeria (Barrel),1.45M,,1.57M,2024-04-30 16:00:00
USD,1.0,OPEC Crude Oil Production Libya (Barrel),1.17M,,1.17M,2024-04-30 16:00:00
USD,1.0,OPEC Crude Oil Production Kuwait (Barrel),2.41M,,2.41M,2024-04-30 16:00:00
USD,1.0,OPEC Crude oil Production Iran (Barrel),3.15M,,3.03M,2024-04-30 16:00:00
USD,1.0,OPEC Crude Oil Production Guinea (Barrel),0.06M,,0.05M,2024-04-30 16:00:00
USD,1.0,OPEC Crude Oil Production Gabon (Barrel),0.22M,,0.21M,2024-04-30 16:00:00
USD,1.0,OPEC Crude Oil Production Congo (Barrel),0.26M,,0.25M,2024-04-30 16:00:00
USD,1.0,OPEC Crude Oil Production Algeria (Barrel),0.90M,,0.90M,2024-04-30 16:00:00
USD,1.0,OPEC Crude oil Production Iraq (Barrel),4.15M,,4.13M,2024-04-30 16:00:00
USD,3.0,API Weekly Crude Oil Stock,4.906M,-1.500M,-3.230M,2024-04-30 20:30:00
USD,1.0,MBA Mortgage Applications (WoW),-2.30%,,-2.70%,2024-05-01 11:00:00
USD,1.0,MBA 30-Year Mortgage Rate,7.29%,,7.24%,2024-05-01 11:00:00
USD,1.0,MBA Purchase Index,141.7,,144.2,2024-05-01 11:00:00
USD,1.0,Mortgage Market Index,192.1,,196.7,2024-05-01 11:00:00
USD,1.0,Mortgage Refinance Index,456.9,,472.7,2024-05-01 11:00:00
USD,3.0,ADP Nonfarm Employment Change (Apr),192K,179K,208K,2024-05-01 12:15:00
USD,3.0,S&P Global US Manufacturing PMI (Apr),50,49.9,51.9,2024-05-01 13:45:00
USD,3.0,ISM Manufacturing Prices (Apr),60.9,55.5,55.8,2024-05-01 14:00:00
USD,3.0,JOLTs Job Openings (Mar),8.488M,8.680M,8.813M,2024-05-01 14:00:00
USD,3.0,ISM Manufacturing PMI (Apr),49.2,50,50.3,2024-05-01 14:00:00
USD,2.0,ISM Manufacturing Employment (Apr),48.6,48.2,47.4,2024-05-01 14:00:00
USD,2.0,Construction Spending (MoM) (Mar),-0.20%,0.30%,-0.30%,2024-05-01 14:00:00
USD,1.0,ISM Manufacturing New Orders Index (Apr),49.1,51,51.4,2024-05-01 14:00:00
USD,3.0,Crude Oil Inventories,7.265M,-2.300M,-6.368M,2024-05-01 14:30:00
USD,1.0,EIA Refinery Crude Runs (WoW),-0.230M,,-0.042M,2024-05-01 14:30:00
USD,1.0,Crude Oil Imports,1.536M,,-0.417M,2024-05-01 14:30:00
USD,2.0,Cushing Crude Oil Inventories,1.089M,,-0.659M,2024-05-01 14:30:00
USD,1.0,Distillate Fuel Production,-0.271M,,0.178M,2024-05-01 14:30:00
USD,1.0,EIA Weekly Distillates Stocks,-0.732M,,1.614M,2024-05-01 14:30:00
USD,1.0,Gasoline Production,0.254M,,-0.275M,2024-05-01 14:30:00
USD,1.0,Heating Oil Stockpiles,-0.179M,,1.073M,2024-05-01 14:30:00
USD,1.0,EIA Weekly Refinery Utilization Rates (WoW),-1.00%,,0.40%,2024-05-01 14:30:00
USD,1.0,Gasoline Inventories,0.344M,,-0.634M,2024-05-01 14:30:00
USD,2.0,Atlanta Fed GDPNow (Q2),3.30%,3.90%,3.90%,2024-05-01 17:00:00
USD,3.0,Fed Interest Rate Decision,5.50%,5.50%,5.50%,2024-05-01 18:00:00
USD,3.0,FOMC Statement,,,,2024-05-01 18:00:00
USD,3.0,FOMC Press Conference,,,,2024-05-01 18:30:00
USD,1.0,Challenger Job Cuts (Apr),64.789K,,90.309K,2024-05-02 11:30:00
USD,1.0,Challenger Job Cuts (YoY),-3.30%,,0.70%,2024-05-02 11:30:00
USD,2.0,Trade Balance (Mar),-69.40B,-69.50B,-69.50B,2024-05-02 12:30:00
USD,2.0,Continuing Jobless Claims,"1,774K","1,800K","1,774K",2024-05-02 12:30:00
USD,2.0,Exports,257.60B,,263.00B,2024-05-02 12:30:00
USD,2.0,Imports,327.00B,,331.90B,2024-05-02 12:30:00
USD,3.0,Initial Jobless Claims,208K,212K,208K,2024-05-02 12:30:00
USD,1.0,Jobless Claims 4-Week Avg.,210.00K,,213.50K,2024-05-02 12:30:00
USD,2.0,Nonfarm Productivity (QoQ) (Q1),0.30%,0.80%,3.50%,2024-05-02 12:30:00
USD,2.0,Unit Labor Costs (QoQ) (Q1),4.70%,3.60%,0.40%,2024-05-02 12:30:00
USD,2.0,Factory Orders (MoM) (Mar),1.60%,1.60%,1.20%,2024-05-02 14:00:00
USD,1.0,Factory orders ex transportation (MoM) (Mar),0.50%,0.20%,1.10%,2024-05-02 14:00:00
USD,1.0,Durables Excluding Transport (MoM) (Mar),0.20%,,0.30%,2024-05-02 14:00:00
USD,1.0,All Car Sales (Apr),3.04M,,3.02M,2024-05-02 14:00:00
USD,1.0,All Truck Sales (Apr),12.69M,,12.54M,2024-05-02 14:00:00
USD,1.0,Durables Excluding Defense (MoM) (Mar),2.30%,,2.30%,2024-05-02 14:00:00
USD,1.0,Natural Gas Storage,59B,68B,92B,2024-05-02 14:30:00
USD,1.0,4-Week Bill Auction,5.28%,,5.28%,2024-05-02 15:30:00
USD,1.0,8-Week Bill Auction,5.27%,,5.28%,2024-05-02 15:30:00
USD,2.0,Atlanta Fed GDPNow (Q2),3.30%,3.30%,3.30%,2024-05-02 17:00:00
USD,2.0,Fed's Balance Sheet,"7,362B",,"7,402B",2024-05-02 20:30:00
USD,1.0,Reserve Balances with Federal Reserve Banks,3.317T,,3.272T,2024-05-02 20:30:00
USD,3.0,Unemployment Rate (Apr),3.90%,3.80%,3.80%,2024-05-03 12:30:00
USD,2.0,Private Nonfarm Payrolls (Apr),167K,181K,243K,2024-05-03 12:30:00
USD,2.0,Participation Rate (Apr),62.70%,,62.70%,2024-05-03 12:30:00
USD,3.0,Nonfarm Payrolls (Apr),175K,238K,315K,2024-05-03 12:30:00
USD,2.0,U6 Unemployment Rate (Apr),7.40%,,7.30%,2024-05-03 12:30:00
USD,1.0,Government Payrolls (Apr),8.0K,,72.0K,2024-05-03 12:30:00
USD,1.0,Average Weekly Hours (Apr),34.3,34.4,34.4,2024-05-03 12:30:00
USD,2.0,Average Hourly Earnings (YoY) (YoY) (Apr),3.90%,4.00%,4.10%,2024-05-03 12:30:00
USD,3.0,Average Hourly Earnings (MoM) (Apr),0.20%,0.30%,0.30%,2024-05-03 12:30:00
USD,1.0,Manufacturing Payrolls (Apr),8K,5K,-4K,2024-05-03 12:30:00
USD,2.0,S&P Global Composite PMI (Apr),51.3,50.9,52.1,2024-05-03 13:45:00
USD,3.0,S&P Global Services PMI (Apr),51.3,50.9,51.7,2024-05-03 13:45:00
USD,1.0,Total Vehicle Sales,15.74M,,15.50M,2024-05-03 14:00:00
USD,3.0,ISM Non-Manufacturing Prices (Apr),59.2,55,53.4,2024-05-03 14:00:00
USD,3.0,ISM Non-Manufacturing PMI (Apr),49.4,52,51.4,2024-05-03 14:00:00
USD,1.0,ISM Non-Manufacturing New Orders (Apr),52.2,54.5,54.4,2024-05-03 14:00:00
USD,1.0,ISM Non-Manufacturing Business Activity (Apr),50.9,,57.4,2024-05-03 14:00:00
USD,2.0,ISM Non-Manufacturing Employment (Apr),45.9,49,48.5,2024-05-03 14:00:00
USD,2.0,U.S. Baker Hughes Oil Rig Count,499,,506,2024-05-03 17:00:00
USD,2.0,U.S. Baker Hughes Total Rig Count,605,,613,2024-05-03 17:00:00
USD,2.0,CFTC S&P 500 speculative net positions,43.1K,,67.7K,2024-05-03 19:30:00
USD,1.0,CFTC Wheat speculative net positions,-24.5K,,-43.4K,2024-05-03 19:30:00
USD,1.0,CFTC Soybeans speculative net positions,-162.3K,,-154.6K,2024-05-03 19:30:00
USD,1.0,CFTC Silver speculative net positions,54.5K,,59.3K,2024-05-03 19:30:00
USD,1.0,CFTC Natural Gas speculative net positions,-150.2K,,-132.5K,2024-05-03 19:30:00
USD,1.0,CFTC Aluminium speculative net positions,1.4K,,1.3K,2024-05-03 19:30:00
USD,2.0,CFTC Gold speculative net positions,204.2K,,202.9K,2024-05-03 19:30:00
USD,2.0,CFTC Crude Oil speculative net positions,265.5K,,264.8K,2024-05-03 19:30:00
USD,1.0,CFTC Corn speculative net positions,-143.4K,,-160.2K,2024-05-03 19:30:00
USD,1.0,CFTC Copper speculative net positions,58.1K,,58.4K,2024-05-03 19:30:00
USD,2.0,CFTC Nasdaq 100 speculative net positions,2.8K,,6.1K,2024-05-03 19:30:00
USD,1.0,Fed Goolsbee Speaks,,,,2024-05-03 23:45:00
USD,2.0,FOMC Member Williams Speaks,,,,2024-05-03 23:45:00
USD,1.0,Fed Governor Cook Speaks,,,,2024-05-04 13:20:00
USD,1.0,Fed Governor Cook Speaks,,,,2024-05-04 18:20:00
USD,1.0,CB Employment Trends Index (Apr),111.25,,112.16,2024-05-06 14:00:00
USD,1.0,6-Month Bill Auction,5.16%,,5.17%,2024-05-06 15:30:00
USD,1.0,3-Month Bill Auction,5.25%,,5.25%,2024-05-06 15:30:00
USD,1.0,FOMC Member Barkin Speaks,,,,2024-05-06 16:50:00
USD,2.0,FOMC Member Williams Speaks,,,,2024-05-06 17:00:00
USD,1.0,Loan Officer Survey,,,,2024-05-06 18:00:00
USD,1.0,Redbook (YoY),6.00%,,5.50%,2024-05-07 12:55:00
USD,1.0,IBD/TIPP Economic Optimism (May),41.8,44.1,43.2,2024-05-07 14:00:00
USD,2.0,FOMC Member Kashkari Speaks,,,,2024-05-07 15:30:00
USD,2.0,EIA Short-Term Energy Outlook,,,,2024-05-07 16:00:00
USD,2.0,3-Year Note Auction,4.61%,,4.55%,2024-05-07 17:00:00
USD,2.0,Consumer Credit (Mar),6.27B,14.80B,15.02B,2024-05-07 19:00:00
USD,2.0,API Weekly Crude Oil Stock,0.509M,-1.430M,4.906M,2024-05-07 20:30:00
USD,1.0,Mortgage Market Index,197.1,,192.1,2024-05-08 11:00:00
USD,1.0,MBA Purchase Index,144.2,,141.7,2024-05-08 11:00:00
USD,1.0,Mortgage Refinance Index,477.5,,456.9,2024-05-08 11:00:00
USD,1.0,MBA 30-Year Mortgage Rate,7.18%,,7.29%,2024-05-08 11:00:00
USD,1.0,MBA Mortgage Applications (WoW),2.60%,,-2.30%,2024-05-08 11:00:00
USD,1.0,Wholesale Inventories (MoM) (Mar),-0.40%,-0.40%,0.50%,2024-05-08 14:00:00
USD,1.0,Wholesale Trade Sales (MoM) (Mar),-1.30%,,2.00%,2024-05-08 14:00:00
USD,3.0,Crude Oil Inventories,-1.362M,-1.430M,7.265M,2024-05-08 14:30:00
USD,1.0,EIA Refinery Crude Runs (WoW),0.307M,,-0.230M,2024-05-08 14:30:00
USD,1.0,Crude Oil Imports,-0.353M,,1.536M,2024-05-08 14:30:00
USD,2.0,Cushing Crude Oil Inventories,1.880M,,1.089M,2024-05-08 14:30:00
USD,1.0,Distillate Fuel Production,0.275M,,-0.271M,2024-05-08 14:30:00
USD,1.0,EIA Weekly Distillates Stocks,0.560M,-1.000M,-0.732M,2024-05-08 14:30:00
USD,1.0,Gasoline Production,0.099M,,0.254M,2024-05-08 14:30:00
USD,1.0,Heating Oil Stockpiles,0.285M,,-0.179M,2024-05-08 14:30:00
USD,1.0,EIA Weekly Refinery Utilization Rates (WoW),1.00%,,-1.00%,2024-05-08 14:30:00
USD,1.0,Gasoline Inventories,0.915M,-1.180M,0.344M,2024-05-08 14:30:00
USD,1.0,Thomson Reuters IPSOS PCSI (May),54.31,,53.44,2024-05-08 15:00:00
USD,1.0,Fed Governor Jefferson Speaks,,,,2024-05-08 15:00:00
USD,1.0,Fed Collins Speaks,,,,2024-05-08 15:45:00
USD,2.0,Atlanta Fed GDPNow (Q2),4.20%,3.30%,3.30%,2024-05-08 16:00:00
USD,3.0,10-Year Note Auction,4.48%,,4.56%,2024-05-08 17:00:00
USD,1.0,Fed Governor Cook Speaks,,,,2024-05-08 17:30:00
USD,2.0,Continuing Jobless Claims,"1,785K","1,790K","1,768K",2024-05-09 12:30:00
USD,3.0,Initial Jobless Claims,231K,212K,209K,2024-05-09 12:30:00
USD,1.0,Jobless Claims 4-Week Avg.,215.00K,,210.25K,2024-05-09 12:30:00
USD,1.0,Natural Gas Storage,79B,87B,59B,2024-05-09 14:30:00
USD,1.0,4-Week Bill Auction,5.27%,,5.28%,2024-05-09 15:30:00
USD,1.0,8-Week Bill Auction,5.28%,,5.27%,2024-05-09 15:30:00
USD,3.0,30-Year Bond Auction,4.64%,,4.67%,2024-05-09 17:00:00
USD,2.0,FOMC Member Daly Speaks,,,,2024-05-09 18:00:00
USD,2.0,Fed's Balance Sheet,"7,353B",,"7,362B",2024-05-09 20:30:00
USD,1.0,Reserve Balances with Federal Reserve Banks,3.331T,,3.317T,2024-05-09 20:30:00
USD,2.0,FOMC Member Bowman Speaks,,,,2024-05-10 13:00:00
USD,2.0,Michigan 1-Year Inflation Expectations (May),3.50%,3.20%,3.20%,2024-05-10 14:00:00
USD,2.0,Michigan 5-Year Inflation Expectations (May),3.10%,3.00%,3.00%,2024-05-10 14:00:00
USD,2.0,Michigan Consumer Expectations (May),66.5,75,76,2024-05-10 14:00:00
USD,2.0,Michigan Consumer Sentiment (May),67.4,76,77.2,2024-05-10 14:00:00
USD,1.0,Michigan Current Conditions (May),68.8,79,79,2024-05-10 14:00:00
USD,2.0,WASDE Report,,,,2024-05-10 16:00:00
USD,1.0,Fed Goolsbee Speaks,,,,2024-05-10 16:45:00
USD,2.0,U.S. Baker Hughes Oil Rig Count,496,,499,2024-05-10 17:00:00
USD,2.0,U.S. Baker Hughes Total Rig Count,603,,605,2024-05-10 17:00:00
USD,2.0,Fed Vice Chair for Supervision Barr Speaks,,,,2024-05-10 17:30:00
USD,2.0,Federal Budget Balance (Apr),210.0B,244.5B,-236.0B,2024-05-10 18:00:00
USD,1.0,CFTC Wheat speculative net positions,-17.8K,,-24.5K,2024-05-10 19:30:00
USD,1.0,CFTC Soybeans speculative net positions,-60.0K,,-162.3K,2024-05-10 19:30:00
USD,1.0,CFTC Silver speculative net positions,53.7K,,54.5K,2024-05-10 19:30:00
USD,2.0,CFTC S&P 500 speculative net positions,-9.7K,,43.1K,2024-05-10 19:30:00
USD,1.0,CFTC Natural Gas speculative net positions,-135.8K,,-150.2K,2024-05-10 19:30:00
USD,2.0,CFTC Gold speculative net positions,199.6K,,204.2K,2024-05-10 19:30:00
USD,2.0,CFTC Crude Oil speculative net positions,215.4K,,265.5K,2024-05-10 19:30:00
USD,1.0,CFTC Corn speculative net positions,-31.4K,,-143.4K,2024-05-10 19:30:00
USD,1.0,CFTC Copper speculative net positions,62.6K,,58.1K,2024-05-10 19:30:00
USD,1.0,CFTC Aluminium speculative net positions,1.3K,,1.4K,2024-05-10 19:30:00
USD,2.0,CFTC Nasdaq 100 speculative net positions,4.4K,,2.8K,2024-05-10 19:30:00
USD,1.0,Fed Governor Jefferson Speaks,,,,2024-05-13 13:00:00
USD,2.0,FOMC Member Mester Speaks,,,,2024-05-13 13:00:00
USD,2.0,NY Fed 1-Year Consumer Inflation Expectations,3.30%,,3.00%,2024-05-13 15:00:00
USD,1.0,3-Month Bill Auction,5.25%,,5.25%,2024-05-13 15:30:00
USD,1.0,6-Month Bill Auction,5.17%,,5.16%,2024-05-13 15:30:00
USD,1.0,NFIB Small Business Optimism (Apr),89.7,88.1,88.5,2024-05-14 10:00:00
USD,2.0,OPEC Monthly Report,,,,2024-05-14 11:00:00
USD,1.0,PPI (YoY) (Apr),2.20%,2.20%,1.80%,2024-05-14 12:30:00
USD,2.0,Core PPI (MoM) (Apr),0.50%,0.20%,-0.10%,2024-05-14 12:30:00
USD,3.0,PPI (MoM) (Apr),0.50%,0.30%,-0.10%,2024-05-14 12:30:00
USD,1.0,PPI ex. Food/Energy/Transport (YoY) (Apr),3.10%,,2.80%,2024-05-14 12:30:00
USD,1.0,PPI ex. Food/Energy/Transport (MoM) (Apr),0.40%,,0.20%,2024-05-14 12:30:00
USD,1.0,Core PPI (YoY) (Apr),2.40%,2.40%,2.10%,2024-05-14 12:30:00
USD,1.0,Redbook (YoY),6.30%,,6.00%,2024-05-14 12:55:00
USD,1.0,Fed Governor Cook Speaks,,,,2024-05-14 13:10:00
USD,3.0,Fed Chair Powell Speaks,,,,2024-05-14 14:00:00
USD,1.0,52-Week Bill Auction,4.90%,,4.92%,2024-05-14 15:30:00
USD,2.0,API Weekly Crude Oil Stock,-3.104M,-1.350M,0.509M,2024-05-14 20:30:00
USD,2.0,IEA Monthly Report,,,,2024-05-15 08:00:00
USD,1.0,Mortgage Refinance Index,499.9,,477.5,2024-05-15 11:00:00
USD,1.0,Mortgage Market Index,198.1,,197.1,2024-05-15 11:00:00
USD,1.0,MBA Mortgage Applications (WoW),0.50%,,2.60%,2024-05-15 11:00:00
USD,1.0,MBA 30-Year Mortgage Rate,7.08%,,7.18%,2024-05-15 11:00:00
USD,1.0,MBA Purchase Index,141.7,,144.2,2024-05-15 11:00:00
USD,2.0,NY Empire State Manufacturing Index (May),-15.6,-9.9,-14.3,2024-05-15 12:30:00
USD,1.0,Retail Sales Ex Gas/Autos (MoM) (Apr),-0.10%,,0.70%,2024-05-15 12:30:00
USD,3.0,Retail Sales (MoM) (Apr),0.00%,0.40%,0.60%,2024-05-15 12:30:00
USD,1.0,Retail Sales (YoY) (Apr),3.04%,,3.83%,2024-05-15 12:30:00
USD,2.0,Retail Control (MoM) (Apr),-0.30%,,1.00%,2024-05-15 12:30:00
USD,1.0,Real Earnings (MoM) (Apr),-0.40%,,0.30%,2024-05-15 12:30:00
USD,1.0,"CPI, n.s.a (MoM) (Apr)",0.39%,,0.65%,2024-05-15 12:30:00
USD,3.0,Core CPI (MoM) (Apr),0.30%,0.30%,0.40%,2024-05-15 12:30:00
USD,1.0,"CPI Index, n.s.a. (Apr)",313.55,313.76,312.33,2024-05-15 12:30:00
USD,3.0,CPI (YoY) (Apr),3.40%,3.40%,3.50%,2024-05-15 12:30:00
USD,3.0,CPI (MoM) (Apr),0.30%,0.40%,0.40%,2024-05-15 12:30:00
USD,3.0,Core Retail Sales (MoM) (Apr),0.20%,0.20%,0.90%,2024-05-15 12:30:00
USD,1.0,Core CPI Index (Apr),317.62,317.73,316.7,2024-05-15 12:30:00
USD,2.0,Core CPI (YoY) (Apr),3.60%,3.60%,3.80%,2024-05-15 12:30:00
USD,1.0,"CPI Index, s.a (Apr)",312.21,,312.23,2024-05-15 12:30:00
USD,2.0,Retail Inventories Ex Auto (Mar),-0.20%,-0.10%,-0.10%,2024-05-15 14:00:00
USD,1.0,NAHB Housing Market Index (May),45,51,51,2024-05-15 14:00:00
USD,2.0,Business Inventories (MoM) (Mar),-0.10%,0.00%,0.30%,2024-05-15 14:00:00
USD,2.0,Fed Vice Chair for Supervision Barr Speaks,,,,2024-05-15 14:00:00
USD,1.0,Gasoline Inventories,-0.235M,0.880M,0.915M,2024-05-15 14:30:00
USD,3.0,Crude Oil Inventories,-2.508M,-0.400M,-1.362M,2024-05-15 14:30:00
USD,1.0,EIA Refinery Crude Runs (WoW),0.307M,,0.307M,2024-05-15 14:30:00
USD,1.0,Crude Oil Imports,0.108M,,-0.353M,2024-05-15 14:30:00
USD,2.0,Cushing Crude Oil Inventories,-0.341M,,1.880M,2024-05-15 14:30:00
USD,1.0,Distillate Fuel Production,0.021M,,0.275M,2024-05-15 14:30:00
USD,1.0,EIA Weekly Distillates Stocks,-0.045M,0.770M,0.560M,2024-05-15 14:30:00
USD,1.0,Gasoline Production,0.203M,,0.099M,2024-05-15 14:30:00
USD,1.0,Heating Oil Stockpiles,-0.680M,,0.285M,2024-05-15 14:30:00
USD,1.0,EIA Weekly Refinery Utilization Rates (WoW),1.90%,,1.00%,2024-05-15 14:30:00
USD,1.0,Cleveland CPI (MoM) (Apr),0.30%,,0.40%,2024-05-15 15:00:00
USD,2.0,FOMC Member Kashkari Speaks,,,,2024-05-15 16:00:00
USD,2.0,Atlanta Fed GDPNow (Q2),3.80%,4.20%,4.20%,2024-05-15 17:00:00
USD,2.0,FOMC Member Bowman Speaks,,,,2024-05-15 19:20:00
USD,1.0,"US Foreign Buying, T-bonds (Mar)",42.20B,,87.40B,2024-05-15 20:00:00
USD,1.0,Overall Net Capital Flow (Mar),102.10B,,42.00B,2024-05-15 20:00:00
USD,2.0,TIC Net Long-Term Transactions (Mar),100.5B,89.3B,62.9B,2024-05-15 20:00:00
USD,1.0,TIC Net Long-Term Transactions including Swaps (Mar),100.50B,,62.90B,2024-05-15 20:00:00
USD,1.0,Jobless Claims 4-Week Avg.,217.75K,,215.25K,2024-05-16 12:30:00
USD,3.0,Philadelphia Fed Manufacturing Index (May),4.5,7.7,15.5,2024-05-16 12:30:00
USD,1.0,Philly Fed Business Conditions (May),32.4,,34.3,2024-05-16 12:30:00
USD,3.0,Initial Jobless Claims,222K,219K,232K,2024-05-16 12:30:00
USD,1.0,Philly Fed New Orders (May),-7.9,,12.2,2024-05-16 12:30:00
USD,1.0,Philly Fed Prices Paid (May),18.7,,23,2024-05-16 12:30:00
USD,2.0,Philly Fed Employment (May),-7.9,,-10.7,2024-05-16 12:30:00
USD,2.0,Import Price Index (MoM) (Apr),0.90%,0.20%,0.60%,2024-05-16 12:30:00
USD,1.0,Philly Fed CAPEX Index (May),20.1,,20,2024-05-16 12:30:00
USD,2.0,Housing Starts (MoM) (Apr),5.70%,,-16.80%,2024-05-16 12:30:00
USD,2.0,Housing Starts (Apr),1.360M,1.420M,1.287M,2024-05-16 12:30:00
USD,2.0,Export Price Index (MoM) (Apr),0.50%,0.40%,0.10%,2024-05-16 12:30:00
USD,1.0,Export Price Index (YoY),-1.00%,,-1.40%,2024-05-16 12:30:00
USD,1.0,Import Price Index (YoY),1.10%,,0.40%,2024-05-16 12:30:00
USD,2.0,Continuing Jobless Claims,"1,794K","1,780K","1,781K",2024-05-16 12:30:00
USD,2.0,Building Permits (Apr),1.440M,1.480M,1.485M,2024-05-16 12:30:00
USD,1.0,Building Permits (MoM) (Apr),-3.00%,,-5.00%,2024-05-16 12:30:00
USD,1.0,Capacity Utilization Rate (Apr),78.40%,78.40%,78.50%,2024-05-16 13:15:00
USD,2.0,Industrial Production (YoY) (Apr),-0.38%,,0.09%,2024-05-16 13:15:00
USD,2.0,Industrial Production (MoM) (Apr),0.00%,0.10%,0.10%,2024-05-16 13:15:00
USD,1.0,Manufacturing Production (MoM) (Apr),-0.30%,0.10%,0.20%,2024-05-16 13:15:00
USD,2.0,Fed Vice Chair for Supervision Barr Speaks,,,,2024-05-16 14:00:00
USD,2.0,FOMC Member Harker Speaks,,,,2024-05-16 14:30:00
USD,1.0,Natural Gas Storage,70B,76B,79B,2024-05-16 14:30:00
USD,2.0,Atlanta Fed GDPNow (Q2),3.60%,3.80%,3.80%,2024-05-16 14:30:00
USD,1.0,4-Week Bill Auction,5.27%,,5.27%,2024-05-16 15:30:00
USD,1.0,8-Week Bill Auction,5.27%,,5.28%,2024-05-16 15:30:00
USD,2.0,FOMC Member Mester Speaks,,,,2024-05-16 15:30:00
USD,2.0,FOMC Member Bostic Speaks,,,,2024-05-16 19:50:00
USD,2.0,Fed's Balance Sheet,"7,304B",,"7,353B",2024-05-16 20:30:00
USD,1.0,Reserve Balances with Federal Reserve Banks,3.416T,,3.331T,2024-05-16 20:30:00
USD,2.0,US Leading Index (MoM) (Apr),-0.60%,-0.30%,-0.30%,2024-05-17 14:00:00
USD,2.0,Fed Waller Speaks,,,,2024-05-17 14:15:00
USD,2.0,FOMC Member Daly Speaks,,,,2024-05-17 16:15:00
USD,2.0,U.S. Baker Hughes Oil Rig Count,497,,496,2024-05-17 17:00:00
USD,2.0,U.S. Baker Hughes Total Rig Count,604,,603,2024-05-17 17:00:00
USD,1.0,CFTC Wheat speculative net positions,-5.4K,,-17.8K,2024-05-17 19:30:00
USD,1.0,CFTC Natural Gas speculative net positions,-116.6K,,-135.8K,2024-05-17 19:30:00
USD,1.0,CFTC Soybeans speculative net positions,-66.0K,,-60.0K,2024-05-17 19:30:00
USD,1.0,CFTC Silver speculative net positions,59.5K,,53.7K,2024-05-17 19:30:00
USD,2.0,CFTC Nasdaq 100 speculative net positions,3.2K,,4.4K,2024-05-17 19:30:00
USD,2.0,CFTC S&P 500 speculative net positions,-25.3K,,-9.7K,2024-05-17 19:30:00
USD,2.0,CFTC Crude Oil speculative net positions,203.0K,,215.4K,2024-05-17 19:30:00
USD,1.0,CFTC Corn speculative net positions,0.2K,,-31.4K,2024-05-17 19:30:00
USD,1.0,CFTC Copper speculative net positions,61.8K,,62.6K,2024-05-17 19:30:00
USD,1.0,CFTC Aluminium speculative net positions,1.3K,,1.3K,2024-05-17 19:30:00
USD,2.0,CFTC Gold speculative net positions,204.5K,,199.6K,2024-05-17 19:30:00
USD,3.0,Fed Chair Powell Speaks,,,,2024-05-19 19:30:00
USD,2.0,FOMC Member Bostic Speaks,,,,2024-05-20 12:45:00
USD,2.0,Fed Waller Speaks,,,,2024-05-20 13:00:00
USD,2.0,Fed Vice Chair for Supervision Barr Speaks,,,,2024-05-20 13:00:00
USD,1.0,Fed Governor Jefferson Speaks,,,,2024-05-20 14:30:00
USD,1.0,3-Month Bill Auction,,,5.25%,2024-05-20 15:30:00
USD,1.0,6-Month Bill Auction,,,5.17%,2024-05-20 15:30:00
USD,2.0,FOMC Member Bostic Speaks,,,,2024-05-20 23:00:00
USD,3.0,Fed Chair Yellen Speaks,,,,2024-05-21 08:00:00
USD,2.0,Fed Governor Kroszner Speaks,,,,2024-05-21 08:20:00
USD,1.0,Redbook (YoY),,,6.30%,2024-05-21 12:55:00
USD,2.0,Fed Waller Speaks,,,,2024-05-21 13:00:00
USD,1.0,FOMC Member Barkin Speaks,,,,2024-05-21 13:00:00
USD,2.0,FOMC Member Williams Speaks,,,,2024-05-21 13:05:00
USD,2.0,FOMC Member Bostic Speaks,,,,2024-05-21 13:10:00
USD,2.0,Fed Vice Chair for Supervision Barr Speaks,,,,2024-05-21 15:45:00
USD,2.0,API Weekly Crude Oil Stock,,,-3.104M,2024-05-21 20:30:00
USD,1.0,Fed Collins Speaks,,,,2024-05-21 23:00:00
USD,2.0,FOMC Member Bostic Speaks,,,,2024-05-21 23:00:00
USD,2.0,FOMC Member Mester Speaks,,,,2024-05-21 23:00:00
USD,1.0,Mortgage Refinance Index,,,499.9,2024-05-22 11:00:00
USD,1.0,Mortgage Market Index,,,198.1,2024-05-22 11:00:00
USD,1.0,MBA Purchase Index,,,141.7,2024-05-22 11:00:00
USD,1.0,MBA Mortgage Applications (WoW),,,0.50%,2024-05-22 11:00:00
USD,1.0,MBA 30-Year Mortgage Rate,,,7.08%,2024-05-22 11:00:00
USD,2.0,Existing Home Sales (MoM) (Apr),,,-4.30%,2024-05-22 14:00:00
USD,3.0,Existing Home Sales (Apr),,4.18M,4.19M,2024-05-22 14:00:00
USD,1.0,EIA Weekly Refinery Utilization Rates (WoW),,,1.90%,2024-05-22 14:30:00
USD,1.0,Gasoline Inventories,,,-0.235M,2024-05-22 14:30:00
USD,1.0,Heating Oil Stockpiles,,,-0.680M,2024-05-22 14:30:00
USD,1.0,Gasoline Production,,,0.203M,2024-05-22 14:30:00
USD,1.0,EIA Weekly Distillates Stocks,,,-0.045M,2024-05-22 14:30:00
USD,1.0,EIA Refinery Crude Runs (WoW),,,0.307M,2024-05-22 14:30:00
USD,2.0,Cushing Crude Oil Inventories,,,-0.341M,2024-05-22 14:30:00
USD,3.0,Crude Oil Inventories,,,-2.508M,2024-05-22 14:30:00
USD,1.0,Distillate Fuel Production,,,0.021M,2024-05-22 14:30:00
USD,1.0,Crude Oil Imports,,,0.108M,2024-05-22 14:30:00
USD,2.0,20-Year Bond Auction,,,4.82%,2024-05-22 17:00:00
USD,3.0,FOMC Meeting Minutes,,,,2024-05-22 18:00:00
USD,2.0,Building Permits,,1.440M,1.467M,2024-05-23 12:30:00
USD,1.0,Building Permits (MoM),,-3.00%,-3.70%,2024-05-23 12:30:00
USD,1.0,Chicago Fed National Activity (Apr),,,0.15,2024-05-23 12:30:00
USD,2.0,Continuing Jobless Claims,,,"1,794K",2024-05-23 12:30:00
USD,3.0,Initial Jobless Claims,,220K,222K,2024-05-23 12:30:00
USD,1.0,Jobless Claims 4-Week Avg.,,,217.75K,2024-05-23 12:30:00
USD,3.0,S&P Global US Manufacturing PMI (May),,,50,2024-05-23 13:45:00
USD,2.0,S&P Global Composite PMI (May),,,51.3,2024-05-23 13:45:00
USD,3.0,S&P Global Services PMI (May),,,51.3,2024-05-23 13:45:00
USD,2.0,New Home Sales (MoM) (Apr),,,8.80%,2024-05-23 14:00:00
USD,3.0,New Home Sales (Apr),,680K,693K,2024-05-23 14:00:00
USD,1.0,Natural Gas Storage,,,70B,2024-05-23 14:30:00
USD,1.0,KC Fed Composite Index (May),,,-8,2024-05-23 15:00:00
USD,1.0,KC Fed Manufacturing Index (May),,,-13,2024-05-23 15:00:00
USD,1.0,4-Week Bill Auction,,,5.27%,2024-05-23 15:30:00
USD,1.0,8-Week Bill Auction,,,5.27%,2024-05-23 15:30:00
USD,2.0,10-Year TIPS Auction,,,1.93%,2024-05-23 17:00:00
USD,2.0,FOMC Member Bostic Speaks,,,,2024-05-23 19:00:00
USD,2.0,Fed's Balance Sheet,,,"7,304B",2024-05-23 20:30:00
USD,1.0,Reserve Balances with Federal Reserve Banks,,,3.416T,2024-05-23 20:30:00
USD,1.0,Durables Excluding Transport (MoM),,,0.20%,2024-05-24 12:30:00
USD,2.0,Core Durable Goods Orders (MoM) (Apr),,,0.20%,2024-05-24 12:30:00
USD,3.0,Durable Goods Orders (MoM) (Apr),,0.50%,2.60%,2024-05-24 12:30:00
USD,1.0,Durables Excluding Defense (MoM) (Apr),,,2.30%,2024-05-24 12:30:00
USD,1.0,Goods Orders Non Defense Ex Air (MoM) (Apr),,,0.20%,2024-05-24 12:30:00
USD,2.0,Fed Waller Speaks,,,,2024-05-24 13:35:00
USD,2.0,Michigan 1-Year Inflation Expectations (May),,3.50%,3.20%,2024-05-24 14:00:00
USD,2.0,Michigan 5-Year Inflation Expectations (May),,3.10%,3.00%,2024-05-24 14:00:00
USD,2.0,Michigan Consumer Expectations (May),,66.5,76,2024-05-24 14:00:00
USD,2.0,Michigan Consumer Sentiment (May),,67.4,77.2,2024-05-24 14:00:00
USD,1.0,Michigan Current Conditions (May),,68.8,79,2024-05-24 14:00:00
USD,2.0,Atlanta Fed GDPNow (Q2),,3.60%,3.60%,2024-05-24 14:30:00
USD,2.0,U.S. Baker Hughes Oil Rig Count,,,,2024-05-24 17:00:00
USD,2.0,U.S. Baker Hughes Total Rig Count,,,,2024-05-24 17:00:00
USD,1.0,CFTC Wheat speculative net positions,,,-5.4K,2024-05-24 19:30:00
USD,1.0,CFTC Soybeans speculative net positions,,,-66.0K,2024-05-24 19:30:00
USD,1.0,CFTC Silver speculative net positions,,,59.5K,2024-05-24 19:30:00
USD,2.0,CFTC S&P 500 speculative net positions,,,-25.3K,2024-05-24 19:30:00
USD,2.0,CFTC Nasdaq 100 speculative net positions,,,3.2K,2024-05-24 19:30:00
USD,1.0,CFTC Natural Gas speculative net positions,,,-116.6K,2024-05-24 19:30:00
USD,2.0,CFTC Crude Oil speculative net positions,,,203.0K,2024-05-24 19:30:00
USD,1.0,CFTC Corn speculative net positions,,,0.2K,2024-05-24 19:30:00
USD,1.0,CFTC Copper speculative net positions,,,61.8K,2024-05-24 19:30:00
USD,1.0,CFTC Aluminium speculative net positions,,,1.3K,2024-05-24 19:30:00
USD,2.0,CFTC Gold speculative net positions,,,204.5K,2024-05-24 19:30:00
USD,1.0,House Price Index (YoY) (Mar),,,7.00%,2024-05-28 13:00:00
USD,1.0,House Price Index (MoM) (Mar),,,1.20%,2024-05-28 13:00:00
USD,1.0,House Price Index (Mar),,,423,2024-05-28 13:00:00
USD,1.0,S&P/CS HPI Composite - 20 s.a. (MoM) (Mar),,,0.60%,2024-05-28 13:00:00
USD,2.0,S&P/CS HPI Composite - 20 n.s.a. (MoM) (Mar),,,0.90%,2024-05-28 13:00:00
USD,2.0,S&P/CS HPI Composite - 20 n.s.a. (YoY) (Mar),,,7.30%,2024-05-28 13:00:00
USD,3.0,CB Consumer Confidence (May),,,97,2024-05-28 14:00:00
USD,1.0,Dallas Fed Mfg Business Index (May),,,-14.5,2024-05-28 14:30:00
USD,1.0,M2 Money Supply (MoM),,,20.84T,2024-05-28 17:00:00
USD,1.0,Richmond Services Index (May),,,-13,2024-05-29 14:00:00
USD,1.0,Richmond Manufacturing Index (May),,,-7,2024-05-29 14:00:00
USD,1.0,Richmond Manufacturing Shipments (May),,,-10,2024-05-29 14:00:00
USD,1.0,Dallas Fed Services Revenues (May),,,0.3,2024-05-29 14:30:00
USD,1.0,Texas Services Sector Outlook (May),,,-10.6,2024-05-29 14:30:00
USD,2.0,Core PCE Prices (Q1),,,3.70%,2024-05-30 12:30:00
USD,1.0,Corporate Profits (QoQ) (Q1),,,3.70%,2024-05-30 12:30:00
USD,3.0,GDP (QoQ) (Q1),,,1.60%,2024-05-30 12:30:00
USD,2.0,GDP Price Index (QoQ) (Q1),,,3.10%,2024-05-30 12:30:00
USD,1.0,GDP Sales (Q1),,,2.00%,2024-05-30 12:30:00
USD,2.0,Goods Trade Balance (Apr),,,-91.54B,2024-05-30 12:30:00
USD,1.0,PCE Prices (Q1),,,3.40%,2024-05-30 12:30:00
USD,1.0,Real Consumer Spending (Q1),,,2.50%,2024-05-30 12:30:00
USD,2.0,Retail Inventories Ex Auto (Apr),,,-0.20%,2024-05-30 12:30:00
USD,1.0,Pending Home Sales Index (Apr),,,78.2,2024-05-30 14:00:00
USD,2.0,Pending Home Sales (MoM) (Apr),,,3.40%,2024-05-30 14:00:00
USD,3.0,Core PCE Price Index (MoM) (Apr),,,0.30%,2024-05-31 12:30:00
USD,3.0,Core PCE Price Index (YoY) (Apr),,,2.80%,2024-05-31 12:30:00
USD,2.0,PCE Price index (YoY) (Apr),,,2.70%,2024-05-31 12:30:00
USD,2.0,PCE price index (MoM) (Apr),,,0.30%,2024-05-31 12:30:00
USD,1.0,Personal Income (MoM) (Apr),,,0.50%,2024-05-31 12:30:00
USD,2.0,Personal Spending (MoM) (Apr),,,0.80%,2024-05-31 12:30:00
USD,1.0,Real Personal Consumption (MoM) (Apr),,,0.50%,2024-05-31 12:30:00
USD,1.0,Dallas Fed PCE (Apr),,,2.90%,2024-05-31 13:00:00
USD,3.0,Chicago PMI (May),,,37.9,2024-05-31 13:45:00
USD,2.0,Atlanta Fed GDPNow (Q2),,,,2024-05-31 14:30:00
USD,3.0,S&P Global US Manufacturing PMI (May),,,,2024-06-03 13:45:00
USD,3.0,ISM Manufacturing Prices (May),,,60.9,2024-06-03 14:00:00
USD,1.0,ISM Manufacturing New Orders Index (May),,,49.1,2024-06-03 14:00:00
USD,3.0,ISM Manufacturing PMI (May),,,49.2,2024-06-03 14:00:00
USD,2.0,Construction Spending (MoM) (Apr),,,-0.20%,2024-06-03 14:00:00
USD,2.0,ISM Manufacturing Employment (May),,,48.6,2024-06-03 14:00:00
USD,1.0,Durables Excluding Defense (MoM) (Apr),,,2.30%,2024-06-04 14:00:00
USD,1.0,Durables Excluding Transport (MoM) (Apr),,,,2024-06-04 14:00:00
USD,2.0,Factory Orders (MoM) (Apr),,,0.80%,2024-06-04 14:00:00
USD,1.0,Factory orders ex transportation (MoM) (Apr),,,0.40%,2024-06-04 14:00:00
USD,3.0,JOLTs Job Openings (Apr),,,8.488M,2024-06-04 14:00:00
USD,3.0,ADP Nonfarm Employment Change (May),,,192K,2024-06-05 12:15:00
USD,2.0,S&P Global Composite PMI (May),,,,2024-06-05 13:45:00
USD,3.0,S&P Global Services PMI (May),,,,2024-06-05 13:45:00
USD,3.0,ISM Non-Manufacturing Prices (May),,,59.2,2024-06-05 14:00:00
USD,3.0,ISM Non-Manufacturing PMI (May),,,49.4,2024-06-05 14:00:00
USD,2.0,ISM Non-Manufacturing Employment (May),,,45.9,2024-06-05 14:00:00
USD,1.0,ISM Non-Manufacturing Business Activity (May),,,50.9,2024-06-05 14:00:00
USD,1.0,ISM Non-Manufacturing New Orders (May),,,52.2,2024-06-05 14:00:00
USD,1.0,Challenger Job Cuts (May),,,64.789K,2024-06-06 11:30:00
USD,2.0,Nonfarm Productivity (QoQ) (Q1),,,0.30%,2024-06-06 12:30:00
USD,2.0,Trade Balance (Apr),,,-69.40B,2024-06-06 12:30:00
USD,2.0,Unit Labor Costs (QoQ) (Q1),,,4.70%,2024-06-06 12:30:00
USD,3.0,Nonfarm Payrolls (May),,,175K,2024-06-07 12:30:00
USD,2.0,Private Nonfarm Payrolls (May),,,167K,2024-06-07 12:30:00
USD,2.0,Participation Rate (May),,,62.70%,2024-06-07 12:30:00
USD,1.0,Manufacturing Payrolls (May),,,8K,2024-06-07 12:30:00
USD,2.0,U6 Unemployment Rate (May),,,7.40%,2024-06-07 12:30:00
USD,1.0,Average Weekly Hours (May),,,34.3,2024-06-07 12:30:00
USD,3.0,Average Hourly Earnings (MoM) (May),,,0.20%,2024-06-07 12:30:00
USD,2.0,Average Hourly Earnings (YoY) (YoY) (May),,,3.90%,2024-06-07 12:30:00
USD,1.0,Government Payrolls (May),,,8.0K,2024-06-07 12:30:00
USD,3.0,Unemployment Rate (May),,,3.90%,2024-06-07 12:30:00
USD,1.0,Wholesale Trade Sales (MoM) (Apr),,,-1.30%,2024-06-07 14:00:00
USD,1.0,Wholesale Inventories (MoM) (Apr),,,-0.40%,2024-06-07 14:00:00
USD,2.0,Consumer Credit (Apr),,,6.27B,2024-06-07 19:00:00
USD,2.0,OPEC Monthly Report,,,,2024-06-11 11:00:00
USD,3.0,Fed Interest Rate Decision,,,5.50%,2024-06-12 18:00:00
